{"type":"FeatureCollection","crs":{"type":"name","properties":{"name":"EPSG:3857"}},"features":[{"type":"Feature","id":1,"geometry":{"type":"Polygon","coordinates":[[[-13586858.6193155,4435970.71726655],[-13586858.1589181,4435989.60589891],[-13586843.7682505,4435985.14321113],[-13586820.5297377,4435978.67942488],[-13586805.3983368,4435971.93636359],[-13586803.1531206,4435970.83842406],[-13586806.8478015,4435962.94372977],[-13586788.7373064,4435954.39513523],[-13586788.6154282,4435946.2664206],[-13586808.0459996,4435945.94622897],[-13586807.9252746,4435938.63764519],[-13586828.5934161,4435938.57909345],[-13586828.8835058,4435948.52448662],[-13586838.0866836,4435958.09294425],[-13586847.5699247,4435963.1104584],[-13586856.4168016,4435969.19216605],[-13586858.6193155,4435970.71726655]]]},"properties":{"NAME":"Granary","LOT":"118","F10_MIN":0,"F15_MIN":0,"F20_MIN":2,"F3_HOUR":0,"PERMIT_SPACES":22,"ENFORCEMENT":"Mon-Fri, 7:00am-5:00pm","PERMITS_ACCEPTED":"A, MC, RMC, N, NC, ADA","ObjectId":1}},{"type":"Feature","id":3,"geometry":{"type":"Polygon","coordinates":[[[-13586740.8195895,4436492.36764091],[-13586740.00855,4436490.8913498],[-13586737.4542092,4436485.74728857],[-13586736.3367082,4436483.62118387],[-13586734.8572558,4436480.51389558],[-13586732.1869528,4436475.15476127],[-13586729.9380522,4436470.75723573],[-13586727.5338011,4436465.63743182],[-13586726.2660147,4436463.11083615],[-13586725.050246,4436460.48567095],[-13586723.0385467,4436456.53403904],[-13586721.6476078,4436453.54634516],[-13586719.0124499,4436447.70967161],[-13586725.7586568,4436443.46163016],[-13586729.7468833,4436441.16887897],[-13586737.6404872,4436436.54921318],[-13586738.4640366,4436436.0722224],[-13586755.391855,4436425.92249329],[-13586766.0681977,4436419.31960082],[-13586768.3914739,4436417.85465952],[-13586772.51568,4436415.58914408],[-13586776.4778524,4436413.18893911],[-13586777.4073488,4436415.15979725],[-13586780.5338407,4436421.39062095],[-13586782.3565538,4436425.15700273],[-13586783.8647938,4436428.18982019],[-13586784.5819615,4436429.91054015],[-13586784.7198519,4436430.25673561],[-13586785.2734685,4436431.37223357],[-13586787.0315419,4436435.01021894],[-13586788.5894254,4436438.13376159],[-13586790.0847956,4436441.84833535],[-13586785.0710565,4436444.88130079],[-13586784.8345063,4436445.33771709],[-13586784.8324005,4436445.67205428],[-13586784.9407815,4436445.95017348],[-13586785.2530024,4436446.41854613],[-13586785.5882198,4436446.77263184],[-13586785.9761006,4436447.06731855],[-13586786.4066384,4436447.2948612],[-13586786.8682283,4436447.44917395],[-13586787.3485468,4436447.52606667],[-13586787.8350576,4436447.52361328],[-13586788.3146323,4436447.44190691],[-13586788.7746739,4436447.28291557],[-13586790.1877762,4436446.28145948],[-13586792.9471609,4436452.09645433],[-13586792.6834942,4436452.15271264],[-13586792.1400881,4436452.26876215],[-13586791.4963294,4436452.54735543],[-13586790.8003145,4436452.9781469],[-13586790.2020135,4436453.47273937],[-13586789.037843,4436454.35865695],[-13586785.5592053,4436457.08424433],[-13586779.5951169,4436461.83620265],[-13586775.8446981,4436464.69491321],[-13586772.6408491,4436467.25818885],[-13586770.0088437,4436469.36787623],[-13586766.0899749,4436472.41538005],[-13586762.4748415,4436475.30398447],[-13586758.8396463,4436478.26513302],[-13586749.2821405,4436486.08679424],[-13586748.37687,4436486.84017711],[-13586748.0046165,4436487.31015699],[-13586747.4619765,4436487.78322579],[-13586747.1678989,4436488.0500909],[-13586746.9547658,4436488.24364851],[-13586745.8062503,4436489.39654516],[-13586743.1730587,4436491.85913965],[-13586741.385289,4436493.43497358],[-13586740.8195895,4436492.36764091]],[[-13586751.415433,4436476.7428908],[-13586753.2221913,4436475.42368495],[-13586754.3558106,4436474.53501338],[-13586755.4427258,4436473.64259864],[-13586756.2911463,4436472.8845117],[-13586757.0792773,4436472.26167753],[-13586759.6597216,4436470.04321745],[-13586759.9395913,4436469.77169133],[-13586760.3327739,4436468.69881434],[-13586760.5273145,4436467.64444162],[-13586760.3763287,4436467.38360822],[-13586759.9115556,4436467.21829569],[-13586759.03828,4436467.48589132],[-13586756.1325929,4436468.84110789],[-13586755.3645839,4436469.16798347],[-13586754.6971906,4436467.78826388],[-13586754.086346,4436466.56169332],[-13586753.4563614,4436465.29676198],[-13586752.8305121,4436464.03992481],[-13586751.3001003,4436460.96664732],[-13586750.4809,4436459.32171351],[-13586749.2233846,4436456.79645801],[-13586748.2063049,4436454.75421004],[-13586746.9366353,4436452.20466909],[-13586744.1520862,4436446.64375926],[-13586741.4909121,4436441.26929703],[-13586743.3982025,4436440.18489572],[-13586744.2735224,4436439.71558176],[-13586747.4080206,4436437.67791099],[-13586746.8117521,4436436.9628513],[-13586746.1067146,4436436.64280333],[-13586745.0715936,4436436.66569412],[-13586744.1489864,4436437.08832521],[-13586743.1248681,4436437.73970084],[-13586738.0578083,4436440.60361642],[-13586734.9084236,4436442.38358527],[-13586733.8755554,4436443.18668472],[-13586732.9728817,4436444.13505042],[-13586732.8538375,4436444.41519934],[-13586732.7814418,4436444.7108972],[-13586732.7576955,4436445.01457571],[-13586732.7829637,4436445.31806588],[-13586732.856866,4436445.61346232],[-13586732.9772716,4436445.89288878],[-13586733.141062,4436446.14923897],[-13586733.3439957,4436446.37555083],[-13586738.404981,4436443.32524645],[-13586738.867421,4436443.04641124],[-13586746.4363272,4436458.31584132],[-13586747.3319317,4436460.15779871],[-13586748.0326231,4436461.72910553],[-13586749.5131644,4436464.88710395],[-13586749.9899172,4436465.98994783],[-13586750.3358798,4436466.76003945],[-13586750.683655,4436467.48087226],[-13586751.1947111,4436468.60888962],[-13586751.8647512,4436469.97475128],[-13586752.4726276,4436471.24118173],[-13586752.9544699,4436472.12969616],[-13586753.6346229,4436473.45671004],[-13586752.2841654,4436474.2993875],[-13586751.1735603,4436474.93851804],[-13586749.9588331,4436475.65586295],[-13586749.1654822,4436476.07621765],[-13586748.8118281,4436476.30187872],[-13586748.6683648,4436476.76164292],[-13586749.6680459,4436477.03069556],[-13586750.5090671,4436477.02095815],[-13586751.415433,4436476.7428908]],[[-13586762.3047259,4436437.78080306],[-13586763.7685793,4436440.85957619],[-13586765.3465705,4436444.11829314],[-13586767.3109956,4436448.02322945],[-13586768.2288395,4436449.84873821],[-13586768.9577032,4436451.56600279],[-13586770.3676434,4436454.64341662],[-13586771.0803827,4436456.16416157],[-13586771.4335258,4436456.91466679],[-13586771.1109108,4436457.2706689],[-13586769.5873808,4436458.12012334],[-13586768.4142124,4436458.78692054],[-13586767.1606285,4436459.5060439],[-13586766.3218435,4436460.01456201],[-13586766.0120806,4436460.27804632],[-13586766.8304339,4436461.0916321],[-13586767.5482962,4436461.55965405],[-13586768.4563614,4436461.73290348],[-13586769.2973814,4436461.72316455],[-13586770.2037454,4436461.44509596],[-13586771.9173294,4436460.11011021],[-13586773.1773349,4436459.02266926],[-13586774.1135557,4436458.22042106],[-13586775.1218281,4436457.45000102],[-13586775.8204689,4436456.94344002],[-13586778.4975667,4436455.02790753],[-13586778.7774355,4436454.75638128],[-13586779.1188439,4436453.69089784],[-13586779.365029,4436452.62913561],[-13586779.2901428,4436452.29695981],[-13586778.9247721,4436452.39610321],[-13586778.2386867,4436452.85272414],[-13586775.2873187,4436454.52316549],[-13586774.7674336,4436454.86713252],[-13586774.4287979,4436454.97236077],[-13586774.0386405,4436454.72153986],[-13586773.3581675,4436453.44338682],[-13586772.5366796,4436451.91754679],[-13586771.0754023,4436448.77543479],[-13586768.2992793,4436443.03644155],[-13586761.8516123,4436429.56806926],[-13586767.522615,4436425.779591],[-13586767.2916822,4436425.32681845],[-13586767.034669,4436425.04389154],[-13586766.7124211,4436424.83903349],[-13586766.2282781,4436424.68949126],[-13586765.5324533,4436424.66227623],[-13586764.969143,4436424.74663196],[-13586764.4271,4436424.92243445],[-13586758.3407291,4436428.44782588],[-13586753.5938223,4436431.3286424],[-13586753.3232457,4436431.52679777],[-13586753.0884978,4436431.76680341],[-13586752.8959714,4436432.04202255],[-13586752.7507967,4436432.34508594],[-13586752.6569685,4436432.66801532],[-13586752.6169668,4436433.00197859],[-13586752.6317675,4436433.33791753],[-13586752.7012254,4436433.66704374],[-13586752.8231912,4436433.98035107],[-13586752.9945236,4436434.26935218],[-13586759.0429877,4436431.10602094],[-13586762.3047259,4436437.78080306]]]},"properties":{"NAME":"Campus Facilities","LOT":"116","F10_MIN":0,"F15_MIN":0,"F20_MIN":0,"F3_HOUR":0,"PERMIT_SPACES":57,"ENFORCEMENT":"Mon-Fri, 7:00am-5:00pm","PERMITS_ACCEPTED":"A, N, NC, MC, Parkmobile","ObjectId":3}},{"type":"Feature","id":4,"geometry":{"type":"Polygon","coordinates":[[[-13587132.4714078,4437055.49409618],[-13587131.8557352,4437055.28019407],[-13587131.2129455,4437055.17324522],[-13587130.5613494,4437055.1764605],[-13587129.9197018,4437055.28965244],[-13587129.3060804,4437055.50950515],[-13587128.738017,4437055.82994885],[-13587127.9644804,4437051.07921776],[-13587126.8381551,4437047.38544242],[-13587127.4247265,4437047.25395472],[-13587127.9834085,4437047.03162837],[-13587128.5004072,4437046.72371723],[-13587129.1912333,4437046.22715658],[-13587129.7960768,4437045.62804236],[-13587130.2997972,4437044.9409446],[-13587130.6899234,4437044.18302618],[-13587130.9568865,4437043.37303423],[-13587132.1120334,4437038.15381541],[-13587140.4868627,4437039.77492046],[-13587148.7870684,4437041.74540089],[-13587147.6634548,4437046.82180326],[-13587147.5778191,4437047.20866942],[-13587147.5798192,4437047.58641165],[-13587147.6388923,4437047.95955903],[-13587147.7533927,4437048.31934771],[-13587147.9210579,4437048.65752651],[-13587148.1376335,4437048.96637982],[-13587148.3983734,4437049.23870265],[-13587148.6971706,4437049.46819181],[-13587149.0566212,4437049.6298544],[-13587155.0812209,4437052.33873682],[-13587161.1473893,4437055.83625815],[-13587166.8348192,4437059.92560295],[-13587172.0864339,4437064.56577827],[-13587176.8494404,4437069.71019369],[-13587181.0763401,4437075.30727241],[-13587177.1140288,4437079.94505456],[-13587177.3608789,4437083.70689624],[-13587175.5853127,4437083.89189713],[-13587174.4384944,4437084.68769759],[-13587170.5329353,4437087.00524863],[-13587166.9172676,4437081.75400444],[-13587162.6760325,4437076.99798534],[-13587157.8758721,4437072.81205967],[-13587152.5922798,4437069.26190544],[-13587146.9079625,4437066.40328431],[-13587140.9123221,4437064.28092001],[-13587140.3681007,4437064.11518256],[-13587137.9911248,4437063.3913958],[-13587134.035573,4437062.75612565],[-13587134.1550075,4437058.97097075],[-13587134.1859804,4437058.38670943],[-13587134.118964,4437057.80559088],[-13587133.9557308,4437057.24403784],[-13587133.7009203,4437056.71792285],[-13587133.3619079,4437056.24219364],[-13587132.9481714,4437055.83038134],[-13587132.4714078,4437055.49409618]]]},"properties":{"NAME":"Agroecology","LOT":"168","F10_MIN":0,"F15_MIN":0,"F20_MIN":0,"F3_HOUR":0,"PERMIT_SPACES":15,"ENFORCEMENT":"Mon-Fri, 7:00am-8:30pm","PERMITS_ACCEPTED":"A, N, ADA, Parkmobile","ObjectId":4}},{"type":"Feature","id":5,"geometry":{"type":"Polygon","coordinates":[[[-13587120.0799588,4438452.53686684],[-13587119.9943197,4438452.19878045],[-13587119.8184956,4438451.89787172],[-13587119.4837844,4438451.57888976],[-13587119.1752106,4438451.41849002],[-13587118.8345193,4438451.35031945],[-13587118.3747878,4438451.38951998],[-13587117.9539475,4438451.57955344],[-13587117.6194166,4438451.89877762],[-13587117.4439224,4438452.19977214],[-13587114.6495414,4438457.12272784],[-13587103.1087838,4438450.16239532],[-13587104.685991,4438447.22714128],[-13587104.9151339,4438446.96356189],[-13587105.1212,4438446.52225698],[-13587105.1689512,4438446.08233819],[-13587105.072753,4438445.62761367],[-13587104.8360152,4438445.22811519],[-13587104.4840783,4438444.92625177],[-13587104.1679688,4438444.77904058],[-13587103.8240972,4438444.72272968],[-13587103.4762333,4438444.7426032],[-13587097.950463,4438443.88322391],[-13587102.8373967,4438420.5786075],[-13587108.0937054,4438421.79769489],[-13587108.4963624,4438421.78620168],[-13587109.0046204,4438421.61857542],[-13587109.425875,4438421.28735407],[-13587109.709877,4438420.83206314],[-13587109.8176128,4438420.44214055],[-13587109.8102928,4438420.03755816],[-13587109.6484856,4438419.52552272],[-13587109.3230043,4438419.09911934],[-13587108.9968951,4438418.86151319],[-13587103.4712125,4438417.37171817],[-13587106.1455228,4438407.2788143],[-13587108.1444446,4438399.58873657],[-13587111.7176984,4438385.84278586],[-13587117.2006429,4438386.99552991],[-13587117.7070727,4438386.89136542],[-13587118.1141292,4438386.53362762],[-13587118.412187,4438385.34820558],[-13587118.3677611,4438384.5832516],[-13587117.9795343,4438384.15915323],[-13587112.4297685,4438382.80014935],[-13587115.7755013,4438369.98323025],[-13587121.8921085,4438371.18581043],[-13587123.7501769,4438370.46346179],[-13587130.1111502,4438362.85295815],[-13587131.2157131,4438362.41977024],[-13587132.4813051,4438362.11150998],[-13587133.7790584,4438361.83461665],[-13587135.7761528,4438361.57795354],[-13587137.4301123,4438361.70986469],[-13587139.339321,4438361.90132264],[-13587150.5881037,4438361.61532165],[-13587153.8318347,4438361.36359329],[-13587156.6769335,4438360.82233998],[-13587157.7178242,4438372.56909573],[-13587156.5778074,4438372.77955116],[-13587155.3196056,4438373.53434651],[-13587154.8871251,4438374.27523154],[-13587154.7690651,4438374.81956956],[-13587154.8103261,4438375.39315186],[-13587154.9812611,4438376.12408915],[-13587155.4983733,4438376.65782365],[-13587155.9138747,4438376.81040698],[-13587159.582881,4438377.76995636],[-13587158.8479191,4438380.80393341],[-13587158.0900152,4438383.93287575],[-13587157.2832889,4438387.26310158],[-13587156.5457557,4438390.30805185],[-13587155.7390284,4438393.63827957],[-13587154.9270315,4438396.99020054],[-13587154.484979,4438398.81523003],[-13587154.1782523,4438400.0811875],[-13587153.4717419,4438402.99813279],[-13587152.6227538,4438406.50303472],[-13587144.1527504,4438444.95409622],[-13587143.5800625,4438447.55392257],[-13587138.1478039,4438446.39770145],[-13587137.766458,4438446.36688738],[-13587137.3920716,4438446.44674246],[-13587136.9459869,4438446.69083216],[-13587136.6093721,4438447.07302069],[-13587136.4226175,4438447.54754096],[-13587136.4079193,4438448.05749938],[-13587137.8135248,4438453.15566187],[-13587122.0657578,4438458.30036213],[-13587120.0799588,4438452.53686684]],[[-13587123.3704721,4438441.99765836],[-13587124.852199,4438441.62926626],[-13587126.2526375,4438441.01943266],[-13587127.5331698,4438440.18500551],[-13587127.7106832,4438439.87757151],[-13587127.8346204,4438439.54465433],[-13587127.9013842,4438439.19560893],[-13587127.9092612,4438438.84026126],[-13587127.8577925,4438438.48866752],[-13587127.7486405,4438438.15059729],[-13587127.5848391,4438437.83554604],[-13587127.3709119,4438437.55235637],[-13587127.1129958,4438437.30909027],[-13587126.8182069,4438437.11253733],[-13587122.7902312,4438436.03184812],[-13587122.3335715,4438436.12814862],[-13587122.0242949,4438436.29559475],[-13587121.7747685,4438436.54419045],[-13587121.5503144,4438436.95502852],[-13587120.9706184,4438438.60261735],[-13587116.4316792,4438437.33714497],[-13587116.1502943,4438437.27037109],[-13587115.7667854,4438437.2902119],[-13587115.4937138,4438437.38570889],[-13587115.2579928,4438437.55406249],[-13587115.0662295,4438437.77129711],[-13587114.9423786,4438438.0338728],[-13587114.8816416,4438438.41459601],[-13587114.9509531,4438438.79390235],[-13587115.0805682,4438439.05350372],[-13587116.191202,4438440.10526302],[-13587117.4598746,4438440.95755858],[-13587118.8516817,4438441.58710756],[-13587120.328184,4438441.97621285],[-13587121.8484354,4438442.11437882],[-13587123.3704721,4438441.99765836]],[[-13587127.2000341,4438413.47941918],[-13587127.5048495,4438413.42032056],[-13587127.7949278,4438413.30959241],[-13587128.0619458,4438413.15063944],[-13587128.297851,4438412.94811787],[-13587128.4956121,4438412.70792299],[-13587128.649596,4438412.4373084],[-13587128.7550551,4438412.14414095],[-13587128.8088819,4438411.83713937],[-13587128.8096028,4438411.52549752],[-13587128.7571173,4438411.21826077],[-13587128.6529524,4438410.92457289],[-13587128.5002566,4438410.65329941],[-13587128.3034097,4438410.41215479],[-13587128.0684133,4438410.20857526],[-13587127.8022437,4438410.04847349],[-13587123.4867017,4438408.83668116],[-13587123.1107476,4438408.73104083],[-13587122.8004233,4438408.72931208],[-13587122.4943601,4438408.78102059],[-13587122.2016628,4438408.88463268],[-13587121.9309108,4438409.03711623],[-13587121.6902816,4438409.23381292],[-13587121.4866878,4438409.46920629],[-13587121.3262626,4438409.7360344],[-13587121.2138807,4438410.0265539],[-13587121.1526496,4438410.33204609],[-13587121.1444243,4438410.64368755],[-13587121.1895492,4438410.95205202],[-13587121.2866243,4438411.24811922],[-13587121.4327535,4438411.52314503],[-13587121.6236733,4438411.76891056],[-13587121.8537598,4438411.97809889],[-13587122.1160341,4438412.1446718],[-13587122.4029091,4438412.26360603],[-13587126.5829984,4438413.43734041],[-13587126.8897072,4438413.48510139],[-13587127.2000341,4438413.47941918]],[[-13587139.6426555,4438395.58558534],[-13587140.0798867,4438395.13163066],[-13587140.1296795,4438394.30129526],[-13587139.7957311,4438393.31797115],[-13587139.2500275,4438392.97613631],[-13587134.3069746,4438391.81439126],[-13587133.8328312,4438391.94992169],[-13587133.174345,4438392.47137716],[-13587132.9308327,4438393.1135219],[-13587132.9096309,4438393.75195589],[-13587133.1112655,4438394.41844875],[-13587133.5638045,4438394.8894551],[-13587138.4760307,4438396.11552346],[-13587139.6426555,4438395.58558534]],[[-13587137.4276777,4438374.58364281],[-13587137.6354425,4438374.11668824],[-13587138.2363037,4438372.0329021],[-13587142.3192262,4438373.0494813],[-13587142.9861567,4438373.03834831],[-13587144.1828286,4438372.41219738],[-13587144.9344773,4438371.76157125],[-13587145.1727096,4438370.80047627],[-13587144.4158702,4438369.21803915],[-13587143.3584602,4438368.66141974],[-13587142.1167082,4438368.49072459],[-13587140.8103834,4438368.25729934],[-13587137.662186,4438368.05461938],[-13587136.6185007,4438368.32727237],[-13587134.9770836,4438368.96084594],[-13587133.340014,4438369.84957817],[-13587132.6217069,4438370.5953586],[-13587131.9018141,4438371.24532809],[-13587131.6561908,4438371.75989101],[-13587131.4740847,4438372.27339373],[-13587131.6423788,4438372.84485553],[-13587131.9694659,4438373.41366683],[-13587132.5474547,4438373.78686644],[-13587136.7896961,4438374.83256699],[-13587137.4276777,4438374.58364281]]]},"properties":{"NAME":"East Field House","LOT":"103A","F10_MIN":1,"F15_MIN":0,"F20_MIN":0,"F3_HOUR":0,"PERMIT_SPACES":54,"ENFORCEMENT":"Daily, 7:45am-8:30pm","PERMITS_ACCEPTED":"A, N, NC, MC, ADA, Parkmobile","ObjectId":5}},{"type":"Feature","id":6,"geometry":{"type":"Polygon","coordinates":[[[-13588201.6023476,4437717.26074987],[-13588201.9998644,4437712.09047],[-13588193.4848193,4437709.43690299],[-13588192.5622535,4437709.05424984],[-13588191.8821455,4437708.81221411],[-13588191.1735363,4437708.65355192],[-13588190.6336779,4437708.59517195],[-13588189.9102575,4437708.59099323],[-13588200.2767941,4437696.00388774],[-13588199.7901767,4437697.51308496],[-13588199.5765339,4437698.27679368],[-13588199.3827392,4437699.04582101],[-13588199.3242918,4437699.4186991],[-13588199.3128126,4437699.79581231],[-13588199.3603162,4437700.17017655],[-13588199.5020976,4437700.65612147],[-13588199.7376322,4437701.11700498],[-13588199.9668365,4437701.43054242],[-13588200.1864393,4437701.64062252],[-13588200.5269737,4437701.85809146],[-13588200.8094526,4437701.96877208],[-13588201.107992,4437702.02253813],[-13588201.4111256,4437702.02925325],[-13588201.7099008,4437701.97701036],[-13588202.086664,4437701.83164529],[-13588202.4196383,4437701.60261359],[-13588202.6570484,4437701.35747754],[-13588203.0284782,4437695.86736805],[-13588210.7627282,4437696.6413978],[-13588218.3171932,4437697.46353143],[-13588227.1039458,4437699.03299379],[-13588225.6403579,4437705.88133454],[-13588224.8222982,4437709.70887037],[-13588222.6852115,4437719.70861852],[-13588201.6023476,4437717.26074987]]]},"properties":{"NAME":"Oakes College","LOT":"161","F10_MIN":0,"F15_MIN":0,"F20_MIN":0,"F3_HOUR":0,"PERMIT_SPACES":12,"ENFORCEMENT":"Mon-Fri, 7:00am-8:30pm","PERMITS_ACCEPTED":"A, N, MC, ADA","ObjectId":6}},{"type":"Feature","id":7,"geometry":{"type":"Polygon","coordinates":[[[-13588213.9559864,4437749.94479385],[-13588211.7681417,4437749.59783654],[-13588209.5769144,4437749.27304099],[-13588207.3825566,4437748.97052857],[-13588205.1851933,4437748.69029717],[-13588203.7393633,4437748.52517722],[-13588202.2909216,4437748.38346231],[-13588200.8404955,4437748.26526753],[-13588199.3883329,4437748.17046309],[-13588197.9348108,4437748.09916827],[-13588196.4803066,4437748.05150232],[-13588195.0253161,4437748.02720572],[-13588193.5700935,4437748.0265254],[-13588192.0320965,4437748.04934039],[-13588190.4945925,4437748.09425227],[-13588188.9579565,4437748.16125474],[-13588187.4224365,4437748.25021805],[-13588185.8882868,4437748.36138911],[-13588184.3558782,4437748.49451051],[-13588182.8254607,4437748.64957804],[-13588181.2975365,4437748.82670887],[-13588179.7722287,4437749.02577535],[-13588177.1599425,4437749.38577521],[-13588176.2937464,4437744.35916065],[-13588175.8969872,4437743.79937267],[-13588175.3658942,4437743.36618331],[-13588174.7409001,4437743.08441011],[-13588173.955632,4437742.9035465],[-13588173.2752244,4437742.74126901],[-13588172.1167347,4437742.49043404],[-13588170.9533954,4437742.26379537],[-13588169.7855794,4437742.06122109],[-13588168.6139181,4437741.88307743],[-13588167.4386616,4437741.72936016],[-13588166.260685,4437741.60005461],[-13588165.0802425,4437741.49540768],[-13588163.89783,4437741.41515986],[-13588162.5250288,4437741.3546878],[-13588161.5293583,4437741.32857712],[-13588160.8953583,4437741.27956327],[-13588160.0481147,4437741.28977022],[-13588159.4155001,4437741.3540231],[-13588158.7910755,4437741.47453227],[-13588157.9764482,4437741.70863638],[-13588157.1911398,4437742.0286601],[-13588156.4443395,4437742.43068117],[-13588155.9129129,4437742.78123283],[-13588155.4143914,4437743.17770352],[-13588167.3521979,4437728.46043143],[-13588167.2635972,4437729.38846016],[-13588167.4315982,4437730.202407],[-13588167.7356438,4437731.00753835],[-13588168.1229869,4437731.79054725],[-13588168.4881442,4437732.33767767],[-13588169.0960557,4437732.99063064],[-13588169.6600009,4437733.42904577],[-13588170.2697741,4437733.74310226],[-13588171.273319,4437734.01688603],[-13588171.920696,4437734.05813865],[-13588172.5149752,4437733.99741754],[-13588173.0500069,4437733.86346249],[-13588173.6145219,4437733.61496872],[-13588174.1680693,4437733.15841651],[-13588174.5784818,4437732.57025409],[-13588174.7888706,4437732.00906312],[-13588174.8539814,4437731.41288335],[-13588174.5723006,4437728.24034498],[-13588175.2936098,4437728.05754394],[-13588176.0190874,4437727.89225665],[-13588176.7482313,4437727.74436596],[-13588177.4807956,4437727.61412718],[-13588178.2162823,4437727.50167427],[-13588179.6966049,4437727.30499659],[-13588181.1798168,4437727.13163152],[-13588182.6655409,4437726.98145979],[-13588184.1535271,4437726.85448561],[-13588185.6431502,4437726.75071946],[-13588187.1342875,4437726.67028901],[-13588188.6264366,4437726.61307709],[-13588190.1192267,4437726.57934112],[-13588192.3253264,4437726.5583685],[-13588194.5314482,4437726.56125875],[-13588196.737463,4437726.58776288],[-13588198.9431207,4437726.63788507],[-13588201.1480484,4437726.71175718],[-13588203.351996,4437726.80938342],[-13588205.2186447,4437726.91393025],[-13588207.0836839,4437727.04199071],[-13588208.946993,4437727.19381802],[-13588210.8083197,4437727.36929084],[-13588212.6671618,4437727.56829201],[-13588214.5235195,4437727.79082151],[-13588216.3767655,4437728.0367643],[-13588220.7218243,4437728.64163765],[-13588218.8439421,4437737.30231126],[-13588221.7083421,4437738.42892342],[-13588220.7350516,4437742.10471718],[-13588217.9729507,4437741.65399144],[-13588216.1401984,4437750.31391713],[-13588213.9559864,4437749.94479385]]]},"properties":{"NAME":"Oakes College","LOT":"160","F10_MIN":0,"F15_MIN":0,"F20_MIN":0,"F3_HOUR":0,"PERMIT_SPACES":20,"ENFORCEMENT":"Mon-Fri, 7:00am-8:30pm","PERMITS_ACCEPTED":"A, N, MC, Medical, Parkmobile","ObjectId":7}},{"type":"Feature","id":8,"geometry":{"type":"Polygon","coordinates":[[[-13588296.9699062,4437801.86348356],[-13588292.808224,4437796.33105185],[-13588292.0882314,4437795.39198591],[-13588291.3496005,4437794.46767712],[-13588290.5925875,4437793.55849798],[-13588289.8174489,4437792.66482096],[-13588289.0244431,4437791.78714412],[-13588288.2140722,4437790.92558461],[-13588287.3864696,4437790.08064257],[-13588286.5421418,4437789.25268629],[-13588282.8549978,4437785.69725498],[-13588279.1796561,4437782.12944216],[-13588275.5162436,4437778.54937133],[-13588273.9678687,4437777.34137488],[-13588272.4051735,4437776.15208203],[-13588270.8282893,4437774.98186736],[-13588269.2375913,4437773.83072456],[-13588267.6332086,4437772.69890264],[-13588266.0153933,4437771.58652295],[-13588264.3842726,4437770.49370894],[-13588262.7403507,4437769.42070333],[-13588261.0836298,4437768.36763167],[-13588259.4143641,4437767.33474086],[-13588257.7329265,4437766.32189904],[-13588256.0394504,4437765.32960635],[-13588254.3341839,4437764.35773301],[-13588252.617506,4437763.40652384],[-13588250.8894211,4437762.47622995],[-13588249.1504272,4437761.56671737],[-13588247.4006554,4437760.67836067],[-13588245.6403559,4437759.81115565],[-13588243.8697829,4437758.96534923],[-13588242.0891865,4437758.14093717],[-13588240.2989437,4437757.33803876],[-13588238.4991839,4437756.556903],[-13588236.690157,4437755.79752568],[-13588239.7029096,4437747.47936828],[-13588237.7500941,4437746.83444145],[-13588239.0826986,4437743.06217725],[-13588240.8114721,4437743.80129837],[-13588244.0008492,4437734.76502297],[-13588246.0257148,4437735.53860654],[-13588247.8664334,4437736.27119819],[-13588249.6983873,4437737.0256654],[-13588251.5213242,4437737.80188681],[-13588253.3348669,4437738.59974316],[-13588255.1390135,4437739.41910891],[-13588256.9332637,4437740.25999246],[-13588258.7174864,4437741.12201924],[-13588260.4914335,4437742.00531903],[-13588262.2548529,4437742.90977046],[-13588264.0073633,4437743.83500317],[-13588265.7489668,4437744.78114271],[-13588267.479157,4437745.74782084],[-13588269.1978109,4437746.73516519],[-13588270.9047974,4437747.74280122],[-13588272.5997412,4437748.77073522],[-13588274.2823882,4437749.81872029],[-13588275.9526134,4437750.88675854],[-13588277.6100354,4437751.97447958],[-13588274.2781343,4437757.29594725],[-13588274.4703106,4437758.12669552],[-13588274.9524298,4437758.60014144],[-13588275.4692508,4437758.75435965],[-13588276.0029941,4437758.67819615],[-13588276.5494052,4437758.28141676],[-13588287.3827761,4437743.0989844],[-13588287.6757571,4437742.39862078],[-13588287.9752827,4437741.91844751],[-13588287.4619918,4437741.56321279],[-13588287.029503,4437740.97602096],[-13588286.5160042,4437740.69087385],[-13588285.8377555,4437740.62075696],[-13588285.1865529,4437740.82286053],[-13588284.2218539,4437741.91268881],[-13588283.7273241,4437742.57850807],[-13588282.2274657,4437744.59784233],[-13588281.2224731,4437743.93712331],[-13588279.4528412,4437742.7874849],[-13588277.6709042,4437741.65739529],[-13588275.8765433,4437740.54723326],[-13588274.0701315,4437739.45686693],[-13588272.2519231,4437738.38654321],[-13588270.4221701,4437737.33638345],[-13588268.5809997,4437736.3065111],[-13588266.728539,4437735.29704962],[-13588264.8652902,4437734.30811616],[-13588262.9911303,4437733.33983835],[-13588261.1066866,4437732.39233127],[-13588259.6825716,4437731.69883775],[-13588258.2487977,4437731.02610455],[-13588256.805615,4437730.37412744],[-13588255.3531506,4437729.74302988],[-13588253.8917836,4437729.1330567],[-13588252.4217643,4437728.54420368],[-13588250.9435968,4437727.97671354],[-13588249.4574062,4437727.43058418],[-13588247.9634466,4437726.90606251],[-13588246.4622183,4437726.40314011],[-13588249.2468994,4437717.95318792],[-13588246.4967066,4437716.99322016],[-13588246.7621881,4437716.22600064],[-13588247.5933607,4437713.82441061],[-13588250.0902115,4437714.76376535],[-13588253.3339474,4437705.350557],[-13588255.4755029,4437706.12493925],[-13588258.300842,4437707.27932338],[-13588261.1168145,4437708.45697435],[-13588263.9230412,4437709.65764735],[-13588266.7193972,4437710.88134449],[-13588269.5056302,4437712.12794442],[-13588272.2817382,4437713.39732162],[-13588275.0473462,4437714.68948237],[-13588277.802327,4437716.00430324],[-13588280.5465556,4437717.34178636],[-13588282.5711468,4437718.52682684],[-13588284.5850395,4437719.73025862],[-13588286.5878544,4437720.95183688],[-13588288.5797187,4437722.19168511],[-13588290.560376,4437723.44943082],[-13588292.5295785,4437724.7252038],[-13588294.4871968,4437726.01875503],[-13588296.4331039,4437727.32996107],[-13588293.6431926,4437732.28109331],[-13588293.8598023,4437733.01697848],[-13588294.3900689,4437733.46034881],[-13588295.0716143,4437733.54070878],[-13588295.7738911,4437733.23651392],[-13588301.0442144,4437724.8298027],[-13588302.6172257,4437722.5626901],[-13588303.8019357,4437720.81429395],[-13588304.6531786,4437719.51298067],[-13588305.225907,4437718.58673795],[-13588305.574957,4437717.96405785],[-13588305.8332858,4437717.18062908],[-13588305.556042,4437716.53606953],[-13588305.0379185,4437716.38614571],[-13588304.1765201,4437716.77766814],[-13588303.5607945,4437717.47265276],[-13588302.9659432,4437718.24955362],[-13588302.1992818,4437719.32060472],[-13588301.2339619,4437720.73323112],[-13588299.2792046,4437719.43875454],[-13588297.533132,4437718.29186598],[-13588295.774746,4437717.16402396],[-13588294.0041779,4437716.05560304],[-13588292.2218048,4437714.96672247],[-13588290.4275017,4437713.89738435],[-13588288.6218958,4437712.84770371],[-13588286.8048662,4437711.81793377],[-13588284.9767881,4437710.80806823],[-13588283.1377906,4437709.81835609],[-13588281.2882489,4437708.84879105],[-13588279.4745208,4437707.87447925],[-13588277.6506151,4437706.919806],[-13588275.816659,4437705.98489473],[-13588273.9726502,4437705.06961988],[-13588272.1190952,4437704.17434971],[-13588270.2561211,4437703.29920768],[-13588268.3838509,4437702.44406612],[-13588266.5025366,4437701.60904638],[-13588264.6124345,4437700.79452094],[-13588262.7137906,4437700.00023446],[-13588260.8067361,4437699.22656151],[-13588258.8915189,4437698.47337234],[-13588256.9683934,4437697.74091385],[-13588255.0374844,4437697.02918393],[-13588258.1474965,4437687.86980938],[-13588255.3454825,4437686.89162652],[-13588256.4421328,4437683.72295064],[-13588259.1943228,4437684.75823793],[-13588262.2357839,4437675.82346321],[-13588264.1367778,4437676.41373723],[-13588266.0307595,4437677.02598281],[-13588267.9176037,4437677.66020207],[-13588269.7970585,4437678.31627363],[-13588271.6688717,4437678.99407615],[-13588273.5326681,4437679.69361595],[-13588275.3883187,4437680.41464399],[-13588277.2355755,4437681.15729007],[-13588279.0741842,4437681.92130725],[-13588280.9038927,4437682.7065742],[-13588282.7243238,4437683.51297165],[-13588284.5354776,4437684.34049963],[-13588286.336977,4437685.18903887],[-13588288.1284446,4437686.05847012],[-13588289.9100014,4437686.94854018],[-13588291.6810223,4437687.85925955],[-13588293.1825513,4437688.58309561],[-13588294.6731943,4437689.32909411],[-13588296.1528221,4437690.09700604],[-13588297.6209324,4437690.88671425],[-13588299.0773983,4437691.69809528],[-13588300.5217176,4437692.53103199],[-13588301.9537588,4437693.3851498],[-13588303.3730199,4437694.26033156],[-13588304.7793737,4437695.15645382],[-13588306.172443,4437696.07339733],[-13588307.5518445,4437697.01066614],[-13588308.9173301,4437697.96839005],[-13588310.2686436,4437698.94619656],[-13588314.4735257,4437701.54889049],[-13588311.578985,4437706.27670183],[-13588311.9000898,4437708.69799193],[-13588312.5527282,4437708.81488308],[-13588313.0963986,4437708.31390296],[-13588313.5528148,4437707.74016056],[-13588314.076627,4437707.02310815],[-13588314.5558216,4437706.3378284],[-13588314.9198254,4437705.80206264],[-13588315.3188218,4437705.20479362],[-13588315.749298,4437704.55286266],[-13588316.2065225,4437703.85501559],[-13588316.6860177,4437703.12024515],[-13588317.1834314,4437702.35754196],[-13588317.6940339,4437701.5757774],[-13588318.2133479,4437700.78394419],[-13588318.7368917,4437699.99078396],[-13588319.184374,4437699.38378275],[-13588319.6766963,4437698.64578253],[-13588320.094894,4437697.89496111],[-13588320.3640127,4437697.13622057],[-13588320.5005901,4437696.38636431],[-13588320.5321406,4437695.7430222],[-13588320.504689,4437695.09376383],[-13588320.431316,4437694.42053443],[-13588320.2921385,4437693.66338101],[-13588320.0507751,4437692.77795087],[-13588319.8206467,4437692.19150691],[-13588319.5457654,4437691.66622785],[-13588319.2167877,4437691.20428027],[-13588335.6412506,4437705.30684895],[-13588335.0843662,4437705.05232684],[-13588334.5771473,4437704.81380012],[-13588334.0446617,4437704.62003428],[-13588333.2451362,4437704.40161793],[-13588332.4780356,4437704.23779421],[-13588331.8206181,4437704.13429812],[-13588331.0276429,4437704.0838221],[-13588330.2245668,4437704.1101308],[-13588329.445824,4437704.21578541],[-13588328.8055688,4437704.3616902],[-13588328.2526833,4437704.56478094],[-13588327.6688583,4437704.89248285],[-13588327.1605916,4437705.2665166],[-13588326.7288656,4437705.64077109],[-13588326.1772476,4437706.16009715],[-13588325.6663744,4437706.66291301],[-13588325.1608295,4437707.29035852],[-13588320.3988399,4437713.20129865],[-13588319.9943215,4437715.15587824],[-13588320.6759387,4437715.4807754],[-13588321.6935809,4437715.11438298],[-13588322.3197229,4437714.49671661],[-13588322.7960896,4437713.96446245],[-13588323.450997,4437713.21179667],[-13588324.3191264,4437712.19606093],[-13588325.3540925,4437710.97053497],[-13588327.2982405,4437712.59638705],[-13588329.2273102,4437714.24045302],[-13588331.1410452,4437715.90236044],[-13588333.0393204,4437717.58211141],[-13588334.9218839,4437719.27958459],[-13588336.7887292,4437720.9944033],[-13588338.6396084,4437722.72669733],[-13588340.4743903,4437724.47609211],[-13588342.2928268,4437726.24271742],[-13588344.0949096,4437728.02607103],[-13588345.8803908,4437729.82628271],[-13588347.649141,4437731.64310347],[-13588349.4009062,4437733.47628638],[-13588351.1356862,4437735.32583147],[-13588352.8532248,4437737.19136628],[-13588336.7878275,4437751.73194631],[-13588335.0331282,4437750.240562],[-13588333.5800227,4437748.94104756],[-13588332.3853375,4437747.80926012],[-13588331.4060222,4437746.8209291],[-13588330.5991578,4437745.95215849],[-13588329.921696,4437745.17880328],[-13588329.3303384,4437744.47672263],[-13588328.7822891,4437743.82189286],[-13588328.241564,4437743.19381813],[-13588327.7018136,4437742.58670204],[-13588327.1635002,4437741.99827603],[-13588326.6275905,4437741.42651427],[-13588326.0944179,4437740.86889916],[-13588325.5650762,4437740.32352836],[-13588325.0399027,4437739.7881354],[-13588324.5198622,4437739.26056891],[-13588324.0054232,4437738.738937],[-13588323.4958337,4437738.22312674],[-13588322.9907289,4437737.71377224],[-13588322.4892379,4437737.21113935],[-13588321.9906125,4437736.71536621],[-13588321.4943632,4437736.22708907],[-13588320.9996211,4437735.74669932],[-13588320.505638,4437735.27433512],[-13588320.0114138,4437734.8100133],[-13588319.5144166,4437734.35189241],[-13588319.0113538,4437733.89751583],[-13588318.4993122,4437733.44467172],[-13588317.9753765,4437732.99102272],[-13588317.436254,4437732.53411217],[-13588316.8790317,4437732.07172827],[-13588316.3006669,4437731.60141018],[-13588315.7003908,4437731.12204041],[-13588315.0856551,4437730.63801529],[-13588314.4666728,4437730.15431272],[-13588313.8531692,4437729.67667239],[-13588313.2551092,4437729.21020199],[-13588312.6822119,4437728.76026452],[-13588312.1447005,4437728.3324657],[-13588311.65229,4437727.93191742],[-13588312.6916874,4437726.67943837],[-13588313.48232,4437725.70356343],[-13588314.0588073,4437724.9654032],[-13588314.5810504,4437724.23669531],[-13588314.9468268,4437723.18431191],[-13588314.6311344,4437722.56652289],[-13588314.1219271,4437722.38881789],[-13588313.5581601,4437722.57689363],[-13588312.7142934,4437723.33009745],[-13588311.7018341,4437724.50299628],[-13588310.169855,4437726.4104603],[-13588307.9934121,4437729.23218586],[-13588305.0473214,4437733.14850153],[-13588301.9705403,4437737.34257763],[-13588301.4875179,4437738.00091937],[-13588301.0839004,4437738.7337884],[-13588301.1488286,4437739.30555326],[-13588301.4607104,4437739.74719262],[-13588302.0392981,4437739.9982127],[-13588302.5949198,4437739.9216803],[-13588303.1164285,4437739.62918884],[-13588303.6829524,4437739.01352886],[-13588304.2093445,4437738.36111487],[-13588304.7436792,4437737.69751472],[-13588305.1505061,4437737.19481416],[-13588305.5919041,4437736.65033626],[-13588306.1269704,4437735.99312939],[-13588306.7057219,4437736.51669561],[-13588307.1554779,4437736.91670529],[-13588307.5924572,4437737.30047624],[-13588308.2104324,4437737.83631995],[-13588308.9495833,4437738.46922468],[-13588309.5788962,4437739.00249146],[-13588310.1287589,4437739.46600453],[-13588310.6361583,4437739.89544035],[-13588311.1386964,4437740.32583705],[-13588311.6670128,4437740.78720022],[-13588312.2418194,4437741.29915199],[-13588312.8816798,4437741.87996901],[-13588313.6045134,4437742.54680835],[-13588314.1991627,4437743.10125583],[-13588314.6137174,4437743.49017634],[-13588315.0341425,4437743.88615732],[-13588315.4542051,4437744.28289799],[-13588315.8676807,4437744.6745998],[-13588316.4595781,4437745.23650384],[-13588317.1794732,4437745.92210677],[-13588317.8366849,4437746.55349968],[-13588318.4790704,4437747.18074579],[-13588319.1553788,4437747.85489815],[-13588319.7084828,4437748.41531898],[-13588320.10252,4437748.81877697],[-13588320.5089295,4437749.2367221],[-13588320.9218535,4437749.66284727],[-13588321.3356798,4437750.09059006],[-13588321.7447987,4437750.51351361],[-13588322.1432208,4437750.92493624],[-13588322.5254633,4437751.31854455],[-13588323.0602485,4437751.86784377],[-13588323.7304411,4437752.56520913],[-13588324.3858566,4437753.27638755],[-13588324.8909627,4437753.85331495],[-13588325.2453182,4437754.27703333],[-13588325.6180448,4437754.73749463],[-13588326.0077043,4437755.23095508],[-13588326.4111852,4437755.75081022],[-13588326.8257573,4437756.29082599],[-13588327.2485593,4437756.84439374],[-13588327.6767358,4437757.40528151],[-13588328.1071775,4437757.96701043],[-13588328.5371521,4437758.52322084],[-13588328.9644588,4437759.06942819],[-13588329.390021,4437759.60850573],[-13588329.8151747,4437760.14558056],[-13588330.2416268,4437760.68552236],[-13588330.6708321,4437761.23307943],[-13588331.1042538,4437761.79350235],[-13588331.5435968,4437762.37153522],[-13588331.9904451,4437762.97217539],[-13588332.4465097,4437763.60054366],[-13588332.9160234,4437764.26297445],[-13588333.4030978,4437764.96605541],[-13588333.9120947,4437765.71636997],[-13588334.447501,4437766.52049949],[-13588335.0135514,4437767.38490395],[-13588335.6146119,4437768.31641794],[-13588336.2550379,4437769.32124819],[-13588329.0521062,4437774.61109475],[-13588327.2061539,4437775.96681481],[-13588320.4461377,4437780.93132268],[-13588318.6023744,4437778.74837166],[-13588317.0578816,4437776.93304406],[-13588315.7744621,4437775.43712369],[-13588314.713796,4437774.212522],[-13588313.8375698,4437773.2115272],[-13588313.1077094,4437772.38579544],[-13588312.4860265,4437771.68761283],[-13588311.9340721,4437771.06864185],[-13588311.4192825,4437770.48848443],[-13588310.9314566,4437769.93538009],[-13588310.4658975,4437769.40513739],[-13588310.0180309,4437768.89343723],[-13588309.5830347,4437768.39609028],[-13588309.1563368,4437767.90890301],[-13588308.7333589,4437767.42730519],[-13588308.3092829,4437766.94735861],[-13588307.8805517,4437766.46573189],[-13588307.4055352,4437766.00585805],[-13588306.9714489,4437765.52557732],[-13588306.548455,4437765.1781196],[-13588306.1167929,4437764.70822285],[-13588305.689401,4437764.24692069],[-13588305.2681946,4437763.79656729],[-13588304.8550845,4437763.35926574],[-13588304.4505856,4437762.93588658],[-13588304.0496004,4437762.5207379],[-13588303.6452542,4437762.10652491],[-13588303.2307993,4437761.68607624],[-13588302.7994878,4437761.25222054],[-13588302.34457,4437760.7976609],[-13588301.8683001,4437760.3150747],[-13588301.2352838,4437759.72472105],[-13588294.5302603,4437753.47254078],[-13588293.2906909,4437752.31876924],[-13588296.0909884,4437748.63625301],[-13588295.9623792,4437747.82277511],[-13588295.5971911,4437747.42435782],[-13588295.0313551,4437747.22562324],[-13588294.2218048,4437747.43403074],[-13588282.4596747,4437762.92070896],[-13588282.4173719,4437763.6694877],[-13588282.7739338,4437764.07558695],[-13588283.3371287,4437764.18330758],[-13588283.8638449,4437763.96307401],[-13588286.7502156,4437760.28953478],[-13588287.801527,4437761.12556583],[-13588288.8387514,4437761.97929183],[-13588289.8616303,4437762.85021471],[-13588290.8699115,4437763.73821314],[-13588291.8633408,4437764.64304019],[-13588292.8414119,4437765.56432758],[-13588293.8041227,4437766.50194977],[-13588294.7510938,4437767.45566192],[-13588295.6820689,4437768.42509156],[-13588296.5966689,4437769.40999387],[-13588297.4948894,4437770.41011774],[-13588299.0470722,4437772.17683657],[-13588300.5906291,4437773.95123636],[-13588301.5930063,4437775.11527534],[-13588302.1251873,4437775.733449],[-13588302.4874199,4437776.13455439],[-13588303.0852818,4437776.7541363],[-13588303.9983535,4437777.60969725],[-13588304.5147678,4437778.21231038],[-13588305.1246951,4437778.86547573],[-13588305.6509464,4437779.45800123],[-13588306.2392081,4437780.13187776],[-13588307.0201532,4437781.06627468],[-13588307.9634974,4437782.18495979],[-13588309.2118712,4437783.61163783],[-13588310.6155695,4437785.46600886],[-13588312.3604029,4437787.77622462],[-13588315.9908423,4437791.68817118],[-13588311.1161922,4437795.23864696],[-13588309.2202663,4437796.52273531],[-13588298.4959948,4437804.18052106],[-13588296.9699062,4437801.86348356]]]},"properties":{"NAME":"Oakes College","LOT":"162","F10_MIN":0,"F15_MIN":0,"F20_MIN":0,"F3_HOUR":0,"PERMIT_SPACES":116,"ENFORCEMENT":"Mon-Fri, 7:00am-8:30pm","PERMITS_ACCEPTED":"A, C, MC, N, NC, Parkmobile","ObjectId":8}},{"type":"Feature","id":12,"geometry":{"type":"Polygon","coordinates":[[[-13588447.5128497,4437879.8360751],[-13588448.0348098,4437878.89546657],[-13588448.2730723,4437878.38654546],[-13588448.4605843,4437877.85662345],[-13588448.6062317,4437877.31358954],[-13588448.7014932,4437876.69641962],[-13588448.7025982,4437875.99768587],[-13588448.6483771,4437875.1535582],[-13588448.1848573,4437874.55131286],[-13588447.9246104,4437874.29682746],[-13588447.6312551,4437874.08183503],[-13588447.310489,4437873.91051014],[-13588446.9688761,4437873.78651041],[-13588442.7119767,4437872.58552177],[-13588438.6851399,4437870.75127896],[-13588434.9811193,4437868.32618283],[-13588434.746607,4437868.11497338],[-13588434.4193058,4437867.77670968],[-13588434.1191752,4437867.35785603],[-13588433.905785,4437866.94332126],[-13588433.7360566,4437866.58218595],[-13588433.5188504,4437866.18630422],[-13588433.3250728,4437865.82293577],[-13588433.2192041,4437865.56396999],[-13588433.1363335,4437865.29670462],[-13588433.0771198,4437865.0231382],[-13588433.0419737,4437864.74539903],[-13588432.9960637,4437864.18963626],[-13588432.8885732,4437862.96332452],[-13588432.8473842,4437862.60819166],[-13588432.7864827,4437862.25590233],[-13588432.6985359,4437861.879199],[-13588432.5709509,4437861.42039172],[-13588432.4357878,4437860.99461917],[-13588432.2858259,4437860.57386831],[-13588432.1213237,4437860.15863721],[-13588431.9814061,4437859.82274882],[-13588431.832314,4437859.49166194],[-13588431.6647393,4437859.16967791],[-13588431.479199,4437858.85779283],[-13588431.1398593,4437858.32253944],[-13588430.8677371,4437857.87332221],[-13588430.6143161,4437857.41311448],[-13588430.379986,4437856.9427889],[-13588430.1640215,4437856.48634729],[-13588429.6632948,4437855.42264489],[-13588429.467702,4437855.02539522],[-13588429.0362342,4437854.25267418],[-13588428.2917756,4437852.76979827],[-13588426.9968921,4437850.19026986],[-13588426.7775908,4437849.90871994],[-13588426.3668565,4437849.39689871],[-13588426.0593208,4437849.02891254],[-13588425.753611,4437848.69543569],[-13588425.4720318,4437848.39157148],[-13588425.2610427,4437848.13600661],[-13588425.0635099,4437847.86991625],[-13588424.880192,4437847.59379005],[-13588424.7112286,4437847.30850484],[-13588424.5656847,4437847.04769463],[-13588424.253,4437846.49089258],[-13588424.0851629,4437846.13814122],[-13588423.9521768,4437845.75290139],[-13588423.9012147,4437845.47166067],[-13588423.9058776,4437845.11374771],[-13588423.9865346,4437844.76071121],[-13588424.1461166,4437844.31830186],[-13588424.3077004,4437843.97345008],[-13588424.5060317,4437843.62735236],[-13588424.8067834,4437843.22841307],[-13588425.0791674,4437842.95077805],[-13588425.3351287,4437842.77578323],[-13588425.6460739,4437842.61317737],[-13588426.0486419,4437842.4327027],[-13588426.4079848,4437842.29251893],[-13588426.7868704,4437842.19182171],[-13588427.207016,4437842.07548422],[-13588427.7830982,4437841.83067315],[-13588432.0300234,4437839.2015342],[-13588430.2284427,4437836.33273327],[-13588433.5779269,4437834.17662458],[-13588434.8810957,4437833.33780677],[-13588436.7011803,4437836.22124129],[-13588441.3975102,4437833.2582333],[-13588441.6904509,4437833.20093142],[-13588442.0238865,4437833.28462518],[-13588442.4641908,4437833.54474787],[-13588444.1627872,4437837.59491279],[-13588444.3494941,4437838.00675497],[-13588444.5215524,4437838.42512352],[-13588444.7204578,4437838.96851494],[-13588444.9418317,4437839.5768405],[-13588445.2319723,4437840.31161913],[-13588445.7547092,4437841.56272111],[-13588446.209583,4437842.65155894],[-13588446.4557842,4437843.21877272],[-13588446.7175007,4437843.77894316],[-13588447.0103614,4437844.36182583],[-13588447.2751145,4437844.84909722],[-13588447.5425608,4437845.29537771],[-13588447.827829,4437845.73043127],[-13588448.1305291,4437846.15338525],[-13588448.4502737,4437846.56349256],[-13588448.7991769,4437846.97474226],[-13588449.015167,4437847.22268652],[-13588449.3452411,4437847.6072489],[-13588449.7004905,4437848.03157988],[-13588450.04513,4437848.46463014],[-13588450.3789054,4437848.90615272],[-13588450.648002,4437849.27139348],[-13588451.0649697,4437849.8569618],[-13588451.3517002,4437850.28219404],[-13588451.5344622,4437850.60743886],[-13588451.6735539,4437850.9537654],[-13588451.7851731,4437851.35506448],[-13588451.8888085,4437851.77257466],[-13588452.0401159,4437852.28147356],[-13588452.1556878,4437852.62731653],[-13588452.2907759,4437852.96604886],[-13588452.4448593,4437853.2964233],[-13588452.6174209,4437853.61744375],[-13588452.9124937,4437854.13045591],[-13588453.0795212,4437854.40459501],[-13588453.2600323,4437854.6698409],[-13588453.4536455,4437854.92582321],[-13588453.7270212,4437855.24766008],[-13588454.102337,4437855.66034971],[-13588454.4221691,4437855.98567562],[-13588454.7534361,4437856.29925398],[-13588455.1973735,4437856.68717661],[-13588455.7215805,4437857.14885805],[-13588456.1267182,4437857.54245727],[-13588456.514266,4437857.95368517],[-13588456.7468068,4437858.21165037],[-13588457.1094979,4437858.63221397],[-13588457.4535631,4437859.06828848],[-13588457.7783629,4437859.51900547],[-13588458.0377756,4437859.89596451],[-13588458.2319385,4437860.22239936],[-13588458.4310451,4437860.68779053],[-13588458.5542953,4437861.17907526],[-13588458.6293499,4437861.72756515],[-13588458.6522846,4437862.12043379],[-13588458.611349,4437862.64299141],[-13588458.4629897,4437863.3983348],[-13588458.3719902,4437863.78357424],[-13588458.2573725,4437864.16242852],[-13588458.0864461,4437864.61445009],[-13588457.8747497,4437865.05899338],[-13588457.5711476,4437865.50445452],[-13588457.2987426,4437865.80331779],[-13588456.2626634,4437866.78962501],[-13588455.7765096,4437867.25247505],[-13588455.5323472,4437867.46005425],[-13588455.201734,4437867.68817877],[-13588454.8974931,4437867.91535731],[-13588454.642061,4437868.21958712],[-13588454.4699495,4437868.57805647],[-13588454.3221944,4437869.1296663],[-13588454.2909552,4437869.50623915],[-13588454.3234205,4437869.78816829],[-13588454.3874256,4437870.06404054],[-13588454.5049533,4437870.36965906],[-13588454.6627335,4437870.62172282],[-13588455.0585803,4437871.09561189],[-13588455.3430704,4437871.37895416],[-13588455.6745029,4437871.61993316],[-13588456.1482279,4437871.81418193],[-13588456.5271845,4437871.8601834],[-13588456.950245,4437871.8585941],[-13588457.2171032,4437871.81956554],[-13588447.1103454,4437880.51543523],[-13588447.5128497,4437879.8360751]]]},"properties":{"NAME":"Family Student Housing","LOT":"129","F10_MIN":0,"F15_MIN":0,"F20_MIN":0,"F3_HOUR":0,"PERMIT_SPACES":1,"ENFORCEMENT":"Daily, 24 hours","PERMITS_ACCEPTED":"FSH, MC, A (limited)","ObjectId":12}},{"type":"Feature","id":15,"geometry":{"type":"Polygon","coordinates":[[[-13588525.6479788,4437996.09740348],[-13588524.2695354,4437995.28107458],[-13588521.788888,4437994.09656309],[-13588519.191595,4437993.19925554],[-13588512.1551762,4437991.40372477],[-13588505.3956154,4437988.74378746],[-13588487.6585995,4437981.75200938],[-13588485.4766233,4437980.9505756],[-13588484.9401937,4437980.79129336],[-13588484.4352792,4437980.54946304],[-13588483.9744831,4437980.23090152],[-13588483.5690713,4437979.84370902],[-13588483.2293344,4437979.39750935],[-13588482.9634566,4437978.9030922],[-13588482.7782758,4437978.37302833],[-13588482.7805777,4437977.68619982],[-13588482.6917798,4437977.05616857],[-13588482.5622318,4437976.76481682],[-13588482.3883151,4437976.49769897],[-13588482.1652882,4437976.27046935],[-13588481.9091319,4437976.08147753],[-13588481.6207497,4437975.94741332],[-13588481.2095169,4437975.8485745],[-13588480.8919152,4437975.83721217],[-13588480.5783739,4437975.88933594],[-13588480.2770332,4437975.9906159],[-13588480.0016721,4437976.14986358],[-13588479.6841862,4437976.43039743],[-13588479.3921338,4437976.76614496],[-13588482.0281889,4437965.76319071],[-13588482.3014984,4437966.44827092],[-13588482.8426121,4437967.03841307],[-13588483.8275734,4437967.41836786],[-13588484.6251894,4437967.34842947],[-13588485.3613724,4437966.90196633],[-13588485.8022467,4437966.29605858],[-13588486.0038441,4437965.53089413],[-13588486.1773251,4437964.87208477],[-13588486.4833036,4437964.29155706],[-13588486.8810644,4437963.77015087],[-13588487.3595917,4437963.32224447],[-13588487.9053374,4437962.9603747],[-13588488.5034594,4437962.69446253],[-13588489.1372004,4437962.53207472],[-13588489.7889982,4437962.47752598],[-13588490.4407469,4437962.53250249],[-13588491.0744089,4437962.69529809],[-13588508.5742683,4437966.85270383],[-13588509.0494593,4437966.92459148],[-13588509.8583813,4437966.97013993],[-13588510.6659902,4437967.03442505],[-13588511.4719106,4437967.11745312],[-13588512.1549387,4437967.25567824],[-13588512.8332135,4437967.41634037],[-13588513.5057263,4437967.59895406],[-13588514.1721042,4437967.8036512],[-13588514.8314636,4437968.02994426],[-13588515.4830502,4437968.27759471],[-13588516.1263638,4437968.54661099],[-13588516.7605188,4437968.83637998],[-13588517.385015,4437969.14691012],[-13588517.9989669,4437969.47758828],[-13588519.4395617,4437970.30882161],[-13588520.2209545,4437970.73578201],[-13588525.0096154,4437973.01274983],[-13588529.9938761,4437974.81730263],[-13588530.2510244,4437974.73585629],[-13588537.1408523,4437976.8757262],[-13588537.3120745,4437976.93627381],[-13588537.6897138,4437977.12045681],[-13588538.0330628,4437977.36324479],[-13588538.3331335,4437977.6581321],[-13588538.5821713,4437977.99758754],[-13588538.7736511,4437978.37280321],[-13588538.9027832,4437978.77406277],[-13588538.9658804,4437979.19024973],[-13588538.9618959,4437979.61108238],[-13588538.8906514,4437980.02588757],[-13588538.7542195,4437980.42395428],[-13588536.5090596,4437985.21337286],[-13588539.4561999,4437986.57805571],[-13588537.356415,4437991.96276998],[-13588534.1128199,4437991.05976245],[-13588531.8162671,4437995.73751028],[-13588531.25576,4437996.2490981],[-13588530.6172548,4437996.65825121],[-13588529.919061,4437996.95298053],[-13588529.1812972,4437997.1247834],[-13588528.425145,4437997.1689073],[-13588527.6725927,4437997.08397745],[-13588526.9450686,4437996.87252213],[-13588526.2636823,4437996.54046624],[-13588525.6479788,4437996.09740348]]]},"properties":{"NAME":"Family Student Housing","LOT":"135","F10_MIN":0,"F15_MIN":0,"F20_MIN":0,"F3_HOUR":0,"PERMIT_SPACES":2,"ENFORCEMENT":"Daily, 24 hours","PERMITS_ACCEPTED":"FSH, A (limited), ADA, MC, Parkmobile","ObjectId":15}},{"type":"Feature","id":16,"geometry":{"type":"Polygon","coordinates":[[[-13588121.432181,4438092.53753992],[-13588123.027704,4438087.52205917],[-13588122.8950963,4438086.91109211],[-13588122.349104,4438086.36509323],[-13588121.5699091,4438086.11478463],[-13588120.7427854,4438086.23844666],[-13588120.2201952,4438086.69273282],[-13588118.6418216,4438091.46124069],[-13588109.1923144,4438088.81125875],[-13588112.1417573,4438079.75049904],[-13588109.6515223,4438078.97261706],[-13588110.8160035,4438075.4557869],[-13588111.4397556,4438075.66185553],[-13588112.2081261,4438075.915612],[-13588113.5676759,4438076.36455387],[-13588116.2184141,4438067.85732448],[-13588135.7395727,4438073.96724856],[-13588134.0945576,4438079.5102083],[-13588134.3277786,4438080.13983331],[-13588134.8344026,4438080.46203998],[-13588135.4334778,4438080.4403013],[-13588135.9157787,4438080.08265155],[-13588138.3617882,4438072.99665357],[-13588131.5876313,4438070.64417321],[-13588135.3530359,4438058.83723997],[-13588141.5007433,4438060.64167815],[-13588142.015465,4438060.39853639],[-13588142.3243962,4438059.91894882],[-13588142.3352431,4438059.27078317],[-13588141.9754776,4438058.73258758],[-13588136.0505652,4438056.69845068],[-13588140.6398752,4438042.41149639],[-13588146.4807939,4438044.16355348],[-13588147.2002686,4438043.89926415],[-13588147.5305141,4438043.20504169],[-13588147.40129,4438042.51941288],[-13588147.0013046,4438042.14203658],[-13588141.2012804,4438040.23203944],[-13588145.8733299,4438025.7173807],[-13588160.3660117,4438030.5232512],[-13588157.2344288,4438040.26152598],[-13588157.2567482,4438040.81342463],[-13588157.6212348,4438041.49246534],[-13588158.3245173,4438041.93835157],[-13588159.0134558,4438042.08604747],[-13588159.7448299,4438041.88297706],[-13588160.207876,4438041.45066617],[-13588158.6145273,4438046.16703535],[-13588158.3564763,4438046.93076031],[-13588157.8755368,4438046.05534844],[-13588157.0616331,4438045.67324138],[-13588156.2956409,4438045.65244146],[-13588155.7266989,4438045.97411627],[-13588155.3012811,4438046.58578357],[-13588149.1996425,4438066.2407743],[-13588146.3715606,4438075.136966],[-13588145.6804163,4438077.34372925],[-13588144.1845487,4438082.23695698],[-13588144.2886399,4438083.00553144],[-13588144.6615591,4438083.57503368],[-13588145.2410568,4438083.92490509],[-13588145.8942455,4438083.99093286],[-13588146.665464,4438083.79209216],[-13588146.6778871,4438084.14771642],[-13588143.4605133,4438093.64757481],[-13588143.0332776,4438092.89547801],[-13588142.473398,4438092.4469297],[-13588141.896243,4438092.32046612],[-13588141.2709553,4438092.39791058],[-13588140.7618675,4438092.73917992],[-13588140.4391382,4438093.26145437],[-13588138.7516748,4438098.26793358],[-13588121.432181,4438092.53753992]]]},"properties":{"NAME":"Rachel Carson College","LOT":"146","F10_MIN":0,"F15_MIN":0,"F20_MIN":3,"F3_HOUR":0,"PERMIT_SPACES":16,"ENFORCEMENT":"Mon-Fri, 7:00am-8:30pm","PERMITS_ACCEPTED":"A, MC, N, NC, ADA, Medical, Parkmobile, R Permits after 5:00 p.m. only","ObjectId":16}},{"type":"Feature","id":17,"geometry":{"type":"Polygon","coordinates":[[[-13588485.8468969,4438105.0853804],[-13588485.4289067,4438104.67917761],[-13588485.0770925,4438104.21395855],[-13588484.7997633,4438103.70051091],[-13588484.6032466,4438103.15078616],[-13588484.4920051,4438102.57739516],[-13588484.4687634,4438101.99373161],[-13588484.3821559,4438100.88020972],[-13588484.1681904,4438099.14181976],[-13588483.9761946,4438097.40092526],[-13588483.8062958,4438095.65764967],[-13588483.6582502,4438093.91237391],[-13588483.5323118,4438092.16534491],[-13588483.4284851,4438090.41681382],[-13588483.3466511,4438088.66715942],[-13588483.2869369,4438086.91650519],[-13588483.2493511,4438085.16535341],[-13588483.2338956,4438083.41382964],[-13588482.9868625,4438076.16090351],[-13588482.9647848,4438074.61221554],[-13588482.8757966,4438073.9333222],[-13588482.7639781,4438073.25782743],[-13588482.6292169,4438072.58648672],[-13588482.4720279,4438071.92017065],[-13588482.3721925,4438071.48324525],[-13588482.2932952,4438071.04194836],[-13588482.2356048,4438070.59740589],[-13588482.1992632,4438070.15062026],[-13588482.1856675,4438069.74037922],[-13588482.1909409,4438069.25420794],[-13588482.2119848,4438068.91874586],[-13588482.2683459,4438068.36125209],[-13588482.2963443,4438068.06033939],[-13588482.2993075,4438067.75808942],[-13588482.2772709,4438067.45663681],[-13588482.2302681,4438067.15799064],[-13588480.5386215,4438062.3802611],[-13588479.6578073,4438057.38717607],[-13588479.6376403,4438054.44577751],[-13588480.0293762,4438051.53073549],[-13588480.8251008,4438048.6999602],[-13588491.2929218,4438044.36742939],[-13588491.7039153,4438044.90914671],[-13588492.2858955,4438045.45225802],[-13588492.8264639,4438045.821981],[-13588493.4139597,4438046.11090573],[-13588494.0729472,4438046.32213582],[-13588494.6220906,4438046.41865472],[-13588495.2948514,4438046.49588641],[-13588495.9279316,4438046.76595738],[-13588496.50707,4438047.13867381],[-13588497.0159557,4438047.60338269],[-13588497.4399925,4438048.14726698],[-13588497.7675387,4438048.75469662],[-13588501.7507192,4438055.77216971],[-13588501.9182168,4438056.17919295],[-13588502.4241015,4438057.12375436],[-13588502.9100283,4438058.07895101],[-13588503.3757366,4438059.04415928],[-13588503.8210951,4438060.0190046],[-13588504.2458475,4438061.00311445],[-13588504.6498603,4438061.99598867],[-13588505.0327521,4438062.9972569],[-13588505.3946396,4438064.00641475],[-13588505.7352644,4438065.02296417],[-13588506.05437,4438066.04653266],[-13588506.3519503,4438067.07674353],[-13588506.6277426,4438068.11284758],[-13588506.8816197,4438069.15472136],[-13588507.1943309,4438072.38159579],[-13588507.2288994,4438075.62357585],[-13588507.3394964,4438076.10578835],[-13588507.5385037,4438076.87225984],[-13588507.7155895,4438077.64412431],[-13588507.8708663,4438078.42062627],[-13588508.0042006,4438079.20126553],[-13588508.1153341,4438079.98554405],[-13588508.2041249,4438080.77245938],[-13588508.2708189,4438081.56175618],[-13588508.3150264,4438082.3525618],[-13588508.336989,4438083.14436975],[-13588508.3367009,4438083.47948314],[-13588508.336444,4438083.93643083],[-13588508.3135061,4438084.72811512],[-13588508.2682919,4438085.51891821],[-13588508.2006638,4438086.30808883],[-13588508.1107363,4438087.09499702],[-13588507.4926106,4438092.45256671],[-13588507.5559409,4438093.11518753],[-13588507.6736371,4438094.34537304],[-13588508.2597472,4438100.47411083],[-13588508.2943867,4438100.78879184],[-13588508.3059187,4438101.10524326],[-13588508.2945617,4438101.42157738],[-13588508.2601656,4438101.73628948],[-13588508.2029533,4438102.04774298],[-13588508.1232683,4438102.35404803],[-13588508.0214608,4438102.65369152],[-13588507.8981306,4438102.94515612],[-13588507.7539986,4438103.22667124],[-13588507.4801742,4438103.65066709],[-13588507.2044407,4438103.99770034],[-13588506.9856254,4438104.22558341],[-13588506.7506486,4438104.43678197],[-13588506.5011166,4438104.63013855],[-13588506.2380151,4438104.80475735],[-13588505.9630757,4438104.9594788],[-13588500.9789951,4438105.93586761],[-13588495.9127759,4438106.28423843],[-13588490.8427461,4438105.99925409],[-13588485.8468969,4438105.0853804]]]},"properties":{"NAME":"Family Student Housing","LOT":"136","F10_MIN":0,"F15_MIN":0,"F20_MIN":0,"F3_HOUR":0,"PERMIT_SPACES":1,"ENFORCEMENT":"Daily, 24 hours","PERMITS_ACCEPTED":"FSH, MC, A (limited)","ObjectId":17}},{"type":"Feature","id":18,"geometry":{"type":"Polygon","coordinates":[[[-13587879.2517492,4438237.05466605],[-13587879.0899265,4438236.89748417],[-13587878.8337817,4438236.82176801],[-13587878.0550361,4438236.91483291],[-13587876.5290508,4438237.10030878],[-13587875.8460947,4438237.20771951],[-13587874.6372387,4438237.30799434],[-13587874.127733,4438237.31653541],[-13587872.4696737,4438235.29697512],[-13587870.6388369,4438233.42425408],[-13587869.3438739,4438232.1663024],[-13587868.1150862,4438231.06726159],[-13587866.4825996,4438229.62304399],[-13587865.0761111,4438228.3670873],[-13587863.6045253,4438227.03208611],[-13587862.235236,4438226.0954204],[-13587860.7546813,4438225.17644581],[-13587859.3856574,4438224.25572721],[-13587857.9874071,4438223.49539286],[-13587856.9572369,4438222.84092786],[-13587855.9310505,4438222.42617487],[-13587854.8948343,4438222.36365912],[-13587854.2923363,4438222.53365234],[-13587845.8396074,4438233.32809747],[-13587845.5165732,4438234.0213223],[-13587845.3558761,4438234.8876727],[-13587841.1394962,4438235.0983902],[-13587840.0566902,4438235.15246114],[-13587831.3398306,4438235.81039188],[-13587830.3932914,4438235.39442664],[-13587814.7954074,4438228.34601608],[-13587804.9636974,4438224.20806178],[-13587798.0876514,4438221.58811783],[-13587794.9052853,4438220.80252957],[-13587793.077809,4438220.47869461],[-13587791.2312673,4438220.15153626],[-13587790.3581541,4438220.10499627],[-13587785.0622745,4438219.82307067],[-13587780.6985982,4438219.83212419],[-13587774.7967794,4438220.25091838],[-13587767.5463952,4438220.98018729],[-13587750.9043087,4438222.97046679],[-13587745.7491441,4438215.60320808],[-13587744.7749193,4438214.48381309],[-13587743.7304156,4438212.96579689],[-13587743.0244952,4438211.69796519],[-13587739.987664,4438206.51138824],[-13587739.4159116,4438205.39241155],[-13587739.0500304,4438204.4548759],[-13587738.5219373,4438203.34408597],[-13587737.9070276,4438201.80279764],[-13587737.1420655,4438200.26314367],[-13587736.4183286,4438199.42856893],[-13587736.0644363,4438199.1978585],[-13587735.4674216,4438198.75668853],[-13587734.681648,4438198.43398483],[-13587743.3354553,4438193.99613354],[-13587744.3798702,4438192.56446262],[-13587746.5249761,4438191.35764904],[-13587746.8723949,4438191.17598373],[-13587747.4731723,4438190.90993899],[-13587749.507147,4438189.67622323],[-13587751.5439032,4438188.60248012],[-13587752.8860888,4438187.90814049],[-13587753.9126011,4438187.37910831],[-13587756.0211387,4438186.28243258],[-13587768.5283054,4438177.50533522],[-13587768.7099154,4438176.92639892],[-13587769.5127819,4438175.40947007],[-13587770.1051836,4438174.63172905],[-13587770.8725061,4438173.85118312],[-13587771.2934576,4438173.30026614],[-13587771.7005304,4438172.87757198],[-13587773.1400388,4438171.33390011],[-13587773.7153871,4438170.92245433],[-13587773.787073,4438170.87113741],[-13587773.8321859,4438170.83885505],[-13587773.8955907,4438170.79345464],[-13587782.258997,4438159.4089102],[-13587782.9635899,4438160.59674567],[-13587783.0997302,4438160.72886063],[-13587784.0112219,4438161.34688263],[-13587784.4365253,4438161.55491589],[-13587785.0228472,4438161.84176809],[-13587785.3698907,4438161.87853308],[-13587785.6101907,4438161.90402375],[-13587785.8046355,4438161.92463055],[-13587786.5367656,4438161.75862484],[-13587786.8685367,4438161.55360736],[-13587787.4926388,4438160.95268758],[-13587787.7532374,4438160.34052503],[-13587787.9994257,4438159.82456517],[-13587788.1472928,4438159.13428198],[-13587788.1217921,4438157.59920462],[-13587788.3833273,4438157.05095881],[-13587788.8493837,4438156.33939281],[-13587789.7255737,4438155.39700369],[-13587790.4495056,4438154.87303926],[-13587791.3034996,4438154.50678894],[-13587792.982669,4438153.96681891],[-13587794.5388078,4438153.68489024],[-13587796.0635934,4438153.43538999],[-13587797.3697,4438153.44553384],[-13587798.8372198,4438153.58083731],[-13587800.50429,4438154.22475714],[-13587804.541634,4438155.66058055],[-13587809.1531857,4438157.15083838],[-13587814.6601786,4438158.84991464],[-13587819.5492711,4438161.711129],[-13587826.2345636,4438165.30992991],[-13587834.1536987,4438168.40811716],[-13587839.0528961,4438169.95760078],[-13587860.3142265,4438178.54234842],[-13587867.1296825,4438181.35517869],[-13587877.1161485,4438185.21853008],[-13587882.728469,4438188.4673959],[-13587886.272814,4438190.90322691],[-13587887.9154533,4438191.99532323],[-13587889.4799023,4438193.16874006],[-13587892.5971911,4438195.78770096],[-13587897.2972711,4438200.68332871],[-13587900.2625749,4438203.73666465],[-13587902.1783735,4438205.92786471],[-13587905.0593192,4438209.65434688],[-13587906.9896148,4438212.72503688],[-13587910.6097868,4438218.75841053],[-13587915.2600853,4438226.4061161],[-13587915.3758124,4438227.61977593],[-13587911.4938326,4438229.43101982],[-13587902.2794337,4438232.12599113],[-13587901.8319749,4438232.03753141],[-13587897.4099133,4438233.32727206],[-13587892.3853548,4438234.7871322],[-13587889.9344829,4438235.85189861],[-13587879.3598595,4438237.59961056],[-13587879.2517492,4438237.05466605]]]},"properties":{"NAME":"Arts","LOT":"126","F10_MIN":0,"F15_MIN":0,"F20_MIN":3,"F3_HOUR":0,"PERMIT_SPACES":154,"ENFORCEMENT":"Daily, 7:00am-8:30pm","PERMITS_ACCEPTED":"A, N, MC, ADA, Medical, Reserved, Parkmobile","ObjectId":18}},{"type":"Feature","id":19,"geometry":{"type":"Polygon","coordinates":[[[-13587294.5255635,4438515.12929847],[-13587288.6348951,4438511.7924682],[-13587289.0147163,4438511.21762184],[-13587289.1212896,4438511.0372271],[-13587289.2064155,4438510.84563478],[-13587289.2686331,4438510.64525581],[-13587289.307242,4438510.4391165],[-13587289.3216589,4438510.22973875],[-13587289.3116834,4438510.02014049],[-13587289.2776135,4438509.81320572],[-13587289.219743,4438509.61156729],[-13587289.1388698,4438509.41810085],[-13587289.0361631,4438509.23542463],[-13587288.9129127,4438509.06590362],[-13587288.7709106,4438508.91202004],[-13587288.6120657,4438508.77575171],[-13587288.4384119,4438508.65907439],[-13587283.448313,4438504.82750179],[-13587284.295881,4438503.32300697],[-13587285.1641585,4438501.83047584],[-13587286.0531516,4438500.35028513],[-13587286.9623622,4438498.88256874],[-13587287.8919217,4438497.42770132],[-13587288.841459,4438495.98594023],[-13587289.8108534,4438494.55753874],[-13587290.7998609,4438493.1428777],[-13587291.8083586,4438491.74208477],[-13587292.8362277,4438490.35553875],[-13587293.8830973,4438488.98349705],[-13587294.9489715,4438487.62621078],[-13587296.0333543,4438486.28393945],[-13587297.1363729,4438484.95680653],[-13587298.2575353,4438483.64532264],[-13587299.3967188,4438482.34961545],[-13587300.5538003,4438481.06981261],[-13587301.7284129,4438479.80642264],[-13587302.9204318,4438478.55944764],[-13587306.5094295,4438481.42826815],[-13587306.6774606,4438481.62078008],[-13587306.8635868,4438481.79578145],[-13587307.0660285,4438481.95154348],[-13587307.2827582,4438482.08646717],[-13587307.5117545,4438482.19933021],[-13587307.750621,4438482.28891656],[-13587307.9970944,4438482.35451039],[-13587308.2487846,4438482.39527239],[-13587308.5033118,4438482.41099111],[-13587308.758171,4438482.40145719],[-13587309.0108616,4438482.3667124],[-13587309.2587641,4438482.30717735],[-13587309.4997591,4438482.22326426],[-13587309.7313626,4438482.1160195],[-13587309.9512134,4438481.98636179],[-13587310.1573318,4438481.83558026],[-13587310.3476151,4438481.66509174],[-13587310.5202147,4438481.47656003],[-13587310.6735365,4438481.27189586],[-13587310.8059883,4438481.05313556],[-13587310.9163509,4438480.82218361],[-13587311.0035407,4438480.58157027],[-13587311.0665926,4438480.33344699],[-13587311.1050461,4438480.08020802],[-13587311.1184448,4438479.82449873],[-13587311.106703,4438479.56870708],[-13587311.0698605,4438479.31521896],[-13587311.0084609,4438479.06666305],[-13587310.9227939,4438478.82542102],[-13587310.8140243,4438478.59385997],[-13587310.6829398,4438478.37422767],[-13587310.530949,4438478.16851029],[-13587310.3595899,4438477.97894307],[-13587306.9630951,4438474.57533817],[-13587308.2547163,4438473.37656503],[-13587309.5631538,4438472.19635196],[-13587310.8881618,4438471.03495429],[-13587312.2293672,4438469.89250384],[-13587313.5866491,4438468.76925382],[-13587314.9596388,4438467.66558722],[-13587319.9497315,4438471.49713116],[-13587320.1444426,4438471.63166873],[-13587320.3515785,4438471.74615273],[-13587320.5689928,4438471.83936295],[-13587320.7945434,4438471.91033032],[-13587321.0260922,4438471.95833694],[-13587321.2612551,4438471.9829202],[-13587321.4976524,4438471.98386866],[-13587321.7329083,4438471.96122201],[-13587321.9647744,4438471.91514344],[-13587322.1910062,4438471.84604728],[-13587322.4092405,4438471.75472664],[-13587322.6172393,4438471.64197259],[-13587322.8130206,4438471.50894872],[-13587322.9947297,4438471.35694208],[-13587323.1603932,4438471.18761854],[-13587323.3084105,4438471.00251214],[-13587323.4374375,4438470.80352945],[-13587329.4427485,4438461.50156886],[-13587329.5913316,4438461.19210199],[-13587329.717615,4438460.87283359],[-13587329.8209985,4438460.545281],[-13587329.900886,4438460.21121265],[-13587329.9568025,4438459.87214379],[-13587329.988656,4438459.53008566],[-13587329.9960966,4438459.18655139],[-13587329.9791532,4438458.84329901],[-13587329.9378573,4438458.5022121],[-13587329.8726108,4438458.16491682],[-13587329.7834429,4438457.8331712],[-13587329.671133,4438457.5087207],[-13587329.535954,4438457.19294245],[-13587329.3788144,4438456.88783096],[-13587329.2004853,4438456.59462943],[-13587329.0016189,4438456.31495985],[-13587328.7836135,4438456.05018052],[-13587328.5472421,4438455.80166022],[-13587328.294028,4438455.57075513],[-13587328.0248632,4438455.35845524],[-13587327.7475851,4438455.16977946],[-13587327.4577551,4438455.00103372],[-13587327.1570131,4438454.85306989],[-13587326.8466179,4438454.72636937],[-13587326.5283365,4438454.62190745],[-13587326.2034214,4438454.53978884],[-13587325.8736357,4438454.48073771],[-13587325.5406087,4438454.44497804],[-13587325.2058411,4438454.43248475],[-13587324.8710895,4438454.44360532],[-13587324.5378502,4438454.47806353],[-13587324.2078716,4438454.53570454],[-13587323.882779,4438454.61650121],[-13587322.0006656,4438454.80860329],[-13587321.5505169,4438453.34262873],[-13587321.1245107,4438451.86934255],[-13587320.7227824,4438450.38937052],[-13587320.3452089,4438448.9028403],[-13587319.9920509,4438447.4103756],[-13587319.6633123,4438445.91222756],[-13587319.3592517,4438444.40889429],[-13587319.0797502,4438442.90075461],[-13587318.825064,4438441.38818105],[-13587318.5950745,4438439.87155242],[-13587318.3900399,4438438.35136685],[-13587318.2098415,4438436.82800313],[-13587318.0547356,4438435.30183381],[-13587317.9244804,4438433.77336535],[-13587317.8193322,4438432.2429703],[-13587317.7392972,4438430.71102538],[-13587317.6842567,4438429.17790938],[-13587317.654346,4438427.64424809],[-13587317.6495673,4438426.11016708],[-13587317.6699288,4438424.57616862],[-13587317.7153159,4438423.04288267],[-13587317.7858557,4438421.51043272],[-13587317.8815565,4438419.97932105],[-13587318.0021766,4438418.45005413],[-13587318.1478472,4438416.92300657],[-13587318.3185745,4438415.3985551],[-13587318.5141148,4438413.8770806],[-13587318.7346013,4438412.35908328],[-13587318.9799153,4438410.84494192],[-13587319.2499379,4438409.33503534],[-13587319.5446774,4438407.82986581],[-13587319.8640131,4438406.32968657],[-13587320.2079531,4438404.83499989],[-13587320.5761286,4438403.34618877],[-13587320.968796,4438401.86362572],[-13587321.3855884,4438400.38781929],[-13587321.8265099,4438398.91902063],[-13587324.3711874,4438391.65111711],[-13587326.7241283,4438385.21341352],[-13587332.0890974,4438386.21151035],[-13587334.0545829,4438382.92232256],[-13587331.3505007,4438380.98381202],[-13587328.6080315,4438379.75536637],[-13587327.321963,4438371.90524595],[-13587326.4519179,4438366.5942133],[-13587328.1353336,4438366.21652067],[-13587328.6852009,4438366.04693305],[-13587329.2280835,4438365.85585788],[-13587329.7631104,4438365.64356094],[-13587330.2894104,4438365.410308],[-13587330.8062418,4438365.15661388],[-13587331.3128606,4438364.88286784],[-13587331.8083956,4438364.58933564],[-13587332.2919821,4438364.27665978],[-13587332.763124,4438363.94509975],[-13587333.2210837,4438363.59542153],[-13587333.664865,4438363.22789297],[-13587334.0941053,4438362.84327378],[-13587334.5080628,4438362.44207878],[-13587334.5711929,4438362.25914632],[-13587334.6123341,4438362.07004982],[-13587334.6306525,4438361.87731533],[-13587334.6259459,4438361.68383516],[-13587334.596639,4438361.4926502],[-13587334.546395,4438361.30596013],[-13587334.4745097,4438361.12654004],[-13587334.3818997,4438360.95688674],[-13587334.271343,4438360.79858668],[-13587334.1411577,4438360.65581297],[-13587333.9951135,4438360.52963305],[-13587333.8349879,4438360.42165011],[-13587333.6633129,4438360.33370591],[-13587332.5570253,4438359.81686076],[-13587331.4407201,4438359.32191275],[-13587330.3147825,4438358.84948347],[-13587329.1798358,4438358.39943689],[-13587328.0362612,4438357.97214346],[-13587327.5138135,4438357.78869687],[-13587326.8844339,4438357.56759689],[-13587325.7248602,4438357.18616555],[-13587324.5580403,4438356.82784106],[-13587323.3843513,4438356.49274272],[-13587322.2042975,4438356.18111333],[-13587321.0182561,4438355.89307217],[-13587312.4291854,4438346.69716957],[-13587310.6425752,4438338.97325376],[-13587312.238972,4438329.71180077],[-13587326.1821554,4438306.03794463],[-13587331.778193,4438308.41646856],[-13587332.5811357,4438307.88857098],[-13587333.4039909,4438307.39249555],[-13587334.2453897,4438306.92864198],[-13587335.1041005,4438306.49816128],[-13587335.9787519,4438306.10132757],[-13587336.8681063,4438305.73891515],[-13587337.7707965,4438305.41144929],[-13587338.6854577,4438305.11958081],[-13587339.6107164,4438304.86345828],[-13587340.5452058,4438304.64360694],[-13587341.4875546,4438304.46030093],[-13587342.4361437,4438304.3139441],[-13587343.3897247,4438304.20468293],[-13587344.3467994,4438304.13266805],[-13587345.3059925,4438304.09792247],[-13587346.2656826,4438304.10072447],[-13587347.2246153,4438304.14084381],[-13587348.1812924,4438304.21843114],[-13587349.1342071,4438304.33313482],[-13587350.0819841,4438304.48497785],[-13587351.0232439,4438304.67373207],[-13587351.9564778,4438304.89892028],[-13587352.8801813,4438305.16031642],[-13587353.7932227,4438305.45756259],[-13587354.6940935,4438305.79018159],[-13587355.5812849,4438306.15769623],[-13587356.4536611,4438306.55949745],[-13587357.3099636,4438306.99510389],[-13587358.1486774,4438307.46366164],[-13587358.9686669,4438307.96456167],[-13587359.768669,4438308.49707145],[-13587360.5475442,4438309.0603308],[-13587361.3039044,4438309.65360932],[-13587362.0368578,4438310.27591706],[-13587362.7452625,4438310.92626828],[-13587363.4279786,4438311.6038028],[-13587364.0839871,4438312.30740722],[-13587364.7122711,4438313.0360937],[-13587365.2949935,4438313.57386787],[-13587365.878363,4438314.15823083],[-13587366.1972289,4438314.49442231],[-13587366.6569714,4438315.01478317],[-13587367.0979691,4438315.55115803],[-13587367.5197114,4438316.10292741],[-13587367.9218107,4438316.66934414],[-13587368.3036293,4438317.24966525],[-13587368.6647818,4438317.84326918],[-13587369.0046305,4438318.44941295],[-13587369.3230358,4438319.06721966],[-13587369.61936,4438319.69594633],[-13587369.8932155,4438320.33484582],[-13587370.1444628,4438320.98304123],[-13587370.3727163,4438321.63991097],[-13587370.5775822,4438322.30433119],[-13587370.7588001,4438322.97567819],[-13587370.9163553,4438323.65307302],[-13587371.0497332,4438324.33564501],[-13587371.1590463,4438325.02263867],[-13587371.2440257,4438325.71292804],[-13587371.3046612,4438326.40588525],[-13587371.340688,4438327.10063551],[-13587371.3522124,4438327.79604657],[-13587371.3392262,4438328.49161617],[-13587371.3017105,4438329.18621416],[-13587371.2396509,4438329.87896154],[-13587371.1531619,4438330.56922837],[-13587371.0424749,4438331.25588034],[-13587370.9074523,4438331.93816611],[-13587362.9467728,4438350.86787343],[-13587356.7224382,4438349.30147373],[-13587356.2234349,4438349.25731059],[-13587355.9680098,4438349.27778277],[-13587355.7158787,4438349.32344668],[-13587355.4694068,4438349.39363474],[-13587355.2309636,4438349.48793053],[-13587355.0029059,4438349.60516422],[-13587354.7874697,4438349.74441918],[-13587354.5866329,4438349.90428072],[-13587354.4024958,4438350.08320644],[-13587354.2366549,4438350.27941119],[-13587354.0909544,4438350.49098006],[-13587353.9664863,4438350.71588511],[-13587353.8647177,4438350.95209213],[-13587353.7866074,4438351.19707297],[-13587353.7327451,4438351.44868248],[-13587353.7038393,4438351.7043967],[-13587353.6999735,4438351.96170212],[-13587353.7213562,4438352.21808315],[-13587353.7678228,4438352.471156],[-13587353.8387065,4438352.71841973],[-13587353.9334676,4438352.95749682],[-13587354.0511914,4438353.18601606],[-13587354.1907172,4438353.40186155],[-13587354.3506342,4438353.60292156],[-13587354.6935015,4438353.75721302],[-13587361.1863044,4438355.22969606],[-13587356.5646886,4438372.65124656],[-13587351.9583841,4438373.85680406],[-13587351.6978159,4438373.93677384],[-13587351.4457744,4438374.04071749],[-13587351.2044957,4438374.16771839],[-13587350.9759636,4438374.31673853],[-13587350.7622828,4438374.48648668],[-13587350.565179,4438374.67542673],[-13587350.3863755,4438374.88189701],[-13587350.2275958,4438375.10423582],[-13587350.0899297,4438375.34028965],[-13587349.9748507,4438375.588401],[-13587349.8831924,4438375.84604381],[-13587349.8157946,4438376.11106875],[-13587349.7732471,4438376.38133065],[-13587349.7557605,4438376.65443947],[-13587349.7637953,4438376.92800102],[-13587349.79706,4438377.19950803],[-13587349.855269,4438377.46682996],[-13587349.9381327,4438377.72758516],[-13587350.0446114,4438377.97940446],[-13587350.1740445,4438378.2201636],[-13587350.3251484,4438378.44787435],[-13587350.4966373,4438378.66042287],[-13587350.6871068,4438378.85607416],[-13587350.8949023,4438379.03309737],[-13587351.1182463,4438379.18988934],[-13587351.3549924,4438379.32522988],[-13587351.6033672,4438379.43776693],[-13587351.8609825,4438379.5267868],[-13587352.1256942,4438379.59119485],[-13587352.3953703,4438379.63064989],[-13587352.667379,4438379.6448191],[-13587352.9397155,4438379.63348477],[-13587353.2096311,4438379.59681844],[-13587353.4751294,4438379.53510468],[-13587353.7335911,4438379.44876411],[-13587353.98303,4438379.33870915],[-13587354.2212103,4438379.20585643],[-13587354.4461499,4438379.05136951],[-13587354.6556193,4438378.87654174],[-13587359.4121424,4438371.11283636],[-13587369.5809911,4438374.79043805],[-13587369.0384596,4438383.41006212],[-13587369.1136437,4438383.80358587],[-13587369.212005,4438384.1919492],[-13587369.3332685,4438384.57364942],[-13587369.4769133,4438384.94743919],[-13587369.6424163,4438385.31194556],[-13587369.8293817,4438385.6659191],[-13587370.0369133,4438386.00811872],[-13587370.2643632,4438386.33717357],[-13587370.5109665,4438386.6522172],[-13587370.775823,4438386.95175737],[-13587371.0580451,4438387.23505528],[-13587371.3564886,4438387.50099959],[-13587371.6701346,4438387.74847688],[-13587371.9979725,4438387.976876],[-13587372.3387351,4438388.18521328],[-13587372.6912848,4438388.37275411],[-13587373.0543608,4438388.53889151],[-13587373.4265772,4438388.68302061],[-13587373.8066755,4438388.80466004],[-13587374.1933949,4438388.90320283],[-13587374.5852329,4438388.97854848],[-13587374.9808078,4438389.03034328],[-13587375.3787402,4438389.05835905],[-13587375.7777776,4438389.06249115],[-13587380.6218815,4438388.99131634],[-13587380.6822032,4438389.59736335],[-13587380.721792,4438390.20513863],[-13587380.7405107,4438390.81389083],[-13587380.7384736,4438391.42299002],[-13587380.7156664,4438392.03155719],[-13587380.6720806,4438392.63909006],[-13587380.6077017,4438393.24470962],[-13587380.5226422,4438393.84766036],[-13587380.4171439,4438394.4474358],[-13587380.2910671,4438395.04315904],[-13587379.9636185,4438396.58906942],[-13587379.9171157,4438396.80174476],[-13587379.5639138,4438398.36340985],[-13587379.4146527,4438398.99406262],[-13587379.1682189,4438400.01747818],[-13587378.9996953,4438400.69329452],[-13587378.7501158,4438401.67028842],[-13587378.5695531,4438402.35924356],[-13587378.185879,4438403.7802371],[-13587377.6936203,4438405.50914892],[-13587377.1778593,4438407.23116868],[-13587376.6385877,4438408.94579407],[-13587376.0761806,4438410.65301882],[-13587375.4903775,4438412.35221924],[-13587374.8815514,4438414.04326349],[-13587366.6510043,4438413.93690807],[-13587366.4547345,4438414.0026151],[-13587366.2672144,4438414.09065947],[-13587366.0911761,4438414.19986504],[-13587365.9289703,4438414.32868525],[-13587365.7824454,4438414.47545633],[-13587365.6539459,4438414.63825498],[-13587365.5449348,4438414.81479584],[-13587365.4568771,4438415.0029191],[-13587365.3911044,4438415.19996478],[-13587365.3484483,4438415.40328124],[-13587365.3293631,4438415.61009753],[-13587365.3341824,4438415.81789594],[-13587365.3629813,4438416.02366068],[-13587365.4150908,4438416.22476517],[-13587365.489965,4438416.41845519],[-13587365.5866851,4438416.60210837],[-13587365.7038361,4438416.77336182],[-13587365.8398801,4438416.92998033],[-13587365.9930292,4438417.06973286],[-13587366.1611265,4438417.19077136],[-13587366.3420196,4438417.29149892],[-13587373.4333348,4438419.36116267],[-13587368.3849307,4438442.29706751],[-13587359.5424277,4438440.38867759],[-13587359.3429791,4438440.37580784],[-13587359.1435612,4438440.38743092],[-13587358.9469248,4438440.42350086],[-13587358.7563123,4438440.48346103],[-13587358.5743329,4438440.56626298],[-13587358.4037228,4438440.67098172],[-13587358.2473286,4438440.79581118],[-13587358.1072468,4438440.93895783],[-13587357.9855655,4438441.09812583],[-13587357.884375,4438441.27114495],[-13587357.8048818,4438441.45535726],[-13587357.7832981,4438441.65480499],[-13587357.7862481,4438441.85547557],[-13587357.8135571,4438442.05435736],[-13587357.8649207,4438442.24818964],[-13587357.9394222,4438442.43447562],[-13587358.0361342,4438442.61009061],[-13587358.1535127,4438442.77242268],[-13587358.2897697,4438442.91924077],[-13587358.4429902,4438443.04819037],[-13587358.6106402,4438443.15730411],[-13587358.790319,4438443.24511484],[-13587367.4163241,4438445.97583095],[-13587361.381617,4438466.21867587],[-13587359.1672827,4438468.88426877],[-13587357.4142997,4438470.67257179],[-13587356.6319697,4438471.39595651],[-13587354.8403028,4438472.90279202],[-13587353.5968675,4438473.83912561],[-13587352.1355944,4438474.83788411],[-13587351.1631343,4438475.44662666],[-13587349.8902056,4438476.18059708],[-13587348.7649049,4438476.77393203],[-13587347.407917,4438477.42414531],[-13587345.9755233,4438478.03730842],[-13587344.5816195,4438478.56554555],[-13587342.5997411,4438479.228337],[-13587340.942157,4438479.83006443],[-13587340.039579,4438480.15765945],[-13587338.6654476,4438480.65642454],[-13587337.0817074,4438481.23116785],[-13587335.9197935,4438481.65290578],[-13587334.9554284,4438482.00301184],[-13587333.4644334,4438482.54417486],[-13587332.4153953,4438483.17353933],[-13587332.315821,4438482.96104268],[-13587331.306574,4438483.32734818],[-13587330.9719721,4438483.39285448],[-13587330.4498167,4438483.03116393],[-13587327.382265,4438479.37198268],[-13587326.1836477,4438478.77867153],[-13587325.0267481,4438478.87650854],[-13587324.1784357,4438479.39951968],[-13587323.5553221,4438480.43275307],[-13587323.462616,4438481.1405926],[-13587323.7434955,4438482.16562852],[-13587325.1094219,4438483.53440794],[-13587327.2179617,4438485.64743707],[-13587327.9208812,4438486.35868731],[-13587323.2161205,4438491.02336136],[-13587321.7036075,4438492.52301693],[-13587319.26471,4438495.07253055],[-13587317.9638392,4438496.558601],[-13587316.7631026,4438497.96637764],[-13587316.5753204,4438498.18970553],[-13587314.8838767,4438500.24326599],[-13587313.6591059,4438501.77818245],[-13587310.6390594,4438505.75036765],[-13587308.5883297,4438508.61432367],[-13587307.3726716,4438510.38234189],[-13587305.6489549,4438512.98698125],[-13587303.1282626,4438517.02443104],[-13587302.0627985,4438518.82184492],[-13587301.8975851,4438519.30530657],[-13587294.5255635,4438515.12929847]],[[-13587353.0373857,4438441.07908518],[-13587353.4313046,4438440.42700755],[-13587353.8037511,4438439.7622257],[-13587354.1542377,4438439.08550143],[-13587354.1760198,4438439.04142618],[-13587354.310092,4438438.79977863],[-13587354.4218437,4438438.54707392],[-13587354.5104288,4438438.28508466],[-13587354.5752638,4438438.01633276],[-13587354.6156296,4438437.74271434],[-13587354.6313137,4438437.46649388],[-13587354.6222305,4438437.19005933],[-13587354.5882905,4438436.91554751],[-13587354.5300332,4438436.64533594],[-13587354.4476149,4438436.38130609],[-13587354.3419525,4438436.1259548],[-13587354.2138274,4438435.88115308],[-13587354.0641481,4438435.64889549],[-13587353.8943233,4438435.43116817],[-13587347.3230066,4438429.28363902],[-13587352.4007735,4438403.16604693],[-13587353.8942508,4438395.48436934],[-13587354.2858228,4438393.18123798],[-13587360.0336776,4438392.7253086],[-13587360.2137188,4438392.69918785],[-13587360.3889968,4438392.64978392],[-13587360.5562732,4438392.57790459],[-13587360.7129451,4438392.48497503],[-13587360.8562847,4438392.37242249],[-13587360.9839476,4438392.24217027],[-13587361.0937184,4438392.09639069],[-13587361.1837613,4438391.93750096],[-13587361.2524966,4438391.76829084],[-13587361.2988467,4438391.59166726],[-13587361.3219824,4438391.41040744],[-13587361.3215784,4438391.22753137],[-13587361.2975658,4438391.04643156],[-13587361.2503656,4438390.86986432],[-13587361.180782,4438390.70108198],[-13587361.0901091,4438390.54270062],[-13587360.979641,4438390.39733636],[-13587360.8514239,4438390.26771834],[-13587360.7074916,4438390.15582225],[-13587360.5503783,4438390.06361546],[-13587360.3827345,4438389.99256092],[-13587360.2073339,4438389.94399395],[-13587360.0270668,4438389.91874548],[-13587347.4874752,4438387.67937656],[-13587347.2447143,4438387.64901761],[-13587347.000121,4438387.64393614],[-13587346.7563272,4438387.66446498],[-13587346.5159525,4438387.71018355],[-13587346.2816163,4438387.78067124],[-13587346.0558068,4438387.87513282],[-13587345.8408851,4438387.99264961],[-13587345.6393289,4438388.13179851],[-13587345.4531159,4438388.29116482],[-13587345.2843447,4438388.46908058],[-13587345.1348596,4438388.66363088],[-13587345.0062485,4438388.87252825],[-13587344.8998556,4438389.09386616],[-13587344.8168875,4438389.32498669],[-13587344.75818,4438389.56348936],[-13587344.7244417,4438389.80685022],[-13587344.7160039,4438390.05242598],[-13587344.732821,4438390.29745407],[-13587344.7748532,4438390.53954864],[-13587344.8416799,4438390.77595337],[-13587344.932382,4438391.00404589],[-13587345.0462969,4438391.22157636],[-13587345.1818806,4438391.42593285],[-13587345.3379765,4438391.61525059],[-13587345.5126716,4438391.78730064],[-13587345.7041822,4438391.9401031],[-13587345.9103599,4438392.07231221],[-13587346.1290519,4438392.18233106],[-13587348.8383033,4438392.81721071],[-13587348.570309,4438393.49820547],[-13587348.3224513,4438394.18677693],[-13587348.0952239,4438394.88254003],[-13587347.8886144,4438395.58474133],[-13587347.3413001,4438396.76139982],[-13587346.8156622,4438397.94799587],[-13587346.3121966,4438399.14426998],[-13587345.830768,4438400.34959639],[-13587345.3716221,4438401.56371979],[-13587344.9350008,4438402.78613371],[-13587344.5210229,4438404.01645936],[-13587344.1298072,4438405.25431793],[-13587343.7614703,4438406.49920507],[-13587343.4161333,4438407.75086751],[-13587343.0939085,4438409.00854978],[-13587342.7950441,4438410.27212211],[-13587342.5195296,4438411.54095666],[-13587342.2673609,4438412.81480227],[-13587342.0389027,4438414.09302483],[-13587341.8339007,4438415.37537737],[-13587341.6527197,4438416.66122576],[-13587341.4952305,4438417.95032097],[-13587341.3615477,4438419.24203304],[-13587336.0205195,4438419.18420577],[-13587335.7979407,4438419.22460254],[-13587335.5808794,4438419.28852116],[-13587335.371826,4438419.37529198],[-13587335.1731395,4438419.4838707],[-13587334.9871767,4438419.6130875],[-13587334.8157903,4438419.76152974],[-13587334.6611997,4438419.92727624],[-13587334.5250033,4438420.10866738],[-13587334.4087912,4438420.30354131],[-13587334.3139034,4438420.50974028],[-13587334.2414278,4438420.72498524],[-13587334.1920708,4438420.94662661],[-13587334.1665453,4438421.17239157],[-13587334.1649304,4438421.39951545],[-13587334.1875619,4438421.62560611],[-13587334.2338936,4438421.84790934],[-13587334.3035111,4438422.06404552],[-13587334.3956226,4438422.27151575],[-13587334.5091881,4438422.46795091],[-13587334.6429199,4438422.65111155],[-13587334.7952844,4438422.81901363],[-13587334.9646227,4438422.96967514],[-13587335.1489052,4438423.10137151],[-13587335.3461085,4438423.21275489],[-13587335.553957,4438423.30235601],[-13587335.7700583,4438423.36921],[-13587335.9921495,4438423.41260104],[-13587336.2174713,4438423.4320728],[-13587340.8850684,4438423.58430609],[-13587340.8116227,4438424.72227436],[-13587340.7605831,4438425.8613756],[-13587340.7318204,4438427.00136072],[-13587340.7254493,4438428.14159981],[-13587340.7414656,4438429.28184169],[-13587340.7797339,4438430.42146061],[-13587340.840248,4438431.56007984],[-13587340.9232537,4438432.69744407],[-13587341.0283635,4438433.83280614],[-13587341.1558233,4438434.96591071],[-13587341.3053747,4438436.09625967],[-13587341.4770115,4438437.2234763],[-13587335.5172522,4438438.61469005],[-13587335.3570497,4438438.6908473],[-13587335.2084561,4438438.78828933],[-13587335.0745639,4438438.90495475],[-13587334.9574655,4438439.03879888],[-13587334.859745,4438439.18726639],[-13587334.7828611,4438439.34782078],[-13587334.7282623,4438439.51729767],[-13587334.6972741,4438439.69266034],[-13587334.6900924,4438439.87063975],[-13587334.7070361,4438440.04783916],[-13587334.7478052,4438440.22124903],[-13587334.8115913,4438440.38736588],[-13587334.8972233,4438440.54344592],[-13587335.0031467,4438440.68624935],[-13587335.1273214,4438440.81342373],[-13587335.2675781,4438440.92236757],[-13587335.4212619,4438441.01136674],[-13587335.5854639,4438441.07846013],[-13587335.7572915,4438441.12269123],[-13587335.933475,4438441.14298422],[-13587336.1107596,4438441.13914228],[-13587342.0285842,4438440.6061471],[-13587342.1648477,4438441.53838538],[-13587342.3211959,4438442.46752472],[-13587342.4972456,4438443.39306912],[-13587342.6929905,4438444.31464184],[-13587342.9084243,4438445.23186617],[-13587343.1432865,4438446.14411842],[-13587343.3976981,4438447.05114536],[-13587343.6712756,4438447.95245097],[-13587337.8934503,4438449.43206879],[-13587337.7773469,4438449.52783751],[-13587337.6758825,4438449.63906249],[-13587337.5911453,4438449.76344787],[-13587337.5247233,4438449.8987062],[-13587337.4779461,4438450.0420519],[-13587337.4516412,4438450.19058219],[-13587337.4466358,4438450.34139428],[-13587337.462753,4438450.49135095],[-13587337.4998177,4438450.63744056],[-13587337.5569028,4438450.77653842],[-13587337.6328413,4438450.9061519],[-13587337.7262162,4438451.02379253],[-13587337.8352353,4438451.12697813],[-13587337.957492,4438451.2138648],[-13587338.0907021,4438451.282481],[-13587338.2323464,4438451.33173837],[-13587338.379278,4438451.36043344],[-13587338.528861,4438451.3679822],[-13587339.2671788,4438451.18883742],[-13587339.9992164,4438450.98542978],[-13587340.7242276,4438450.75802296],[-13587341.4413413,4438450.50688273],[-13587342.1499345,4438450.23214514],[-13587342.8491382,4438449.93420151],[-13587343.5382063,4438449.61331553],[-13587344.2163948,4438449.26987647],[-13587344.8829598,4438448.90427359],[-13587345.5372823,4438448.51689405],[-13587346.1784934,4438448.1081292],[-13587346.8061012,4438447.6784897],[-13587347.4192346,4438447.2282413],[-13587348.0172809,4438446.75814793],[-13587348.5997443,4438446.26846907],[-13587349.1658868,4438445.75997071],[-13587349.7149625,4438445.23291652],[-13587350.2466109,4438444.6881918],[-13587350.7600859,4438444.12606022],[-13587351.2549019,4438443.54740917],[-13587351.7305672,4438442.95274928],[-13587352.1865919,4438442.3427168],[-13587352.6222363,4438441.7179521],[-13587353.0373857,4438441.07908518]],[[-13587344.558321,4438349.58892782],[-13587344.7322738,4438349.26333926],[-13587344.8845357,4438348.92693431],[-13587345.0145065,4438348.58123024],[-13587345.121713,4438348.22786787],[-13587345.2055509,4438347.86811333],[-13587356.0281512,4438321.10179333],[-13587356.1273905,4438320.74316387],[-13587356.1497054,4438320.29350006],[-13587356.147122,4438319.84324756],[-13587356.1196654,4438319.39391322],[-13587356.0673563,4438318.94675275],[-13587355.9903448,4438318.5032709],[-13587355.8889016,4438318.0647192],[-13587355.763302,4438317.63260033],[-13587355.6140646,4438317.20803604],[-13587355.4414646,4438316.79252901],[-13587355.246148,4438316.38732451],[-13587355.0287606,4438315.99366777],[-13587354.7898214,4438315.61268058],[-13587354.5302265,4438315.245604],[-13587354.2506217,4438314.89368331],[-13587353.952024,4438314.55790635],[-13587353.6353253,4438314.23926303],[-13587353.3014195,4438313.93886888],[-13587352.9514466,4438313.65758407],[-13587352.5864212,4438313.39627087],[-13587352.2074813,4438313.1556639],[-13587351.5814043,4438312.95259838],[-13587350.9480936,4438312.77339314],[-13587350.3085536,4438312.61828261],[-13587349.6636657,4438312.48762887],[-13587349.0141822,4438312.38154493],[-13587348.3613556,4438312.3001355],[-13587347.7058131,4438312.24351568],[-13587347.0485591,4438312.21191989],[-13587346.3907168,4438312.20520377],[-13587345.7330384,4438312.22348033],[-13587345.0765243,4438312.26673286],[-13587344.4220477,4438312.33482118],[-13587343.7706086,4438312.42772855],[-13587343.1232054,4438312.5453127],[-13587342.4807091,4438312.68730786],[-13587341.8438678,4438312.85357592],[-13587341.2138048,4438313.0439725],[-13587340.5913889,4438313.25810629],[-13587339.9774913,4438313.49571149],[-13587339.7015059,4438313.65657686],[-13587339.4387463,4438313.8381973],[-13587339.1905733,4438314.03967083],[-13587338.9585916,4438314.25971459],[-13587338.7441537,4438314.49692431],[-13587338.5484891,4438314.75002339],[-13587338.372696,4438315.01736062],[-13587338.218004,4438315.29765939],[-13587338.0851299,4438315.58889804],[-13587337.9749262,4438315.88968067],[-13587337.8881097,4438316.1979856],[-13587337.8251535,4438316.51217207],[-13587337.7863995,4438316.83022468],[-13587337.7720664,4438317.15025568],[-13587337.7823753,4438317.47050291],[-13587337.8170448,4438317.78908698],[-13587337.8760417,4438318.10399877],[-13587337.9588346,4438318.41336307],[-13587338.0651464,4438318.71555165],[-13587338.1943187,4438319.00856581],[-13587338.3454472,4438319.2906622],[-13587338.5177565,4438319.56034649],[-13587338.7102195,4438319.81600298],[-13587339.0638997,4438320.17007766],[-13587341.5301632,4438322.73957196],[-13587336.4456915,4438331.96586501],[-13587333.1177289,4438331.43565534],[-13587332.6043311,4438331.46621583],[-13587332.3722173,4438331.54244357],[-13587332.1484719,4438331.64063805],[-13587331.9350827,4438331.76001241],[-13587331.7341547,4438331.89927542],[-13587331.5474216,4438332.05739328],[-13587331.3767319,4438332.23270222],[-13587331.2235631,4438332.42379589],[-13587331.0893823,4438332.62864008],[-13587330.9752877,4438332.84558356],[-13587330.8826194,4438333.07246866],[-13587330.8119672,4438333.30715021],[-13587330.76405,4438333.54773213],[-13587330.8107321,4438333.82140035],[-13587330.8803475,4438334.09028916],[-13587330.9727317,4438334.35201476],[-13587331.0868574,4438334.60496148],[-13587331.2221931,4438334.84725409],[-13587331.3775804,4438335.07690227],[-13587331.5519939,4438335.29241588],[-13587331.7441584,4438335.49230896],[-13587331.9525444,4438335.67484859],[-13587332.1756328,4438335.8389297],[-13587332.4119022,4438335.98332166],[-13587332.6595816,4438336.106798],[-13587332.9169078,4438336.20863456],[-13587333.1818679,4438336.28811134],[-13587333.452699,4438336.34450417],[-13587333.7272691,4438336.37747184],[-13587334.0036967,4438336.386669],[-13587334.2798582,4438336.37225672],[-13587338.5776699,4438335.89522962],[-13587344.0453833,4438345.72230961],[-13587338.8361535,4438350.63514216],[-13587338.7487182,4438350.77024798],[-13587338.6809774,4438350.91645481],[-13587338.6343797,4438351.07059828],[-13587338.6097543,4438351.22990122],[-13587338.6076724,4438351.39108833],[-13587338.628082,4438351.55102032],[-13587338.6706789,4438351.70643654],[-13587338.734538,4438351.85433789],[-13587338.818361,4438351.99185714],[-13587338.9205997,4438352.11613124],[-13587339.0392119,4438352.22468217],[-13587339.1717888,4438352.31554052],[-13587339.3157964,4438352.38673893],[-13587339.6834675,4438352.40006337],[-13587340.0512371,4438352.38914421],[-13587340.417482,4438352.3541342],[-13587340.7805767,4438352.29506049],[-13587341.1391499,4438352.21219723],[-13587341.4915804,4438352.1058227],[-13587341.8362532,4438351.97659193],[-13587342.1716762,4438351.82503229],[-13587342.4966073,4438351.65166696],[-13587342.8094336,4438351.45727653],[-13587343.1090423,4438351.24263323],[-13587343.3938267,4438351.00889438],[-13587343.6629241,4438350.75682801],[-13587343.9148526,4438350.48758937],[-13587344.1487559,4438350.20232321],[-13587344.3635316,4438349.90242963],[-13587344.558321,4438349.58892782]]]},"properties":{"NAME":"Hahn Student Services","LOT":"101","F10_MIN":0,"F15_MIN":0,"F20_MIN":1,"F3_HOUR":0,"PERMIT_SPACES":122,"ENFORCEMENT":"Mon-Fri, 7:00am-8:30pm","PERMITS_ACCEPTED":"A, N, NC, MC, ADA, Medical, Reserved, Parkmobile, R Permits after 5:00 p.m. only","ObjectId":19}},{"type":"Feature","id":21,"geometry":{"type":"Polygon","coordinates":[[[-13586782.227188,4436365.5067338],[-13586770.1249852,4436392.65664956],[-13586769.5438275,4436392.7126698],[-13586769.2417727,4436392.93546104],[-13586768.7931456,4436393.4674916],[-13586768.2183146,4436394.30791992],[-13586767.5042329,4436395.1967565],[-13586765.9434611,4436397.19791485],[-13586760.7182258,4436393.40470127],[-13586754.4017463,4436388.77193403],[-13586748.8880795,4436384.67810539],[-13586743.0553892,4436380.43801081],[-13586738.157768,4436376.88597946],[-13586730.3540093,4436370.97958],[-13586724.5298304,4436366.7920835],[-13586720.8079055,4436363.99091633],[-13586716.5372833,4436360.87890239],[-13586714.8724677,4436359.65331577],[-13586715.762781,4436358.3125956],[-13586716.7785339,4436356.81406503],[-13586717.6021212,4436355.61259633],[-13586718.3194966,4436354.57477149],[-13586719.1828942,4436353.38369121],[-13586720.3846291,4436351.81198927],[-13586725.4013375,4436345.06005028],[-13586729.9988097,4436338.31069932],[-13586730.3548706,4436338.07960167],[-13586730.7448787,4436337.91273887],[-13586731.1575348,4436337.81494562],[-13586731.5807605,4436337.78931144],[-13586732.0020592,4436337.83629559],[-13586732.409282,4436337.95471899],[-13586734.0709152,4436338.48023481],[-13586735.9780415,4436339.2121371],[-13586737.6666685,4436339.9411477],[-13586739.4694357,4436340.74435976],[-13586741.0135361,4436341.56569346],[-13586742.4055648,4436342.28746162],[-13586744.023376,4436343.20326075],[-13586745.320993,4436343.90964747],[-13586746.5053999,4436344.63600335],[-13586747.690076,4436345.40894554],[-13586749.0482851,4436346.24831865],[-13586750.7529033,4436347.32467197],[-13586754.3536321,4436349.66205924],[-13586755.0867673,4436350.09378059],[-13586756.1921655,4436350.76820501],[-13586760.6429364,4436353.39270398],[-13586764.8522328,4436356.09192653],[-13586765.6235408,4436356.54837914],[-13586768.0362603,4436357.68363885],[-13586768.3992079,4436357.85441277],[-13586768.7354475,4436358.07372948],[-13586770.7332908,4436359.37676983],[-13586772.3661736,4436360.33413389],[-13586774.2590501,4436361.44452128],[-13586777.3318064,4436363.30971913],[-13586779.8291675,4436364.79984334],[-13586781.0017846,4436365.34203866],[-13586782.0901246,4436365.51341239],[-13586782.227188,4436365.5067338]]]},"properties":{"NAME":"Carriage House","LOT":"115","F10_MIN":0,"F15_MIN":0,"F20_MIN":0,"F3_HOUR":0,"PERMIT_SPACES":46,"ENFORCEMENT":"Mon-Fri, 7:00am-5:00pm","PERMITS_ACCEPTED":"A, N, NC, MC, ADA","ObjectId":21}},{"type":"Feature","id":22,"geometry":{"type":"Polygon","coordinates":[[[-13587019.0327532,4436097.48400961],[-13587026.0038717,4436097.28433764],[-13587025.7852964,4436097.82847572],[-13587025.0822073,4436099.23576359],[-13587024.2039359,4436101.05134293],[-13587023.6861017,4436102.9088811],[-13587023.4215246,4436103.36311873],[-13587022.9518086,4436105.49148208],[-13587022.6996733,4436106.98530699],[-13587022.564022,4436108.06001524],[-13587022.494037,4436108.61423302],[-13587022.645807,4436111.83318243],[-13587022.7165934,4436112.28760274],[-13587022.7668092,4436112.60962906],[-13587022.8121497,4436112.93173671],[-13587024.2562823,4436115.43605744],[-13587025.6370063,4436116.52578199],[-13587027.3823228,4436116.35878116],[-13587031.8055158,4436113.23517757],[-13587034.0210449,4436112.5727076],[-13587037.1937946,4436136.4362284],[-13587037.0667457,4436145.09190468],[-13587031.878462,4436149.63238851],[-13587028.2847849,4436152.75622973],[-13587028.0119398,4436152.98280608],[-13587025.6673367,4436154.92922173],[-13587024.2767098,4436156.08376671],[-13587023.6146825,4436156.66255597],[-13587022.9536753,4436157.32571776],[-13587022.4427573,4436158.18780568],[-13587022.2260161,4436159.02439132],[-13587020.2672039,4436148.04448624],[-13587020.8030244,4436148.96031613],[-13587021.2888105,4436148.99804918],[-13587021.8334193,4436148.88021251],[-13587022.3506503,4436148.67203849],[-13587022.8255961,4436148.37942686],[-13587023.244893,4436148.01088882],[-13587023.5964585,4436147.57679789],[-13587023.8703662,4436147.0893753],[-13587024.0588484,4436146.56281556],[-13587024.1563975,4436146.01190335],[-13587024.1603959,4436145.45225421],[-13587024.0706115,4436144.90007178],[-13587017.7414709,4436119.60772183],[-13587017.3354005,4436118.15237656],[-13587017.0673148,4436117.60819289],[-13587016.7228287,4436117.10936195],[-13587016.4173371,4436116.7455061],[-13587016.0577186,4436116.43554755],[-13587015.6531129,4436116.18774763],[-13587015.2141285,4436116.0084595],[-13587014.7522199,4436115.9022641],[-13587014.2793127,4436115.87197638],[-13587013.807674,4436115.91839637],[-13587013.349538,4436116.04031534],[-13587012.9169805,4436116.234518],[-13587012.5209232,4436116.49605014],[-13587012.2645469,4436116.85646919],[-13587012.2091644,4436117.65858828],[-13587009.29864,4436108.49088255],[-13587009.6736315,4436109.20118201],[-13587010.1725136,4436109.43359574],[-13587010.6795134,4436109.43857586],[-13587011.3887192,4436109.20246187],[-13587012.3077512,4436108.77774426],[-13587013.4608332,4436107.98845938],[-13587014.3499301,4436107.01633944],[-13587014.9549616,4436106.12154259],[-13587015.3927039,4436105.42430939],[-13587015.878963,4436104.69688143],[-13587016.2763267,4436104.06072536],[-13587016.6286817,4436103.42494335],[-13587016.9789219,4436102.60836284],[-13587017.3307793,4436101.92738074],[-13587017.7249102,4436101.02015362],[-13587018.1662874,4436100.29322336],[-13587018.427632,4436099.56791487],[-13587018.6460807,4436099.02365339],[-13587018.8190275,4436098.43481695],[-13587019.0819873,4436097.84498135],[-13587019.0327532,4436097.48400961]]]},"properties":{"NAME":"Cook House","LOT":"117B","F10_MIN":2,"F15_MIN":0,"F20_MIN":0,"F3_HOUR":0,"PERMIT_SPACES":5,"ENFORCEMENT":"Mon-Fri, 7:00am-5:00pm","PERMITS_ACCEPTED":"A, ADA","ObjectId":22}},{"type":"Feature","id":23,"geometry":{"type":"MultiPolygon","coordinates":[[[[-13587804.526786,4438439.2818886],[-13587805.0462228,4438436.40758689],[-13587809.6244708,4438437.14304394],[-13587809.8345751,4438437.16489579],[-13587810.0456646,4438437.16324262],[-13587810.2553636,4438437.13812424],[-13587810.4610529,4438437.08996137],[-13587810.6601127,4438437.01917472],[-13587810.8500572,4438436.92668521],[-13587805.3049267,4438468.24767968],[-13587805.1048436,4438468.00848465],[-13587804.8860348,4438467.78643479],[-13587804.6497756,4438467.58301602],[-13587804.3978416,4438467.39970585],[-13587804.132002,4438467.23760512],[-13587803.8536509,4438467.09782092],[-13587803.5650538,4438466.98119455],[-13587803.2678525,4438466.88870335],[-13587802.9641812,4438466.82081398],[-13587799.6927917,4438466.22950663],[-13587799.9741506,4438464.66072991],[-13587804.0312948,4438442.02415366],[-13587804.526786,4438439.2818886]]],[[[-13587892.7722226,4438474.18895919],[-13587902.3417715,4438472.99791029],[-13587901.4952534,4438474.65793723],[-13587901.2404323,4438475.79832892],[-13587901.4254608,4438477.60711437],[-13587901.7695129,4438479.86341119],[-13587894.411245,4438480.77923566],[-13587892.7722226,4438474.18895919]]],[[[-13587822.387982,4438509.71864736],[-13587822.1440707,4438509.68706229],[-13587841.8810768,4438510.08204488],[-13587841.6890153,4438510.23536527],[-13587841.5118731,4438510.4058951],[-13587841.3512525,4438510.59222582],[-13587841.208629,4438510.79282542],[-13587841.0852237,4438511.00591492],[-13587840.9821285,4438511.2294663],[-13587840.9001916,4438511.46183244],[-13587840.8401256,4438511.70074046],[-13587840.8023994,4438511.94429837],[-13587840.7874776,4438512.19036307],[-13587840.7178489,4438517.06222766],[-13587839.1665832,4438517.03094985],[-13587824.5309693,4438516.73624463],[-13587824.6065955,4438512.31521215],[-13587824.5901192,4438512.06879442],[-13587824.5510469,4438511.82489069],[-13587824.4900374,4438511.58549968],[-13587824.407503,4438511.3528754],[-13587824.3039734,4438511.12876748],[-13587824.18048,4438510.91504277],[-13587824.0381815,4438510.71369155],[-13587823.8779782,4438510.52620605],[-13587823.7012726,4438510.35419564],[-13587823.5098424,4438510.19926346],[-13587823.3049567,4438510.06251869],[-13587823.0885119,4438509.94518562],[-13587822.8622751,4438509.84823953],[-13587822.6281365,4438509.77252796],[-13587822.387982,4438509.71864736]]]]},"properties":{"NAME":"Foundry","LOT":"140","F10_MIN":0,"F15_MIN":0,"F20_MIN":2,"F3_HOUR":0,"PERMIT_SPACES":7,"ENFORCEMENT":"Daily, 24 hours","PERMITS_ACCEPTED":"ADA, A","ObjectId":23}},{"type":"Feature","id":26,"geometry":{"type":"Polygon","coordinates":[[[-13588151.250988,4438294.92265252],[-13588154.4211253,4438302.76899954],[-13588154.2002577,4438302.62637766],[-13588153.967238,4438302.50506154],[-13588153.7238355,4438302.4061519],[-13588153.4724384,4438302.33036229],[-13588153.2149346,4438302.27841462],[-13588152.9538353,4438302.25089478],[-13588152.6913932,4438302.24789055],[-13588152.4297338,4438302.26936621],[-13588152.1712348,4438302.31540748],[-13588151.9180113,4438302.38535081],[-13588151.6725557,4438302.47865192],[-13588151.4367308,4438302.5945259],[-13588151.2126456,4438302.73193252],[-13588151.0024088,4438302.8898315],[-13588150.8076186,4438303.06656317],[-13588150.6301298,4438303.26084033],[-13588150.4714134,4438303.47087978],[-13588150.3329405,4438303.69489837],[-13588150.215678,4438303.93087017],[-13588150.1209677,4438304.17676298],[-13588150.0495244,4438304.43042949],[-13588150.0018126,4438304.68972662],[-13588149.9784199,4438304.9523836],[-13588149.9794316,4438305.21601249],[-13588150.0050622,4438305.47847441],[-13588150.0547698,4438305.73726633],[-13588150.1282709,4438305.99038334],[-13588150.2250277,4438306.23557356],[-13588150.3441274,4438306.47059142],[-13588150.4844091,4438306.69332112],[-13588151.0454047,4438311.64092373],[-13588150.1881779,4438311.8355606],[-13588149.3257922,4438312.00579094],[-13588148.4589937,4438312.15135101],[-13588147.5884074,4438312.2722303],[-13588146.7147774,4438312.36803952],[-13588145.838733,4438312.4390193],[-13588144.9610202,4438312.48490591],[-13588144.0823912,4438312.50581231],[-13588143.2034693,4438312.50160245],[-13588142.3251316,4438312.4723872],[-13588141.4478764,4438312.4180326],[-13588140.5725808,4438312.33864952],[-13588139.6998742,4438312.2344786],[-13588138.8305048,4438312.10538168],[-13588137.9651019,4438311.9515994],[-13588137.1042906,4438311.77312129],[-13588136.2489505,4438311.57018378],[-13588137.1537997,4438306.06917179],[-13588137.2046876,4438305.85039194],[-13588137.231867,4438305.62736273],[-13588137.2352566,4438305.40272324],[-13588137.2146504,4438305.17911464],[-13588137.1703382,4438304.95891857],[-13588137.1028618,4438304.74463805],[-13588137.0128924,4438304.53902512],[-13588136.9015908,4438304.34419558],[-13588136.77012,4438304.16239082],[-13588136.6200159,4438303.99572033],[-13588136.4530645,4438303.84628942],[-13588136.2711663,4438303.71557345],[-13588127.9813627,4438298.96291642],[-13588127.616306,4438298.70087744],[-13588127.2370903,4438298.45980103],[-13588126.8451016,4438298.24029198],[-13588126.4416025,4438298.04308269],[-13588126.0276061,4438297.86890979],[-13588125.6047459,4438297.71824828],[-13588125.1740287,4438297.59145807],[-13588124.7369651,4438297.48914183],[-13588124.2949327,4438297.41140204],[-13588123.849188,4438297.35859441],[-13588123.4012357,4438297.33094489],[-13588122.952451,4438297.32843041],[-13588122.5042115,4438297.35115343],[-13588122.0580153,4438297.39896321],[-13588121.6151108,4438297.47171317],[-13588121.1769963,4438297.56925258],[-13588120.7449158,4438297.69118371],[-13588120.3203655,4438297.83723027],[-13588119.9045874,4438298.00686896],[-13588119.4988234,4438298.19957652],[-13588119.1044385,4438298.41470203],[-13588118.7226725,4438298.65159662],[-13588118.3546403,4438298.90961358],[-13588118.0015776,4438299.18785291],[-13588117.664595,4438299.48541675],[-13588117.3446782,4438299.80140931],[-13588117.0428128,4438300.13493481],[-13588116.7599823,4438300.48497189],[-13588116.497039,4438300.85012461],[-13588116.2548457,4438301.22962484],[-13588116.0341293,4438301.62207873],[-13588115.8354944,4438302.02622007],[-13588115.6597993,4438302.44102962],[-13588115.5073941,4438302.86499422],[-13588115.378881,4438303.29672213],[-13588115.2744911,4438303.73507902],[-13588115.1947018,4438304.1786752],[-13588115.1667364,4438304.44467458],[-13588115.1626814,4438304.71203105],[-13588115.1828787,4438304.97872922],[-13588115.2270405,4438305.242513],[-13588115.294754,4438305.50112841],[-13588115.3854858,4438305.75257474],[-13588115.4984501,4438305.99472988],[-13588115.6328653,4438306.22572286],[-13588115.7874457,4438306.44343997],[-13588115.9610387,4438306.64626769],[-13588116.1522397,4438306.83247111],[-13588116.3593961,4438307.00044511],[-13588116.5808637,4438307.14908683],[-13588116.8147398,4438307.27679535],[-13588117.0592615,4438307.38284662],[-13588117.3122843,4438307.46614619],[-13588117.5717993,4438307.52622536],[-13588117.8356686,4438307.56236639],[-13588118.1017643,4438307.57447938],[-13588123.3776008,4438308.03895384],[-13588123.2958342,4438309.29550233],[-13588123.2373487,4438310.55316739],[-13588123.2020173,4438311.81182558],[-13588123.1899546,4438313.07084692],[-13588123.2012814,4438314.32997819],[-13588123.2357372,4438315.58859571],[-13588123.2934428,4438316.84644628],[-13588123.3743879,4438318.10290201],[-13588123.4785683,4438319.35771178],[-13588123.6058505,4438320.61037539],[-13588123.7563513,4438321.86038847],[-13588123.8084683,4438322.91020499],[-13588123.8841978,4438323.95849476],[-13588123.9835335,4438325.00488109],[-13588124.1063378,4438326.04861263],[-13588124.2524815,4438327.08944034],[-13588124.4220772,4438328.12660872],[-13588124.6148684,4438329.15974523],[-13588124.8308447,4438330.18822201],[-13588125.0698708,4438331.21141332],[-13588125.3319423,4438332.22906801],[-13588125.6166737,4438333.2405645],[-13588125.9241797,4438334.24527287],[-13588126.2540768,4438335.24269711],[-13588126.6063587,4438336.2324605],[-13588126.9807649,4438337.21393939],[-13588127.3771641,4438338.18675916],[-13588127.7954208,4438339.15029403],[-13588128.2351516,4438340.10404804],[-13588123.9847755,4438341.84382523],[-13588123.7304571,4438341.96076309],[-13588123.4867488,4438342.09900144],[-13588123.2557552,4438342.2572489],[-13588123.0387142,4438342.43473104],[-13588122.8374762,4438342.62990953],[-13588122.6533957,4438342.84150557],[-13588122.4878229,4438343.06798924],[-13588122.341981,4438343.30770712],[-13588122.216716,4438343.55888653],[-13588122.113126,4438343.81987615],[-13588122.0318049,4438344.08878194],[-13588121.9734693,4438344.36358217],[-13588121.9384631,4438344.64238697],[-13588121.9271258,4438344.92305534],[-13588121.9394281,4438345.20382931],[-13588121.9753325,4438345.48244859],[-13588122.0345575,4438345.7570338],[-13588122.1166945,4438346.02558213],[-13588122.2210872,4438346.28622049],[-13588122.3472039,4438346.53707372],[-13588122.4938902,4438346.77640271],[-13588123.0495529,4438347.57949397],[-13588123.6257329,4438348.36792174],[-13588124.2219218,4438349.14119213],[-13588124.8378611,4438349.89880705],[-13588125.4730382,4438350.64002147],[-13588126.1270759,4438351.36471609],[-13588126.7995845,4438352.07201822],[-13588127.4900596,4438352.76168511],[-13588128.1979927,4438353.43322286],[-13588128.9230025,4438354.08626104],[-13588129.6645784,4438354.72018018],[-13588130.4220889,4438355.33461408],[-13588131.1952799,4438355.92931578],[-13588131.9835156,4438356.5036679],[-13588132.7861647,4438357.05730422],[-13588133.6028499,4438357.59010547],[-13588134.4329357,4438358.10145428],[-13588135.2759177,4438358.59110789],[-13588136.1311644,4438359.05870009],[-13588136.9982967,4438359.50398602],[-13588137.8764329,4438359.92660366],[-13588138.7651938,4438360.32630816],[-13588139.66395,4438360.70285886],[-13588140.5720723,4438361.05601512],[-13588141.4890541,4438361.38540861],[-13588141.9207936,4438361.52084861],[-13588142.3595109,4438361.63218067],[-13588142.8035722,4438361.71892979],[-13588143.2517229,4438361.78086583],[-13588143.7027085,4438361.81775863],[-13588144.1549015,4438361.82950992],[-13588144.6071745,4438361.81601299],[-13588145.0579062,4438361.77754632],[-13588145.5058421,4438361.71387972],[-13588145.9496153,4438361.62553858],[-13588146.3878503,4438361.51254601],[-13588146.8191801,4438361.37542736],[-13588147.2422356,4438361.21458246],[-13588147.6557707,4438361.03028343],[-13588148.0585496,4438360.82343028],[-13588148.4493283,4438360.5944207],[-13588148.8268691,4438360.34402912],[-13588149.189934,4438360.07302997],[-13588149.5375354,4438359.78219346],[-13588149.8686898,4438359.47254097],[-13588150.1821593,4438359.14484691],[-13588150.4769646,4438358.8003838],[-13588150.752493,4438358.43991556],[-13588151.0076401,4438358.06471678],[-13588151.1079808,4438370.74900461],[-13588150.6693815,4438370.50955246],[-13588150.2198761,4438370.29113405],[-13588149.7607256,4438370.09435623],[-13588149.2926884,4438369.91970869],[-13588148.816896,4438369.76754926],[-13588148.3344802,4438369.63823574],[-13588147.8465703,4438369.53200038],[-13588147.3541709,4438369.44907754],[-13588146.8584113,4438369.38969946],[-13588146.3602939,4438369.35397491],[-13588144.5321796,4438369.25705225],[-13588142.705,4438369.14114704],[-13588140.8792531,4438369.00612531],[-13588139.0549412,4438368.85211263],[-13588138.7805791,4438368.83938522],[-13588138.5062307,4438368.85002034],[-13588138.2337715,4438368.88398648],[-13588137.9650748,4438368.94112661],[-13588137.7022601,4438369.02102831],[-13588137.4470672,4438369.12303434],[-13588137.2014864,4438369.24648327],[-13588136.9672534,4438369.3904667],[-13588136.7460998,4438369.55382512],[-13588136.5395095,4438369.73552876],[-13588136.3489597,4438369.93417115],[-13588136.176055,4438370.14846929],[-13588136.0218915,4438370.37664631],[-13588135.8874443,4438370.61717855],[-13588133.187807,4438375.97263252],[-13588132.4732601,4438375.76795771],[-13588131.7646283,4438375.54296094],[-13588131.0626682,4438375.29800632],[-13588130.36788,4438375.03308546],[-13588129.680895,4438374.74856459],[-13588129.0022176,4438374.44468645],[-13588128.33235,4438374.12156823],[-13588127.6717986,4438373.77957824],[-13588127.0211927,4438373.41895712],[-13588126.1089558,4438372.88625136],[-13588125.2088858,4438372.33311868],[-13588124.3216101,4438371.75967417],[-13588123.447262,4438371.16641803],[-13588122.5865917,4438370.55333765],[-13588121.7397347,4438369.92105881],[-13588120.9074434,4438369.26969449],[-13588120.0899739,4438368.59961721],[-13588119.2877078,4438367.9111974],[-13588122.3448772,4438364.09357448],[-13588122.7226122,4438363.62186247],[-13588122.888275,4438363.3556853],[-13588123.032344,4438363.07705882],[-13588123.1538501,4438362.78788338],[-13588123.2520724,4438362.48992957],[-13588123.3264172,4438362.18509146],[-13588123.3762905,4438361.8752631],[-13588123.4014737,4438361.56233227],[-13588123.4018793,4438361.24856133],[-13588123.3774096,4438360.93558482],[-13588123.3282271,4438360.62566092],[-13588123.2546113,4438360.3205434],[-13588123.1569726,4438360.0223607],[-13588123.0362177,4438359.73298167],[-13588122.892749,4438359.45403245],[-13588122.727725,4438359.18750327],[-13588121.0773668,4438356.81562953],[-13588120.6267329,4438356.16112479],[-13588119.4386308,4438354.43564779],[-13588119.0138377,4438353.83082616],[-13588118.6053651,4438353.21467724],[-13588118.2133486,4438352.58782679],[-13588117.8382945,4438351.95064313],[-13588117.4803362,4438351.30362645],[-13588117.1397301,4438350.64714929],[-13588116.8167366,4438349.98183528],[-13588116.5116121,4438349.30805696],[-13588116.4348854,4438349.04896373],[-13588116.3358989,4438348.79752934],[-13588116.2156843,4438348.55562054],[-13588116.0750231,4438348.3251083],[-13588115.9149449,4438348.10773382],[-13588115.7367291,4438347.9052341],[-13588115.5416493,4438347.71896945],[-13588115.3312286,4438347.55029593],[-13588115.1069927,4438347.40069522],[-13588114.8707109,4438347.27126806],[-13588114.624146,4438347.16273851],[-13588114.3690674,4438347.0762073],[-13588114.1076111,4438347.01226661],[-13588113.8415338,4438346.97126376],[-13588113.5728444,4438346.95366748],[-13588113.3037957,4438346.95956554],[-13588113.0361359,4438346.98880297],[-13588112.7721157,4438347.04134201],[-13588112.5136022,4438347.11664889],[-13588108.1813631,4438348.80755246],[-13588107.5969733,4438347.48066323],[-13588107.035556,4438346.14384248],[-13588106.4973674,4438344.79746271],[-13588105.982414,4438343.44190066],[-13588105.490952,4438342.07752885],[-13588105.0232398,4438340.70484536],[-13588104.5791586,4438339.32422902],[-13588104.1590899,4438337.93605025],[-13588103.7630419,4438336.54081133],[-13588103.391269,4438335.13875922],[-13588103.0436564,4438333.73052386],[-13588102.7203355,4438332.3164799],[-13588102.4215627,4438330.89699983],[-13588102.1473442,4438329.47246038],[-13588101.8978154,4438328.04348731],[-13588101.6729784,4438326.61020619],[-13588101.4729709,4438325.17336834],[-13588101.2977969,4438323.73322492],[-13588101.1474648,4438322.2902782],[-13588101.022106,4438320.84490281],[-13588100.9217266,4438319.39747545],[-13588100.8463371,4438317.94862398],[-13588100.823029,4438316.51799056],[-13588100.8248566,4438315.08718664],[-13588100.8518284,4438313.6567145],[-13588100.9038235,4438312.22682737],[-13588100.9808524,4438310.7981531],[-13588101.0829212,4438309.37106841],[-13588101.2100363,4438307.94595001],[-13588101.362081,4438306.52330227],[-13588101.5390635,4438305.10362748],[-13588101.7408652,4438303.68730444],[-13588101.9674923,4438302.27470986],[-13588102.2189532,4438300.86634602],[-13588102.4950061,4438299.4627194],[-13588102.7956573,4438298.06420669],[-13588103.1206609,4438296.67106323],[-13588103.5075791,4438296.75877263],[-13588103.8990974,4438296.82228857],[-13588104.2937133,4438296.86151066],[-13588104.6900452,4438296.87608529],[-13588105.0865926,4438296.86603763],[-13588105.4816051,4438296.83139707],[-13588105.8738345,4438296.77231015],[-13588106.2616595,4438296.68905533],[-13588106.643709,4438296.58190682],[-13588107.0182387,4438296.45127071],[-13588107.3842567,4438296.29766608],[-13588107.739896,4438296.12162669],[-13588108.0841666,4438295.92379719],[-13588108.4155829,4438295.70508176],[-13588108.7330299,4438295.46612714],[-13588109.0350261,4438295.20808865],[-13588109.3205838,4438294.9317365],[-13588109.5887215,4438294.63821763],[-13588109.8382057,4438294.32855757],[-13588110.0681819,4438294.00402674],[-13588110.2777958,4438293.66589553],[-13588110.4661932,4438293.31543434],[-13588110.6326447,4438292.95391145],[-13588110.7765502,4438292.58284422],[-13588110.8974306,4438292.20349674],[-13588110.9946836,4438291.81726079],[-13588111.0679633,4438291.42590062],[-13588111.1171658,4438291.03067407],[-13588111.1418159,4438290.63309634],[-13588111.1420658,4438290.23479779],[-13588111.1178155,4438289.83728732],[-13588111.0692132,4438289.44194413],[-13588110.996288,4438289.05052618],[-13588110.8994359,4438288.6642829],[-13588110.7790572,4438288.28471482],[-13588110.6355541,4438287.91344804],[-13588110.4695727,4438287.5517278],[-13588110.281511,4438287.20092904],[-13588110.0723943,4438286.86254183],[-13588109.8427439,4438286.53781346],[-13588109.5937057,4438286.22798075],[-13588109.3259217,4438285.93403777],[-13588109.0406652,4438285.65734478],[-13588108.7389533,4438285.39888957],[-13588108.4219278,4438285.15965779],[-13588108.0907288,4438284.94050956],[-13588107.7467461,4438284.74230076],[-13588107.3911198,4438284.5658915],[-13588107.0254836,4438284.41175678],[-13588106.6509754,4438284.28063112],[-13588106.2691038,4438284.17299161],[-13588106.7965619,4438282.96598974],[-13588107.3465763,4438281.76916019],[-13588107.9189052,4438280.58300942],[-13588108.5135549,4438279.40791415],[-13588109.1301566,4438278.24425737],[-13588109.7685935,4438277.09254344],[-13588110.428622,4438275.95315328],[-13588111.1098731,4438274.82646988],[-13588111.812103,4438273.71287414],[-13588112.5353202,4438272.61286833],[-13588113.2790286,4438271.52671197],[-13588114.0429866,4438270.45491155],[-13588114.8269503,4438269.39784795],[-13588115.630799,4438268.3557744],[-13588116.4539136,4438267.3290781],[-13588119.8808533,4438269.46888456],[-13588120.0774397,4438269.59546005],[-13588120.2858115,4438269.70123847],[-13588120.5039473,4438269.7849977],[-13588120.7294547,4438269.84577306],[-13588120.9599477,4438269.88297657],[-13588121.1931715,4438269.89639488],[-13588121.426367,4438269.88557189],[-13588121.65729,4438269.85092209],[-13588121.8835668,4438269.79261092],[-13588122.1025823,4438269.71131032],[-13588122.3120984,4438269.60781149],[-13588122.5100105,4438269.48340581],[-13588122.6942097,4438269.33913352],[-13588128.6500226,4438273.23025011],[-13588122.5272276,4438282.47307244],[-13588122.4080889,4438282.70153863],[-13588122.3097477,4438282.93970411],[-13588122.2329229,4438283.18567273],[-13588122.1780833,4438283.43755253],[-13588122.1459456,4438283.69332182],[-13588122.1364765,4438283.95097147],[-13588122.1498925,4438284.20848815],[-13588122.1860331,4438284.46373927],[-13588122.2447398,4438284.71471781],[-13588122.3254812,4438284.95954862],[-13588122.4274714,4438285.19610958],[-13588122.5500561,4438285.42265323],[-13588122.6922038,4438285.63731277],[-13588122.8528868,4438285.83847262],[-13588123.0307007,4438286.02439786],[-13588123.2243721,4438286.19372821],[-13588123.4321276,4438286.34511179],[-13588126.1368123,4438288.00416991],[-13588126.3597534,4438288.12113388],[-13588126.5928337,4438288.21607233],[-13588126.8339087,4438288.2878908],[-13588127.0808424,4438288.33599712],[-13588127.3312507,4438288.35992888],[-13588127.5827541,4438288.35947485],[-13588127.8329767,4438288.33467487],[-13588128.0797952,4438288.28569023],[-13588128.3205901,4438288.21294171],[-13588128.5533755,4438288.11734187],[-13588128.7759113,4438287.99955637],[-13588128.9859636,4438287.86062755],[-13588129.181807,4438287.70209162],[-13588129.3613391,4438287.52536557],[-13588129.5232094,4438287.33197931],[-13588132.1919113,4438283.32018666],[-13588143.6933254,4438290.44020553],[-13588141.6382987,4438293.72863927],[-13588141.4950302,4438293.94256402],[-13588141.3721031,4438294.16883339],[-13588141.2704863,4438294.40554704],[-13588141.1910215,4438294.65068116],[-13588141.1342985,4438294.90209055],[-13588141.1010318,4438295.15762793],[-13588141.0913131,4438295.41528207],[-13588141.1052276,4438295.67266503],[-13588141.1427399,4438295.92764213],[-13588141.2035643,4438296.17808288],[-13588141.2870402,4438296.42186305],[-13588141.3926318,4438296.65685637],[-13588141.5191805,4438296.88107259],[-13588141.6659047,4438297.09264076],[-13588141.8313977,4438297.28970041],[-13588142.0142549,4438297.47051665],[-13588142.2129528,4438297.63373339],[-13588142.4258389,4438297.77774551],[-13588142.651021,4438297.90157992],[-13588142.8866006,4438298.00388686],[-13588143.1305667,4438298.08407204],[-13588143.5301767,4438298.18287136],[-13588143.9347785,4438298.25847546],[-13588144.3431155,4438298.31052863],[-13588144.7536873,4438298.33905606],[-13588145.1652395,4438298.34382759],[-13588145.5763966,4438298.32486632],[-13588145.9856603,4438298.28232301],[-13588146.3920303,4438298.21621445],[-13588146.7937605,4438298.12682118],[-13588147.1898547,4438298.01441113],[-13588147.5788167,4438297.87926064],[-13588147.9594066,4438297.72201854],[-13588148.3305053,4438297.54308045],[-13588148.690623,4438297.34309941],[-13588149.0387678,4438297.1225945],[-13588149.3737039,4438296.88246571],[-13588149.7275427,4438296.59830887],[-13588150.0661953,4438296.29594301],[-13588150.3886761,4438295.97626393],[-13588150.6942516,4438295.64028877],[-13588150.981932,4438295.28866221],[-13588151.250988,4438294.92265252]]]},"properties":{"NAME":"Porter College","LOT":"124","F10_MIN":0,"F15_MIN":0,"F20_MIN":0,"F3_HOUR":0,"PERMIT_SPACES":44,"ENFORCEMENT":"Daily, 7:00am-8:30pm","PERMITS_ACCEPTED":"A, N, NC, MC, ADA, Medical","ObjectId":26}},{"type":"Feature","id":27,"geometry":{"type":"Polygon","coordinates":[[[-13588209.2134769,4438274.88492937],[-13588196.7204615,4438273.23818204],[-13588196.7922786,4438273.02206559],[-13588196.8403495,4438272.79943966],[-13588196.8643432,4438272.57294753],[-13588196.8638033,4438272.34523457],[-13588196.8387716,4438272.11881217],[-13588196.7896694,4438271.89643659],[-13588196.7170406,4438271.68073638],[-13588196.62155,4438271.47408687],[-13588196.50449,4438271.27897847],[-13588196.3671504,4438271.097776],[-13588196.2110652,4438270.9324634],[-13588196.0382662,4438270.78489058],[-13588195.8506623,4438270.6570352],[-13588195.6502772,4438270.55024491],[-13588195.4396323,4438270.46573342],[-13588195.221245,4438270.40446328],[-13588192.885209,4438270.07981743],[-13588195.7377422,4438255.0874315],[-13588194.4777812,4438254.79244427],[-13588200.3334446,4438222.17366582],[-13588204.2471016,4438222.74098235],[-13588204.4512773,4438222.79005584],[-13588204.6598029,4438222.81494022],[-13588204.8697961,4438222.81530705],[-13588205.0783793,4438222.79107909],[-13588205.282683,4438222.74268133],[-13588205.4800918,4438222.67078572],[-13588205.6677449,4438222.57631954],[-13588205.8432874,4438222.46057839],[-13588206.0041187,4438222.32511322],[-13588206.1482698,4438222.17184114],[-13588206.2736464,4438222.00268141],[-13588206.378665,4438221.8201727],[-13588206.4618607,4438221.62647492],[-13588206.5219063,4438221.42449925],[-13588206.5583434,4438221.21676548],[-13588206.570347,4438221.00630197],[-13588206.5579632,4438220.79587125],[-13588206.5212379,4438220.58823585],[-13588206.4608444,4438220.38627336],[-13588206.3774559,4438220.19286137],[-13588206.2721124,4438220.0103689],[-13588206.1464833,4438219.84140562],[-13588206.0021086,4438219.68833212],[-13588205.8410223,4438219.55312394],[-13588205.6652584,4438219.43775655],[-13588205.4774656,4438219.34356715],[-13588205.2799194,4438219.27202475],[-13588175.2239665,4438213.5082417],[-13588175.0323256,4438213.42328555],[-13588174.8321817,4438213.36095536],[-13588174.6263001,4438213.32208393],[-13588174.4174378,4438213.30700178],[-13588174.2081037,4438213.31616919],[-13588174.0011695,4438213.34928674],[-13588173.7995045,4438213.40592942],[-13588173.6054739,4438213.4854295],[-13588173.4219346,4438213.58660857],[-13588173.2509934,4438213.70830081],[-13588173.0951238,4438213.84883184],[-13588172.9562947,4438214.00628451],[-13588172.8362254,4438214.17874589],[-13588172.7367537,4438214.36392426],[-13588172.658836,4438214.55916587],[-13588172.6038099,4438214.76218735],[-13588172.5722546,4438214.9702157],[-13588172.5646243,4438215.18047999],[-13588172.580998,4438215.39021561],[-13588172.6212047,4438215.59666212],[-13588172.6845753,4438215.79719307],[-13588172.7704387,4438215.98905642],[-13588172.8776298,4438216.16988526],[-13588173.0047295,4438216.33706572],[-13588173.1499538,4438216.4886181],[-13588173.3115188,4438216.62256267],[-13588173.4873906,4438216.73692391],[-13588173.6750476,4438216.83048812],[-13588173.8720871,4438216.9016628],[-13588174.0759979,4438216.94986208],[-13588174.2841398,4438216.97425107],[-13588178.5093548,4438217.67049071],[-13588174.2845563,4438243.53923673],[-13588169.5674268,4438242.71434453],[-13588169.3925743,4438242.69128046],[-13588169.2161039,4438242.69122921],[-13588169.0411372,4438242.71388718],[-13588168.8706727,4438242.75907838],[-13588168.7073217,4438242.82587977],[-13588168.5538181,4438242.91324056],[-13588168.4128916,4438243.0198589],[-13588168.2868845,4438243.14368577],[-13588168.1776429,4438243.28293171],[-13588168.0873756,4438243.43504755],[-13588168.0172933,4438243.59762644],[-13588167.9686002,4438243.76788488],[-13588167.8985413,4438245.20145788],[-13588167.908726,4438245.45262199],[-13588167.9407662,4438245.70191186],[-13588167.9942555,4438245.94745024],[-13588168.0687895,4438246.18748545],[-13588168.1638347,4438246.42001676],[-13588168.2787366,4438246.64329672],[-13588168.4125927,4438246.8557076],[-13588168.5643737,4438247.05550823],[-13588168.7329333,4438247.24146179],[-13588168.9168668,4438247.41183342],[-13588169.1150303,4438247.56551188],[-13588169.3256522,4438247.70127085],[-13588169.5472135,4438247.81800541],[-13588169.7998551,4438247.92354166],[-13588170.0609872,4438248.00569845],[-13588170.3284697,4438248.06363247],[-13588170.6000436,4438248.09687924],[-13588170.8734563,4438248.10535099],[-13588171.146578,4438248.08883227],[-13588171.4170351,4438248.04748852],[-13588171.6827064,4438247.9816066],[-13588171.9412266,4438247.89185424],[-13588172.1906037,4438247.7787673],[-13588175.6609392,4438245.89168667],[-13588184.0434665,4438262.59943143],[-13588180.574324,4438264.61850859],[-13588180.3577945,4438264.76646491],[-13588180.1554636,4438264.93340035],[-13588179.9689355,4438265.11803192],[-13588179.7998108,4438265.3188255],[-13588179.6494376,4438265.53412558],[-13588179.5190369,4438265.76215318],[-13588179.4095797,4438266.00113354],[-13588179.3221579,4438266.24903863],[-13588179.2573632,4438266.50384885],[-13588179.2157852,4438266.763419],[-13588179.1977676,4438267.02585925],[-13588179.2032707,4438267.28878375],[-13588179.2325091,4438267.55005364],[-13588179.2850763,4438267.80779164],[-13588179.3606803,4438268.05949057],[-13588179.458544,4438268.30353061],[-13588182.5927965,4438274.79002296],[-13588174.0556615,4438275.59934331],[-13588174.1811035,4438275.11101943],[-13588174.2819387,4438274.61707972],[-13588174.3580589,4438274.11853085],[-13588174.4091141,4438273.61688597],[-13588174.4351231,4438273.1132752],[-13588174.4358567,4438272.60895844],[-13588174.411588,4438272.10531277],[-13588174.3620857,4438271.6034725],[-13588174.287748,4438271.10481262],[-13588174.1884686,4438270.61046534],[-13588174.0646436,4438270.12168008],[-13588173.9166709,4438269.63983179],[-13588173.7448176,4438269.16592084],[-13588173.5494836,4438268.70144776],[-13588173.3614265,4438268.31347158],[-13588173.1516748,4438267.93703855],[-13588172.9207453,4438267.57314485],[-13588172.6694134,4438267.22328471],[-13588172.3986919,4438266.88819473],[-13588172.1093559,4438266.56936919],[-13588171.8022934,4438266.26754677],[-13588171.4786505,4438265.98396429],[-13588171.1393129,4438265.71923489],[-13588170.7855518,4438265.47459328],[-13588170.4183758,4438265.25052494],[-13588170.0390519,4438265.04801342],[-13588169.648839,4438264.86754001],[-13588169.2489976,4438264.70971156],[-13588168.8409137,4438264.57513283],[-13588168.4257188,4438264.46416163],[-13588168.0049217,4438264.37727502],[-13588167.5798997,4438264.31457551],[-13588167.1519096,4438264.27641879],[-13588166.7225787,4438264.26290314],[-13588166.2931574,4438264.27400758],[-13588165.8650211,4438264.30970899],[-13588165.4396701,4438264.3699822],[-13588165.0183507,4438264.45455506],[-13588164.6025589,4438264.56315124],[-13588164.193666,4438264.69549652],[-13588163.7929139,4438264.85106761],[-13588163.4017946,4438265.02933705],[-13588163.0213001,4438265.22978577],[-13588154.274804,4438247.95524812],[-13588158.0096106,4438246.02014797],[-13588158.2935201,4438245.87784369],[-13588158.5659485,4438245.71450496],[-13588158.8254079,4438245.53091042],[-13588159.0702938,4438245.32834304],[-13588159.2993705,4438245.10770282],[-13588159.5112877,4438244.87051968],[-13588159.704689,4438244.61794686],[-13588159.8787241,4438244.35150587],[-13588160.0322907,4438244.0725969],[-13588160.1645409,4438243.78286702],[-13588160.2747537,4438243.48408684],[-13588160.362204,4438243.17777576],[-13588160.4265459,4438242.86569808],[-13588160.4671836,4438242.54962226],[-13588160.4841485,4438242.23143184],[-13588160.4770925,4438241.91276553],[-13588160.4462993,4438241.59562825],[-13588160.3917959,4438241.28165239],[-13588160.3138639,4438240.97271732],[-13588160.2062985,4438240.64920726],[-13588160.0751192,4438240.33463483],[-13588159.9213512,4438240.03049008],[-13588159.7455262,4438239.73864812],[-13588159.5487965,4438239.4607225],[-13588159.3323084,4438239.19795],[-13588159.0969643,4438238.95194831],[-13588158.8442895,4438238.72419909],[-13588158.5755512,4438238.51568591],[-13588158.2921436,4438238.32751577],[-13588157.99584,4438238.16104057],[-13588157.6880263,4438238.01686505],[-13588157.3704697,4438237.89596436],[-13588157.0449289,4438237.79881141],[-13588154.170433,4438237.21540995],[-13588160.0087046,4438205.81385685],[-13588167.1992605,4438207.0895864],[-13588167.4562151,4438207.12370661],[-13588167.7150272,4438207.13418202],[-13588167.9736943,4438207.12092064],[-13588168.230218,4438207.08408164],[-13588168.4822267,4438207.02395604],[-13588168.7278514,4438206.94095206],[-13588168.9648539,4438206.83586088],[-13588169.1913735,4438206.709593],[-13588169.4054264,4438206.56318655],[-13588169.6054038,4438206.3976734],[-13588169.7895825,4438206.21471534],[-13588169.956358,4438206.01559533],[-13588170.1043843,4438205.80209447],[-13588170.2324381,4438205.57586615],[-13588170.3395527,4438205.33893625],[-13588170.4246342,4438205.09320723],[-13588170.4870907,4438204.84069868],[-13588171.8744179,4438198.00249335],[-13588194.4539707,4438201.7683749],[-13588193.7149978,4438207.02890904],[-13588193.6735655,4438207.27465888],[-13588193.6558185,4438207.52327666],[-13588193.6619672,4438207.77237236],[-13588193.6917259,4438208.01981552],[-13588193.7450551,4438208.26322031],[-13588193.8214168,4438208.50033488],[-13588193.9200254,4438208.72903717],[-13588194.03997,4438208.94720718],[-13588194.1802171,4438209.15285262],[-13588194.3394828,4438209.34398535],[-13588194.5162374,4438209.51887262],[-13588194.7089556,4438209.6760328],[-13588194.9157345,4438209.81386497],[-13588195.134678,4438209.93114493],[-13588195.3637666,4438210.02677617],[-13588195.6011102,4438210.0999112],[-13588195.8441956,4438210.14983859],[-13588196.0908911,4438210.17621733],[-13588205.5119668,4438211.83937991],[-13588207.5240761,4438212.19458232],[-13588207.669432,4438212.23384164],[-13588207.8189315,4438212.25155301],[-13588207.9694404,4438212.24726666],[-13588208.1177142,4438212.22141389],[-13588208.2606291,4438212.17417279],[-13588208.3953283,4438212.10672176],[-13588208.518957,4438212.0203648],[-13588208.6287957,4438211.91703164],[-13588208.7226295,4438211.79889479],[-13588208.7984977,4438211.66837363],[-13588208.8546936,4438211.52813454],[-13588208.8902672,4438211.38120797],[-13588208.9042705,4438211.23074995],[-13588209.4138237,4438208.93443399],[-13588215.9871493,4438209.95270858],[-13588207.611134,4438255.67405319],[-13588214.0719493,4438259.60009359],[-13588211.696619,4438261.48952277],[-13588210.9956249,4438265.25274072],[-13588213.7450787,4438265.76939684],[-13588213.297767,4438268.39376515],[-13588210.4023132,4438267.89689446],[-13588209.2134769,4438274.88492937]]]},"properties":{"NAME":"Porter College","LOT":"125","F10_MIN":0,"F15_MIN":0,"F20_MIN":2,"F3_HOUR":0,"PERMIT_SPACES":42,"ENFORCEMENT":"Daily, 7:00am-8:30pm","PERMITS_ACCEPTED":"A, N, NC, MC, ADA, Medical, Parkmobile","ObjectId":27}},{"type":"Feature","id":34,"geometry":{"type":"Polygon","coordinates":[[[-13588007.4808059,4439281.89193301],[-13588007.3571685,4439292.1531582],[-13588007.1725787,4439292.74137982],[-13588006.9642155,4439293.32158394],[-13588006.7324374,4439293.89275961],[-13588006.4774776,4439294.45389797],[-13588006.2000718,4439295.00410738],[-13588005.9004556,4439295.54250453],[-13588005.5791144,4439296.06820196],[-13588005.2366567,4439296.58018453],[-13588004.8736953,4439297.07768826],[-13588004.4907178,4439297.55995123],[-13588004.0885828,4439298.02595413],[-13588003.667657,4439298.47518831],[-13588003.2289242,4439298.90663234],[-13588002.7728782,4439299.31990106],[-13588002.3005027,4439299.71397305],[-13588001.8124145,4439300.08833547],[-13588001.3094786,4439300.44234572],[-13588000.7925618,4439300.7754868],[-13588000.262652,4439301.08698842],[-13587999.7203704,4439301.37658891],[-13587999.1668338,4439301.64376708],[-13587998.6027821,4439301.88788242],[-13587998.0293366,4439302.10866488],[-13587997.4473664,4439302.30572302],[-13587996.8578654,4439302.47866334],[-13587996.261832,4439302.62734343],[-13587995.6602603,4439302.7513698],[-13587995.0541507,4439302.85072563],[-13587994.4444972,4439302.92501743],[-13587993.6139395,4439303.05866332],[-13587992.6661021,4439303.59361395],[-13587991.9809333,4439304.22641083],[-13587991.5939665,4439304.89754342],[-13587989.1491243,4439309.13718951],[-13587974.5852478,4439302.33233793],[-13587976.4420666,4439296.09783558],[-13587976.3200232,4439292.85820485],[-13587976.0753202,4439292.29125357],[-13587975.2221353,4439291.85397044],[-13587972.1974922,4439291.89339726],[-13587968.3452237,4439291.98702769],[-13587962.5426811,4439292.22906017],[-13587962.2689888,4439293.02529003],[-13587962.9733277,4439293.1917277],[-13587963.690172,4439293.3881037],[-13587969.2420193,4439293.02352764],[-13587969.2547747,4439295.19711946],[-13587969.2471437,4439297.37080242],[-13587969.239759,4439298.20540168],[-13587969.2577625,4439299.03982641],[-13587969.3011418,4439299.87332313],[-13587969.3697592,4439300.70514042],[-13587969.4463103,4439302.81133786],[-13587969.5008598,4439304.91828161],[-13587969.5331514,4439307.02559909],[-13587965.4006383,4439307.2209055],[-13587963.2851251,4439307.36894028],[-13587962.6986641,4439307.48404373],[-13587962.1168482,4439307.71300421],[-13587961.5844602,4439308.2516618],[-13587961.5383337,4439309.08075642],[-13587961.8812618,4439309.66502975],[-13587963.4418416,4439311.16699145],[-13587965.05019,4439312.69830015],[-13587962.8071683,4439315.06222965],[-13587960.5510508,4439317.41344021],[-13587959.5735527,4439318.41392192],[-13587958.5838474,4439319.40242346],[-13587955.5212694,4439322.41898883],[-13587952.4538565,4439325.43073613],[-13587951.1286765,4439326.73463679],[-13587949.8080793,4439328.04335968],[-13587949.0429318,4439328.81617826],[-13587948.2897348,4439329.60060448],[-13587945.8907794,4439332.12542733],[-13587943.4797452,4439334.63851908],[-13587942.7573339,4439335.37130264],[-13587942.018637,4439336.08752654],[-13587941.2640233,4439336.78680773],[-13587940.4938637,4439337.46888874],[-13587939.7086522,4439338.13338444],[-13587938.9087576,4439338.77991178],[-13587938.0944259,4439339.40821539],[-13587936.8437889,4439340.33589685],[-13587935.578944,4439341.24409451],[-13587934.3003891,4439342.13267438],[-13587933.0082451,4439343.0013832],[-13587931.703008,4439343.8499614],[-13587930.3849258,4439344.6782792],[-13587929.0543696,4439345.48607913],[-13587927.8344846,4439343.10246156],[-13587926.6330609,4439340.78347922],[-13587926.1545459,4439340.29694609],[-13587925.246885,4439340.05892072],[-13587924.2533133,4439340.29604035],[-13587923.5013229,4439340.53626924],[-13587922.7978388,4439340.74490838],[-13587922.0507185,4439341.04484956],[-13587921.6093396,4439341.74628873],[-13587921.8242719,4439344.44246209],[-13587922.0947558,4439347.00417288],[-13587917.6604097,4439347.39520974],[-13587915.3529302,4439347.60587119],[-13587913.4612736,4439347.7823009],[-13587909.8576748,4439348.1185793],[-13587904.7460114,4439348.59947827],[-13587897.1847728,4439349.32092484],[-13587897.183025,4439348.73419319],[-13587897.1650583,4439347.74362091],[-13587897.121078,4439346.82847871],[-13587897.0731447,4439346.16463847],[-13587897.0192022,4439345.4703739],[-13587896.9123576,4439344.33256056],[-13587896.7415079,4439342.93353052],[-13587896.4400762,4439342.10649209],[-13587895.7341276,4439341.60254117],[-13587892.6519574,4439341.80143882],[-13587889.6516309,4439342.06302851],[-13587889.0254895,4439332.40133933],[-13587891.8703931,4439332.16559496],[-13587894.6809422,4439331.91736154],[-13587895.3860808,4439331.62013632],[-13587895.8970261,4439331.08548342],[-13587896.1677048,4439330.45373653],[-13587896.2385296,4439329.88362691],[-13587895.9974471,4439326.34374514],[-13587895.7368497,4439322.81876337],[-13587895.4521708,4439322.3072481],[-13587894.8027729,4439321.79657157],[-13587894.0252267,4439321.67318678],[-13587893.3009124,4439322.17875575],[-13587893.2899707,4439323.57480123],[-13587893.4675686,4439324.83804866],[-13587890.8862283,4439325.13507268],[-13587888.3028554,4439325.41517177],[-13587886.9408569,4439325.55043299],[-13587885.5773429,4439325.66976602],[-13587881.5648092,4439325.99517751],[-13587878.8651111,4439326.21504365],[-13587877.9814401,4439326.29894702],[-13587876.6369168,4439326.4471038],[-13587875.293123,4439326.60152905],[-13587875.1638641,4439325.94370117],[-13587874.8727012,4439324.46252636],[-13587874.3816525,4439322.258382],[-13587873.7632297,4439321.59443402],[-13587872.967549,4439321.004557],[-13587872.1448643,4439321.06269085],[-13587871.3889769,4439321.30172468],[-13587870.5843995,4439310.01655093],[-13587870.8679481,4439310.81386476],[-13587871.530378,4439311.15298165],[-13587872.1272303,4439311.33190506],[-13587872.8778336,4439311.16632053],[-13587873.4858308,4439310.55580298],[-13587873.7078893,4439309.94874026],[-13587873.6590976,4439307.54737736],[-13587873.5726527,4439305.2285487],[-13587876.0812897,4439304.93739608],[-13587878.5911085,4439304.65715176],[-13587879.4068575,4439304.57313095],[-13587880.2236551,4439304.49951873],[-13587885.6743225,4439304.04473146],[-13587893.4376475,4439303.39791615],[-13587895.6444029,4439303.20829404],[-13587897.8501139,4439303.00851398],[-13587902.2631482,4439302.59309764],[-13587906.6752565,4439302.16714311],[-13587906.7904858,4439302.92896426],[-13587906.9914264,4439304.25701302],[-13587907.0323878,4439305.40434294],[-13587907.2588344,4439306.02448749],[-13587907.4959322,4439306.69846895],[-13587908.2625072,4439307.13256257],[-13587908.7841928,4439306.99581154],[-13587909.5270666,4439307.09515537],[-13587910.4608857,4439306.81519925],[-13587911.2807771,4439306.41605815],[-13587911.9055806,4439305.97396089],[-13587912.2670398,4439305.54381616],[-13587912.5948142,4439304.75773426],[-13587912.6763206,4439304.03268626],[-13587912.4852465,4439303.32828772],[-13587911.4486283,4439302.06675905],[-13587910.5891631,4439301.08602955],[-13587908.7478394,4439298.98517773],[-13587911.3846305,4439296.50148022],[-13587914.0823417,4439294.07843919],[-13587917.1612347,4439297.36245366],[-13587917.6525462,4439297.86648266],[-13587918.3659543,4439298.23991419],[-13587919.3814086,4439298.19826635],[-13587919.9172293,4439297.89609117],[-13587920.3842964,4439297.46090961],[-13587921.4381822,4439296.46568485],[-13587921.9167419,4439295.99953436],[-13587922.2545164,4439295.48399025],[-13587922.3728056,4439294.87992349],[-13587922.2059619,4439294.08316765],[-13587921.8554737,4439293.57815951],[-13587921.3365763,4439293.25058316],[-13587920.709979,4439293.10318909],[-13587921.8010132,4439283.68898466],[-13587968.1224602,4439282.74308238],[-13587970.0722045,4439282.69832093],[-13587971.0336224,4439282.57391343],[-13587971.8681197,4439282.2560489],[-13587972.5737618,4439282.15489952],[-13587973.394041,4439281.76428984],[-13587974.1306733,4439281.30034098],[-13587974.8095341,4439280.75457944],[-13587975.2777457,4439280.29814759],[-13587975.6849416,4439279.835579],[-13587976.1925383,4439279.32560176],[-13587976.7576264,4439278.88060914],[-13587977.3716823,4439278.50702494],[-13587978.0185622,4439278.12912163],[-13587978.5930643,4439277.99449631],[-13587979.2390366,4439277.88542858],[-13587980.0409054,4439277.87700305],[-13587998.0221939,4439277.68918517],[-13587998.8300669,4439277.68078307],[-13587999.7634019,4439277.68786261],[-13588000.6927929,4439277.84135206],[-13588001.3393648,4439278.06164072],[-13588001.9522799,4439278.36401941],[-13588002.5210717,4439278.74338781],[-13588003.0362554,4439279.19349859],[-13588003.476688,4439279.71407837],[-13588003.8848538,4439280.25743368],[-13588004.3658828,4439280.73713498],[-13588004.9098524,4439281.14317372],[-13588005.5058688,4439281.4673163],[-13588006.1416919,4439281.70311036],[-13588006.8046046,4439281.84549327],[-13588007.4808059,4439281.89193301]],[[-13587995.7503279,4439291.32836195],[-13587989.8778987,4439291.45199452],[-13587989.2589011,4439291.47581896],[-13587988.6198795,4439291.61177854],[-13587987.8827217,4439292.1268639],[-13587987.5822083,4439292.83699412],[-13587987.5827815,4439293.42047639],[-13587987.8108447,4439293.95705599],[-13587988.5192471,4439294.56333527],[-13587989.266395,4439294.71661698],[-13587990.0080225,4439294.70342281],[-13587996.6717555,4439294.52254986],[-13587997.2526589,4439294.2839305],[-13587997.7470508,4439293.72455422],[-13587997.9416236,4439292.78895932],[-13587997.4735198,4439291.80041635],[-13587996.9951973,4439291.47593166],[-13587996.3873325,4439291.31930912],[-13587995.7503279,4439291.32836195]],[[-13587952.1542181,4439292.26774863],[-13587940.2033949,4439292.26931619],[-13587939.5359826,4439292.51830185],[-13587938.7159416,4439293.06630356],[-13587938.9261972,4439293.84097616],[-13587939.2849817,4439294.50638339],[-13587941.9757005,4439297.07962588],[-13587937.8761825,4439300.99703539],[-13587931.8412718,4439306.79334867],[-13587928.8144893,4439309.7137074],[-13587925.7921611,4439312.6387648],[-13587922.77441,4439315.56839319],[-13587919.7609881,4439318.50272238],[-13587916.9380529,4439315.92904787],[-13587914.0282762,4439313.31550122],[-13587912.4495044,4439313.4726149],[-13587910.9662679,4439313.66581172],[-13587909.4854453,4439313.87630307],[-13587908.4511776,4439314.03534086],[-13587907.9183403,4439314.11826345],[-13587906.5745985,4439314.34341434],[-13587904.740449,4439314.79611549],[-13587904.2554974,4439315.39703507],[-13587904.008271,4439315.9271404],[-13587903.6982589,4439316.73591303],[-13587903.4850726,4439317.37247378],[-13587903.2928858,4439318.01571706],[-13587903.1075321,4439318.71637862],[-13587902.9436572,4439319.42245851],[-13587902.8012484,4439320.13320324],[-13587902.6478966,4439321.01333828],[-13587902.5121033,4439321.89631943],[-13587902.5823526,4439322.8416697],[-13587902.4935891,4439323.66444541],[-13587902.414329,4439324.41181692],[-13587902.2314322,4439325.33553448],[-13587902.2916633,4439326.50590851],[-13587902.4553993,4439328.68840691],[-13587902.3038606,4439329.49703583],[-13587902.6350952,4439330.4916498],[-13587902.7178443,4439331.11294901],[-13587902.9052047,4439331.97769996],[-13587903.3082054,4439332.53408708],[-13587904.0236739,4439332.81314746],[-13587904.9109937,4439332.54992426],[-13587905.2639783,4439331.90335598],[-13587905.1271844,4439329.48311354],[-13587904.9831743,4439327.1705213],[-13587916.7379138,4439327.93654026],[-13587917.0896632,4439329.28480009],[-13587917.4415378,4439330.63305799],[-13587918.330734,4439333.63523298],[-13587919.0169048,4439334.19842831],[-13587919.7383688,4439334.51456995],[-13587920.3724848,4439334.62503265],[-13587921.1941494,4439334.64843788],[-13587922.1600811,4439334.53940968],[-13587922.8212848,4439334.25535536],[-13587923.5975605,4439333.79815457],[-13587924.3958847,4439333.23770316],[-13587924.9678167,4439332.75265],[-13587925.4572815,4439332.20504028],[-13587925.8481865,4439331.33411041],[-13587925.7702141,4439330.54880024],[-13587925.4887174,4439329.95043025],[-13587923.9373516,4439327.66332131],[-13587922.5222256,4439325.60355708],[-13587923.0804669,4439325.04738315],[-13587924.9515638,4439323.18312246],[-13587925.5439953,4439322.591956],[-13587928.5558407,4439319.57034627],[-13587930.5920496,4439317.51099641],[-13587932.61821,4439315.44164004],[-13587938.8493914,4439309.02939427],[-13587944.5000955,4439303.18286546],[-13587945.0632729,4439302.60022908],[-13587945.5234396,4439302.05851282],[-13587945.9841754,4439301.19746788],[-13587946.1898646,4439300.3057786],[-13587946.1815941,4439295.88155215],[-13587946.1683174,4439293.61614281],[-13587951.7893022,4439293.49788249],[-13587952.4021847,4439293.45230545],[-13587952.8215899,4439292.90398714],[-13587952.1542181,4439292.26774863]]]},"properties":{"NAME":"Engineering 2","LOT":"139A","F10_MIN":0,"F15_MIN":0,"F20_MIN":0,"F3_HOUR":0,"PERMIT_SPACES":60,"ENFORCEMENT":"Mon-Fri, 7:00am-8:30pm","PERMITS_ACCEPTED":"A, N, MC, ADA, Medical, Parkmobile","ObjectId":34}},{"type":"Feature","id":35,"geometry":{"type":"Polygon","coordinates":[[[-13587426.1500348,4439087.95063119],[-13587426.5287834,4439087.38569012],[-13587426.8231752,4439086.77216491],[-13587427.0411578,4439086.03869921],[-13587427.1566024,4439085.14075989],[-13587427.1411256,4439084.59949409],[-13587427.0744314,4439084.06209944],[-13587422.1488986,4439069.61286561],[-13587422.820701,4439068.73853649],[-13587423.3469237,4439068.06096698],[-13587423.0264787,4439066.67275866],[-13587422.7295856,4439065.27925779],[-13587422.4565007,4439063.88083689],[-13587422.2071072,4439062.4780004],[-13587421.9816593,4439061.0709953],[-13587421.7799175,4439059.66045367],[-13587421.6022609,4439058.24662038],[-13587421.448698,4439056.82999778],[-13587421.3191077,4439055.41083911],[-13587421.2136256,4439053.98977017],[-13587421.1322558,4439052.56704213],[-13587421.0750066,4439051.14315731],[-13587421.0420093,4439049.71849035],[-13587421.0331472,4439048.29354566],[-13587421.0484244,4439046.86857441],[-13587421.0879742,4439045.44407682],[-13587421.151678,4439044.02043171],[-13587421.2394189,4439042.59814349],[-13587421.3513261,4439041.17746124],[-13587421.4874101,4439039.75901285],[-13587421.6474249,4439038.34305364],[-13587421.8315039,4439036.93008386],[-13587422.0395282,4439035.52048231],[-13587422.299168,4439033.85941802],[-13587422.3163722,4439032.920417],[-13587422.2053747,4439032.24559033],[-13587421.9581703,4439031.51802214],[-13587421.4546211,4439030.62817591],[-13587420.8349654,4439029.92479789],[-13587420.0794598,4439029.37128762],[-13587419.1499375,4439028.95145093],[-13587418.4055204,4439028.77258718],[-13587414.9561827,4439028.27554657],[-13587411.7944202,4439028.52700364],[-13587410.8980962,4439019.65920355],[-13587414.0403949,4439019.21462705],[-13587413.1250671,4439010.15873211],[-13587414.4331051,4439007.69091302],[-13587415.7371326,4439007.65981538],[-13587415.969311,4439002.16900358],[-13587440.7139217,4438993.56588637],[-13587443.5204949,4439000.65719762],[-13587464.4246421,4438992.53779288],[-13587466.1242877,4438982.88185016],[-13587479.8024077,4438978.0145623],[-13587487.9395457,4438981.26311446],[-13587494.1835518,4438985.85473172],[-13587493.7556408,4438990.72526602],[-13587493.794095,4438991.28674323],[-13587493.9263634,4438991.83358746],[-13587494.1485598,4438992.35016202],[-13587494.4544343,4438992.82162343],[-13587494.8352591,4438993.23455139],[-13587495.2799558,4438993.57707231],[-13587496.1462931,4438994.12382245],[-13587496.880767,4438994.61574966],[-13587497.6012006,4438995.12838671],[-13587498.3067146,4438995.66149709],[-13587498.9969234,4438996.21445918],[-13587499.6711934,4438996.78678112],[-13587500.3290205,4438997.37822014],[-13587500.9697688,4438997.98815881],[-13587501.5930571,4438998.61622666],[-13587502.1983727,4438999.2616786],[-13587502.7852092,4438999.92414628],[-13587503.353058,4439000.60313574],[-13587503.9015338,4439001.29802537],[-13587504.4300028,4439002.00832332],[-13587504.9382046,4439002.73340589],[-13587505.4257537,4439003.47265145],[-13587505.8922646,4439004.22543842],[-13587506.3371036,4439004.99127492],[-13587506.7602604,4439005.76953308],[-13587507.1612244,4439006.55959335],[-13587507.539608,4439007.36070857],[-13587507.8952756,4439008.17225292],[-13587508.2278419,4439008.99360481],[-13587508.5369211,4439009.8241426],[-13587508.822503,4439010.66323841],[-13587509.0841978,4439011.51001946],[-13587509.3218721,4439012.36398554],[-13587509.5353883,4439013.22438526],[-13587509.7656479,4439014.27229758],[-13587509.9733784,4439014.98745908],[-13587510.2641658,4439015.6728425],[-13587510.6335964,4439016.3187238],[-13587510.9573326,4439016.77355721],[-13587511.324025,4439017.19400756],[-13587511.8655433,4439017.7031058],[-13587514.2803112,4439019.38010248],[-13587520.1612402,4439023.41278376],[-13587518.304347,4439026.33045576],[-13587519.763139,4439027.38030174],[-13587517.9018889,4439030.11829404],[-13587513.1575185,4439026.9072043],[-13587512.6231934,4439026.64330934],[-13587512.0421724,4439026.51259259],[-13587511.4475536,4439026.54238665],[-13587510.7708744,4439026.76762694],[-13587510.1147951,4439027.27716376],[-13587509.6641071,4439027.97620775],[-13587509.5049359,4439028.55242371],[-13587508.3627034,4439034.60602722],[-13587508.3579308,4439035.24585931],[-13587508.4557132,4439035.87769517],[-13587508.6411113,4439036.41523665],[-13587508.9102001,4439036.91595499],[-13587509.2560046,4439037.36652616],[-13587509.6694553,4439037.75554537],[-13587510.1397506,4439038.07276733],[-13587510.8581497,4439038.37202136],[-13587515.057808,4439038.43039584],[-13587515.9763741,4439038.27986856],[-13587516.8165913,4439037.87741394],[-13587517.4134786,4439037.34336675],[-13587517.9077777,4439036.55139152],[-13587518.1481086,4439035.78577305],[-13587518.1141493,4439031.24225421],[-13587530.0003656,4439031.21737729],[-13587533.574924,4439031.20995453],[-13587533.6923094,4439037.40440492],[-13587533.7076083,4439038.213606],[-13587533.961122,4439039.03452345],[-13587534.6165874,4439039.74721985],[-13587535.4283727,4439040.02857999],[-13587535.6579259,4439043.16760451],[-13587535.2183454,4439046.27046854],[-13587534.4185659,4439046.50178999],[-13587533.9550008,4439047.00509365],[-13587533.7934008,4439047.5780857],[-13587533.7861357,4439055.2233405],[-13587518.2815804,4439055.15952378],[-13587518.2045627,4439051.08161515],[-13587518.1309409,4439050.30780705],[-13587517.8447935,4439049.58553898],[-13587517.2687884,4439048.89010247],[-13587516.6273196,4439048.45565689],[-13587515.8833248,4439048.24212317],[-13587508.6722837,4439048.07597602],[-13587508.0372696,4439048.24185775],[-13587507.3486501,4439048.62205468],[-13587506.7912788,4439049.1783026],[-13587506.3413705,4439049.93951387],[-13587506.0378794,4439050.74312019],[-13587506.0325606,4439051.38019887],[-13587506.3613255,4439052.13064574],[-13587511.9225987,4439056.74551246],[-13587510.3980847,4439067.58515484],[-13587507.1097437,4439064.90352744],[-13587506.6209236,4439064.46489407],[-13587505.8046565,4439064.16978839],[-13587504.9427764,4439064.26924672],[-13587504.2876063,4439064.66031538],[-13587503.9390577,4439065.08506978],[-13587503.7342689,4439065.59560071],[-13587503.2174405,4439068.80012791],[-13587503.2291479,4439069.46078962],[-13587503.4809698,4439070.27784446],[-13587503.7846289,4439071.21135615],[-13587504.0297928,4439071.98895392],[-13587504.8466551,4439072.61403924],[-13587505.3756187,4439073.00703155],[-13587494.6154814,4439074.18188669],[-13587495.4122736,4439073.55907737],[-13587496.2575661,4439072.49706223],[-13587496.5733484,4439071.85378425],[-13587496.7664955,4439071.22197871],[-13587503.9761656,4439024.82549173],[-13587504.0800023,4439024.01995141],[-13587504.1589015,4439023.21156234],[-13587504.2127508,4439022.40108009],[-13587504.2414376,4439021.58926021],[-13587504.2451015,4439020.77697968],[-13587504.223755,4439019.96499196],[-13587504.1771605,4439019.15405471],[-13587504.1055807,4439018.34491723],[-13587504.0090301,4439017.53845856],[-13587503.8876462,4439016.73543009],[-13587503.7414395,4439015.9364597],[-13587503.5706767,4439015.14254786],[-13587503.3754932,4439014.35432035],[-13587503.1559017,4439013.57253065],[-13587502.9122897,4439012.79792594],[-13587502.6449197,4439012.03125553],[-13587502.3539315,4439011.27339637],[-13587502.0397105,4439010.52497007],[-13587501.7025173,4439009.78660033],[-13587501.3426165,4439009.05916204],[-13587500.9603936,4439008.34327679],[-13587500.5563614,4439007.63968969],[-13587500.1306553,4439006.94902654],[-13587499.6837858,4439006.27190686],[-13587499.2162657,4439005.60907575],[-13587498.7284804,4439004.96115484],[-13587498.2209406,4439004.32876362],[-13587497.6940318,4439003.71252374],[-13587497.1483875,4439003.11292702],[-13587496.5843953,4439002.53072067],[-13587496.0026867,4439001.96627097],[-13587495.4038974,4439001.42019533],[-13587494.7885399,4439000.89323886],[-13587494.1571166,4439000.38551876],[-13587493.5102672,4438999.89790363],[-13587492.848744,4438999.43050649],[-13587492.1730597,4438998.98407245],[-13587491.4839687,4438998.55884008],[-13587490.7819816,4438998.15542894],[-13587490.0678507,4438997.77395204],[-13587489.3423367,4438997.41502472],[-13587488.6060668,4438997.0787621],[-13587487.8596746,4438996.76565603],[-13587487.1040416,4438996.4760686],[-13587486.3399202,4438996.21011283],[-13587485.5678146,4438995.96803152],[-13587484.7886064,4438995.75018676],[-13587484.00305,4438995.55681716],[-13587483.2118957,4438995.38791016],[-13587482.6579977,4438995.30120573],[-13587482.1008629,4438995.23804515],[-13587481.5416167,4438995.19840958],[-13587480.9812615,4438995.18240788],[-13587480.4206768,4438995.19027656],[-13587479.8608566,4438995.22162216],[-13587479.3029325,4438995.27680259],[-13587478.7477737,4438995.35542648],[-13587478.1963782,4438995.45735151],[-13587477.6497466,4438995.58256096],[-13587477.1089998,4438995.73078485],[-13587476.5747591,4438995.90176157],[-13587476.0482706,4438996.09521905],[-13587475.5302763,4438996.31064243],[-13587451.8304039,4439005.56752831],[-13587450.9739309,4439005.86460718],[-13587450.1257228,4439006.18491191],[-13587449.2866526,4439006.52830231],[-13587448.4570915,4439006.89452094],[-13587447.6379104,4439007.28330202],[-13587446.8294804,4439007.69438811],[-13587446.0325455,4439008.12738995],[-13587445.2476015,4439008.58204801],[-13587444.4752677,4439009.05797511],[-13587443.7161648,4439009.55490964],[-13587442.9707869,4439010.0724665],[-13587442.2397509,4439010.61013295],[-13587441.5235527,4439011.16764945],[-13587440.8228092,4439011.74450324],[-13587440.1378893,4439012.34031132],[-13587439.469412,4439012.95468651],[-13587438.817867,4439013.58699255],[-13587438.1836273,4439014.23709762],[-13587437.5673036,4439014.90411217],[-13587436.969394,4439015.58790231],[-13587443.840976,4439020.25926164],[-13587438.1644833,4439028.51833108],[-13587437.8006161,4439029.037674],[-13587437.4563593,4439029.57050655],[-13587437.1323215,4439030.11581366],[-13587436.8288694,4439030.67308673],[-13587436.5464867,4439031.24131277],[-13587436.285663,4439031.81985553],[-13587436.0465088,4439032.40783387],[-13587435.8295097,4439033.00436036],[-13587435.6350284,4439033.60867528],[-13587435.4633004,4439034.21989537],[-13587435.3145633,4439034.837263],[-13587435.1889233,4439035.45964585],[-13587435.0867452,4439036.08640976],[-13587435.0080124,4439036.7165501],[-13587434.9529624,4439037.34930921],[-13587434.9214514,4439037.98355897],[-13587434.9138443,4439038.61866521],[-13587434.9255986,4439039.5691159],[-13587434.9151072,4439040.32448314],[-13587434.6768627,4439057.51273795],[-13587430.6479297,4439057.79402622],[-13587428.0380992,4439057.97621651],[-13587428.1710005,4439059.24043765],[-13587428.3274953,4439060.5018778],[-13587428.5074542,4439061.76028785],[-13587428.7107419,4439063.01504202],[-13587428.9373501,4439064.26563796],[-13587429.2792294,4439065.92820605],[-13587429.4941263,4439066.89485839],[-13587429.7069926,4439067.78429191],[-13587430.0751204,4439069.21943637],[-13587430.4168597,4439070.44348754],[-13587430.7813778,4439071.66087724],[-13587431.1685432,4439072.87123082],[-13587431.5779727,4439074.07405223],[-13587432.009912,4439075.26908612],[-13587432.4638507,4439076.45571296],[-13587432.9399075,4439077.63355391],[-13587433.4377031,4439078.80236408],[-13587433.9572293,4439079.96164113],[-13587434.4982297,4439081.11101251],[-13587435.0604438,4439082.24985449],[-13587435.7406749,4439083.51359393],[-13587436.2781186,4439084.14662344],[-13587436.8175807,4439084.5996135],[-13587437.4939629,4439085.00496717],[-13587438.4291398,4439085.35059738],[-13587425.6948676,4439088.45542444],[-13587426.1500348,4439087.95063119]]]},"properties":{"NAME":"Health Center","LOT":"128","F10_MIN":0,"F15_MIN":0,"F20_MIN":0,"F3_HOUR":0,"PERMIT_SPACES":12,"ENFORCEMENT":"Mon-Fri, 7:00am-8:30pm","PERMITS_ACCEPTED":"A, N, MC, ADA, Medical, Parkmobile","ObjectId":35}},{"type":"Feature","id":36,"geometry":{"type":"Polygon","coordinates":[[[-13586967.6471508,4439413.61795914],[-13586948.5286545,4439414.26726355],[-13586948.77879,4439414.21271977],[-13586949.0230622,4439414.13641613],[-13586949.2598517,4439414.0387565],[-13586949.4871744,4439413.92077892],[-13586949.7990415,4439413.72652303],[-13586950.0969256,4439413.51114516],[-13586950.3794719,4439413.2759241],[-13586950.6451965,4439413.02188951],[-13586950.8931178,4439412.75018835],[-13586951.1218789,4439412.46197381],[-13586951.3305043,4439412.15876958],[-13586951.5180164,4439411.84197376],[-13586951.6834379,4439411.51298446],[-13586951.8261704,4439411.1734447],[-13586951.9453635,4439410.82487606],[-13586952.0405441,4439410.46891949],[-13586952.1112389,4439410.10721593],[-13586952.1571039,4439409.74165537],[-13586952.1779119,4439409.37362342],[-13586952.1736962,4439409.00512941],[-13586952.1443586,4439408.63780802],[-13586952.0900512,4439408.27328975],[-13586952.0110531,4439407.9133286],[-13586951.9076436,4439407.55967857],[-13586951.7804769,4439407.21408742],[-13586951.6300761,4439406.8779282],[-13586951.4569682,4439406.55282519],[-13586951.2623079,4439406.24051777],[-13586951.0467411,4439405.94225135],[-13586950.811293,4439405.65951627],[-13586950.557235,4439405.3935475],[-13586950.6446696,4439410.68238114],[-13586904.8318262,4439411.73321763],[-13586904.3319651,4439391.93293003],[-13586940.8205023,4439390.98242206],[-13586960.0164714,4439390.48233124],[-13586973.1232667,4439390.14090919],[-13586973.0770941,4439395.1327407],[-13586973.0933384,4439395.3587082],[-13586973.134419,4439395.5813723],[-13586973.1999194,4439395.79822759],[-13586973.2889165,4439396.00640023],[-13586973.4002433,4439396.20339733],[-13586973.5327328,4439396.38672597],[-13586973.6845972,4439396.55415486],[-13586973.8540524,4439396.70370384],[-13586974.0389416,4439396.8335246],[-13586974.2369849,4439396.94189651],[-13586974.4457857,4439397.02760336],[-13586974.6626971,4439397.0894331],[-13586974.8852079,4439397.12679952],[-13586975.1104316,4439397.13912267],[-13586975.3356152,4439397.12632283],[-13586975.5580076,4439397.08844589],[-13586977.5366123,4439397.05544899],[-13586977.6329893,4439402.884288],[-13586975.4480573,4439402.92072578],[-13586975.2290361,4439402.93555838],[-13586975.0127625,4439402.97283081],[-13586974.8012289,4439403.0320074],[-13586974.5969279,4439403.1125441],[-13586974.4018478,4439403.21365405],[-13586974.2179706,4439403.33417362],[-13586974.0474014,4439403.47281153],[-13586973.891745,4439403.62828483],[-13586973.7525979,4439403.79880825],[-13586973.6315587,4439403.98272209],[-13586973.5298468,4439404.17812174],[-13586973.4484272,4439404.38285559],[-13586973.388267,4439404.59489764],[-13586973.3499542,4439404.81197693],[-13586973.5401,4439409.5339403],[-13586963.962041,4439409.80621906],[-13586963.8716625,4439404.99792503],[-13586963.6264205,4439405.25764789],[-13586963.400345,4439405.53426084],[-13586963.1942863,4439405.82624231],[-13586963.0094721,4439406.13219],[-13586962.8466277,4439406.4505844],[-13586962.7068515,4439406.77977418],[-13586962.5906168,4439407.11811839],[-13586962.4987718,4439407.46396985],[-13586962.4314105,4439407.81544273],[-13586962.3892541,4439408.17076634],[-13586962.3722756,4439408.5283081],[-13586962.3805668,4439408.88605657],[-13586962.4142258,4439409.24237708],[-13586962.4728463,4439409.59539215],[-13586962.5565242,4439409.94334149],[-13586962.6643532,4439410.28435596],[-13586962.7961833,4439410.61693064],[-13586962.951233,4439410.93919427],[-13586963.128602,4439411.24965444],[-13586963.3275112,4439411.5465655],[-13586963.5469372,4439411.82856269],[-13586963.7857317,4439412.09428337],[-13586964.0427446,4439412.34223929],[-13586964.3165794,4439412.57119754],[-13586964.605967,4439412.78004873],[-13586964.9093903,4439412.9678132],[-13586965.2253301,4439413.13338572],[-13586965.5521482,4439413.2760399],[-13586965.8882066,4439413.39504933],[-13586966.2318672,4439413.48968762],[-13586966.5813732,4439413.55960722],[-13586966.9349677,4439413.60446055],[-13586967.2907688,4439413.62390215],[-13586967.6471508,4439413.61795914]]]},"properties":{"NAME":"Crown/Merrill Apartments","LOT":"152","F10_MIN":2,"F15_MIN":0,"F20_MIN":0,"F3_HOUR":0,"PERMIT_SPACES":33,"ENFORCEMENT":"Daily, 7:00am-8:30pm","PERMITS_ACCEPTED":"A, N, NC, C 152-155, ADA, Medical, MC","ObjectId":36}},{"type":"Feature","id":37,"geometry":{"type":"Polygon","coordinates":[[[-13587023.8742876,4439411.48930059],[-13587024.4579845,4439411.44815908],[-13587025.0401485,4439411.389959],[-13587025.6204086,4439411.31495778],[-13587025.9471404,4439411.2632798],[-13587026.2690927,4439411.18731156],[-13587026.5845189,4439411.08733344],[-13587026.8916788,4439410.96400257],[-13587027.188707,4439410.81797815],[-13587027.4741155,4439410.65003873],[-13587027.7461702,4439410.46121818],[-13587028.0033872,4439410.25254619],[-13587028.2445327,4439410.02504832],[-13587028.4678788,4439409.78013517],[-13587028.6725731,4439409.51920278],[-13587028.8571358,4439409.24353202],[-13587029.0207206,4439408.95489566],[-13587029.1624771,4439408.65481532],[-13587029.28143,4439408.34481469],[-13587029.3769851,4439408.02678796],[-13587029.4486734,4439407.70262722],[-13587029.4960196,4439407.37384784],[-13587029.5188069,4439407.04246331],[-13587029.5168164,4439406.71036157],[-13587029.4902001,4439406.37917312],[-13587029.4389933,4439406.05103288],[-13587029.3634752,4439405.72769486],[-13587029.2641729,4439405.41078329],[-13587029.14162,4439405.10229917],[-13587028.9964686,4439404.80386466],[-13587028.829496,4439404.51709982],[-13587028.6416066,4439404.24374822],[-13587028.4339508,4439403.98529809],[-13587028.2076748,4439403.7429865],[-13587027.9639309,4439403.51842724],[-13587027.7042384,4439403.31272555],[-13587027.4299936,4439403.12711432],[-13587027.1427137,4439402.96257315],[-13587026.8439158,4439402.82008172],[-13587026.535363,4439402.7003643],[-13587026.2188185,4439402.60414519],[-13587026.3074524,4439407.9631781],[-13587004.5326531,4439408.93162421],[-13587004.4283069,4439402.62179664],[-13587002.5313925,4439397.29292757],[-13586999.0593903,4439388.46498399],[-13587006.521603,4439388.58057514],[-13587032.3974149,4439388.76409296],[-13587032.7162327,4439397.94410278],[-13587033.1109777,4439398.43509145],[-13587033.4878196,4439398.9401968],[-13587033.8459976,4439399.45880344],[-13587034.1852472,4439399.99003646],[-13587034.5049348,4439400.53340395],[-13587034.8047978,4439401.0881566],[-13587035.0843216,4439401.65342366],[-13587035.3431184,4439402.22845789],[-13587035.5810529,4439402.81263347],[-13587035.7976124,4439403.40520523],[-13587035.9925303,4439404.0051727],[-13587036.165546,4439404.6119121],[-13587036.3165199,4439405.22454647],[-13587036.3021021,4439405.6384482],[-13587036.3113264,4439406.05245801],[-13587036.3441699,4439406.46519449],[-13587036.4007369,4439406.87539969],[-13587036.4807544,4439407.28169638],[-13587036.5838245,4439407.68270939],[-13587036.7096741,4439408.07706148],[-13587036.8580325,4439408.46350096],[-13587037.0282516,4439408.84065686],[-13587037.2198125,4439409.20740726],[-13587037.4320671,4439409.56238117],[-13587037.6642485,4439409.90458643],[-13587037.9157107,4439410.23277764],[-13587038.1855618,4439410.54596471],[-13587038.4730308,4439410.84290433],[-13587038.7768546,4439411.12286386],[-13587039.0963894,4439411.38472348],[-13587039.4302452,4439411.62762702],[-13587039.7775361,4439411.85096119],[-13587040.1371202,4439412.05374008],[-13587040.5076137,4439412.2354843],[-13587040.8880038,4439412.39545704],[-13587041.2769065,4439412.5331789],[-13587041.6729381,4439412.6481705],[-13587023.8742876,4439411.48930059]]]},"properties":{"NAME":"Crown/Merrill Apartments","LOT":"153","F10_MIN":0,"F15_MIN":0,"F20_MIN":0,"F3_HOUR":0,"PERMIT_SPACES":13,"ENFORCEMENT":"Daily, 7:00am-8:30pm","PERMITS_ACCEPTED":"A, N, NC, C 152-155","ObjectId":37}},{"type":"Feature","id":38,"geometry":{"type":"Polygon","coordinates":[[[-13587063.2070076,4439414.79761837],[-13587048.340908,4439413.39150795],[-13587048.6452532,4439413.36268843],[-13587048.9464589,4439413.31043063],[-13587049.2427745,4439413.23476377],[-13587049.5323346,4439413.13634704],[-13587049.8133949,4439413.01558642],[-13587050.0843443,4439412.87338811],[-13587050.3434446,4439412.71053483],[-13587050.5892118,4439412.52805628],[-13587050.82016,4439412.32685658],[-13587051.0349386,4439412.10846571],[-13587051.2321886,4439411.87391126],[-13587051.4108096,4439411.62471902],[-13587051.569576,4439411.36241687],[-13587051.7077626,4439411.08852433],[-13587051.8242708,4439410.80469278],[-13587051.9185046,4439410.51269081],[-13587051.9899908,4439410.21415936],[-13587052.0382603,4439409.91099053],[-13587052.3522656,4439406.22412816],[-13587052.3268425,4439405.89706526],[-13587052.277077,4439405.57292089],[-13587052.2033711,4439405.25332135],[-13587052.1057582,4439404.94027598],[-13587051.9851405,4439404.63540278],[-13587051.8421745,4439404.34057506],[-13587051.6775103,4439404.05728939],[-13587051.4920502,4439403.78716375],[-13587051.2870739,4439403.53193546],[-13587051.0634752,4439403.29272015],[-13587050.8226567,4439403.07112747],[-13587050.5660127,4439402.86826471],[-13587050.2949394,4439402.68536477],[-13587050.0109519,4439402.52328168],[-13587049.7155715,4439402.38324625],[-13587049.4106822,4439402.26572952],[-13587049.0977991,4439402.17158554],[-13587048.7788063,4439402.10128534],[-13587048.4553355,4439402.05517856],[-13587043.197258,4439401.62799245],[-13587044.0564686,4439396.2609379],[-13587045.3635083,4439396.47705294],[-13587045.9277055,4439392.55752192],[-13587046.2859199,4439390.06870233],[-13587114.4421623,4439399.58444208],[-13587113.3469308,4439405.36546227],[-13587110.5552184,4439415.98372526],[-13587110.5828027,4439415.65514941],[-13587110.5857238,4439415.32522653],[-13587110.5642692,4439414.99621296],[-13587110.5183388,4439414.66961779],[-13587110.4482138,4439414.34732061],[-13587110.3544256,4439414.03119681],[-13587110.2373785,4439413.72299833],[-13587110.0977267,4439413.42447288],[-13587109.9363726,4439413.13723844],[-13587109.7540935,4439412.86291509],[-13587109.5519147,4439412.60299313],[-13587109.3309865,4439412.35896077],[-13587109.0924573,4439412.13218067],[-13587108.8378484,4439411.9238836],[-13587108.5684309,4439411.73530453],[-13587108.0718763,4439416.8764879],[-13587106.8084495,4439417.98103341],[-13587062.1746242,4439412.10789198],[-13587063.0214656,4439405.26778468],[-13587063.0278122,4439405.09947582],[-13587063.009408,4439404.9320824],[-13587062.9665653,4439404.76936777],[-13587062.9000906,4439404.61471018],[-13587062.8117927,4439404.47159674],[-13587062.7032241,4439404.343142],[-13587062.5770584,4439404.23219059],[-13587062.4358403,4439404.14133803],[-13587062.2828501,4439404.07228825],[-13587062.1213701,4439404.02687073],[-13587061.9550391,4439404.0057785],[-13587061.7873709,4439404.00970663],[-13587061.6221147,4439404.03846693],[-13587061.4628866,4439404.09137098],[-13587061.3132962,4439404.16735364],[-13587061.1764448,4439404.2648557],[-13587061.0555441,4439404.38143686],[-13587060.9530576,4439404.51479486],[-13587060.8713114,4439404.66187607],[-13587060.8121271,4439404.81938401],[-13587060.7768262,4439404.98403056],[-13587060.5753494,4439406.45260466],[-13587060.0646848,4439410.29612873],[-13587060.036018,4439410.61228609],[-13587060.0321414,4439410.92991413],[-13587060.0527677,4439411.24675648],[-13587060.0979927,4439411.5610529],[-13587060.1674082,4439411.87080031],[-13587060.2607349,4439412.17424471],[-13587060.3771894,4439412.46938926],[-13587060.5162444,4439412.75460973],[-13587060.6771186,4439413.02803488],[-13587060.8585343,4439413.28805299],[-13587061.0597144,4439413.53304396],[-13587061.2792584,4439413.76152376],[-13587061.5157701,4439413.97225948],[-13587061.7679719,4439414.16363941],[-13587062.0343509,4439414.33493507],[-13587062.3131314,4439414.48466867],[-13587062.6026774,4439414.61223942],[-13587062.9012239,4439414.71679741],[-13587063.2070076,4439414.79761837]]]},"properties":{"NAME":"Crown/Merrill Apartments","LOT":"154","F10_MIN":2,"F15_MIN":0,"F20_MIN":0,"F3_HOUR":0,"PERMIT_SPACES":23,"ENFORCEMENT":"Daily, 7:00am-8:30pm","PERMITS_ACCEPTED":"A, N, NC, C 152-155, Parkmobile","ObjectId":38}},{"type":"Feature","id":39,"geometry":{"type":"Polygon","coordinates":[[[-13587125.9409128,4439413.882474],[-13587131.9536514,4439399.6039425],[-13587131.9046209,4439399.87609643],[-13587131.8790342,4439400.15150198],[-13587131.8771082,4439400.42814563],[-13587131.8989327,4439400.70389037],[-13587131.9443494,4439400.97672897],[-13587132.0129477,4439401.24453274],[-13587132.1041985,4439401.50555188],[-13587132.2175661,4439401.7576598],[-13587132.3520191,4439401.99898945],[-13587132.5066551,4439402.22792286],[-13587132.6804426,4439402.44259296],[-13587132.871979,4439402.64139012],[-13587133.0797409,4439402.82295798],[-13587133.3023279,4439402.98581247],[-13587133.5380957,4439403.1288505],[-13587133.7851498,4439403.25097309],[-13587134.0418502,4439403.35132832],[-13587134.3061815,4439403.42907049],[-13587134.5761347,4439403.48373064],[-13587134.8498258,4439403.51483777],[-13587135.1251248,4439403.52217619],[-13587139.4259623,4439403.45038509],[-13587139.6836066,4439403.41882516],[-13587139.9375005,4439403.36471654],[-13587140.1856453,4439403.28821818],[-13587140.4261759,4439403.18998934],[-13587140.6571059,4439403.07094248],[-13587140.8766972,4439402.93186035],[-13587141.0832158,4439402.77377682],[-13587141.274934,4439402.59810255],[-13587141.450624,4439402.40623983],[-13587141.6086791,4439402.19934605],[-13587141.7480069,4439401.97944934],[-13587141.8675051,4439401.74794991],[-13587141.9660794,4439401.50675029],[-13587142.0431377,4439401.25787027],[-13587142.098084,4439401.00307845],[-13587142.1304513,4439400.74439251],[-13587142.1398978,4439400.48382807],[-13587142.0613287,4439396.56785905],[-13587180.1441948,4439394.10119293],[-13587181.8200621,4439415.0106524],[-13587175.9890324,4439415.41803584],[-13587173.1389834,4439415.61711601],[-13587138.9475132,4439418.00573934],[-13587138.7253187,4439413.64181908],[-13587138.6238755,4439413.35446434],[-13587138.4995693,4439413.07628454],[-13587138.3533045,4439412.80902323],[-13587138.1859897,4439412.55467516],[-13587137.9987732,4439412.31460294],[-13587137.7928115,4439412.09067156],[-13587137.5695009,4439411.88411387],[-13587137.330242,4439411.69641392],[-13587137.076679,4439411.52867484],[-13587136.8104582,4439411.38212532],[-13587136.5332219,4439411.2577429],[-13587136.2469834,4439411.15624768],[-13587135.9535057,4439411.07836393],[-13587135.6545479,4439411.02456477],[-13587135.3523689,4439410.99531496],[-13587134.5363444,4439410.95768383],[-13587133.7197169,4439410.93651871],[-13587132.9028615,4439410.93181334],[-13587132.0859032,4439410.94356565],[-13587131.2694672,4439410.97176518],[-13587130.7730907,4439411.09687572],[-13587130.2828446,4439411.24474645],[-13587129.7998481,4439411.41498187],[-13587129.3250972,4439411.60731408],[-13587128.8597114,4439411.82134758],[-13587128.4045553,4439412.05643982],[-13587127.9605024,4439412.31245062],[-13587127.5287886,4439412.58848002],[-13587127.1100327,4439412.88414083],[-13587126.7052269,4439413.19891403],[-13587126.3152319,4439413.53190594],[-13587125.9409128,4439413.882474]]]},"properties":{"NAME":"Fire House","LOT":"156","F10_MIN":0,"F15_MIN":0,"F20_MIN":0,"F3_HOUR":0,"PERMIT_SPACES":18,"ENFORCEMENT":"Daily, 7:00am-8:30pm","PERMITS_ACCEPTED":"A, N, NC, C 156, Parkmobile","ObjectId":39}},{"type":"Feature","id":40,"geometry":{"type":"Polygon","coordinates":[[[-13587113.6677509,4439307.58350086],[-13587119.359703,4439314.12661733],[-13587118.666341,4439314.74366523],[-13587118.5111512,4439314.88933352],[-13587118.3727354,4439315.05092647],[-13587118.2524421,4439315.22678856],[-13587118.1519845,4439315.41463006],[-13587118.0723277,4439315.6122994],[-13587118.0144347,4439315.81751938],[-13587117.9791391,4439316.02776375],[-13587117.9667767,4439316.24064017],[-13587117.9774308,4439316.45363491],[-13587118.011058,4439316.66411072],[-13587118.0672455,4439316.86981339],[-13587118.1453247,4439317.06811611],[-13587118.2442576,4439317.2567751],[-13587118.3631316,4439317.43354447],[-13587118.5002858,4439317.59631644],[-13587121.8328558,4439322.31716738],[-13587120.9482276,4439322.95574844],[-13587120.0496347,4439323.57433815],[-13587119.1375712,4439324.17255139],[-13587118.2125351,4439324.75025423],[-13587117.2747703,4439325.30706574],[-13587116.3247707,4439325.84260082],[-13587115.3632867,4439326.35684694],[-13587114.3904349,4439326.84929967],[-13587113.4069636,4439327.31982091],[-13587112.4133708,4439327.7682767],[-13587111.4099005,4439328.19428615],[-13587110.3972987,4439328.59758553],[-13587109.3759406,4439328.9781686],[-13587108.3464472,4439329.33577374],[-13587107.3091896,4439329.67014352],[-13587106.264793,4439329.9812675],[-13587105.2136284,4439330.26888826],[-13587104.1564418,4439330.5327421],[-13587103.0936106,4439330.77294835],[-13587102.0257557,4439330.98924538],[-13587100.9533754,4439331.18149929],[-13587099.8769676,4439331.34957612],[-13587098.7970347,4439331.49359312],[-13587098.4523208,4439331.53175524],[-13587097.7141999,4439331.61341427],[-13587096.6289591,4439331.70878004],[-13587095.5418147,4439331.77980768],[-13587094.4535168,4439331.82648467],[-13587093.3643157,4439331.84880682],[-13587092.2749595,4439331.84663604],[-13587091.1859504,4439331.82008956],[-13587089.7268366,4439331.75612993],[-13587088.2690848,4439331.66865689],[-13587086.8129452,4439331.55766629],[-13587085.3586638,4439331.42290276],[-13587083.906872,4439331.26473265],[-13587082.4576907,4439331.08290268],[-13587081.0117515,4439330.87777919],[-13587079.5691751,4439330.64910892],[-13587078.130468,4439330.39726027],[-13587076.6960012,4439330.12197583],[-13587075.2661541,4439329.82350051],[-13587073.8414288,4439329.50195154],[-13587072.4218253,4439329.15732893],[-13587070.7670706,4439328.72945136],[-13587069.1180754,4439328.27924316],[-13587067.4753422,4439327.80682156],[-13587065.8391209,4439327.31218241],[-13587064.2096659,4439326.79557269],[-13587062.5872252,4439326.25686267],[-13587060.9721801,4439325.69642284],[-13587059.3647787,4439325.11412344],[-13587057.7652731,4439324.5100859],[-13587056.1740448,4439323.88468071],[-13587054.5913396,4439323.23765255],[-13587053.017539,4439322.56937191],[-13587051.452643,4439321.87983879],[-13587049.9410226,4439321.18979348],[-13587048.4385818,4439320.47999856],[-13587046.9453247,4439319.75070518],[-13587045.4616265,4439319.00190709],[-13587043.9876164,4439318.23385339],[-13587042.5237967,4439317.44666132],[-13587041.0702944,4439316.64045438],[-13587039.6272367,4439315.81535608],[-13587038.195128,4439314.97160926],[-13587036.7739661,4439314.10908833],[-13587035.3640075,4439313.22816589],[-13587037.1689259,4439310.04569079],[-13587037.9360532,4439308.69293432],[-13587038.0400578,4439308.49259845],[-13587038.1218842,4439308.28233197],[-13587038.1808194,4439308.06440788],[-13587038.2161548,4439307.84135036],[-13587038.2206697,4439307.75133314],[-13587038.2274337,4439307.61580496],[-13587038.2145749,4439307.39041104],[-13587038.1777447,4439307.16767813],[-13587038.117235,4439306.95011372],[-13587038.0339645,4439306.74034043],[-13587037.9286001,4439306.5408595],[-13587037.8026777,4439306.35378079],[-13587037.6573621,4439306.18147157],[-13587037.4945601,4439306.02578431],[-13587037.3164183,4439305.88793937],[-13587036.8916832,4439305.57244023],[-13587036.4196014,4439305.19241004],[-13587035.963097,4439304.79377986],[-13587035.5229287,4439304.37703951],[-13587035.0998592,4439303.94292999],[-13587034.6942761,4439303.49219852],[-13587034.3071881,4439303.02533076],[-13587033.9389868,4439302.5433251],[-13587033.5903101,4439302.04692463],[-13587033.2617935,4439301.53674682],[-13587032.9538308,4439301.01391565],[-13587032.6670556,4439300.47892305],[-13587032.4018617,4439299.93289299],[-13587032.1587638,4439299.37669621],[-13587031.9380245,4439298.81108203],[-13587031.7400333,4439298.23692328],[-13587031.5651864,4439297.65546953],[-13587031.4136169,4439297.06722101],[-13587031.2857208,4439296.47342731],[-13587031.1816397,4439295.87509099],[-13587031.1016342,4439295.27283579],[-13587031.0455999,4439294.66791963],[-13587031.0138036,4439294.06134299],[-13587031.0063827,4439293.45385729],[-13587031.0231037,4439292.84647135],[-13587031.0641125,4439292.24043892],[-13587031.1292945,4439291.63638998],[-13587031.2185453,4439291.03558246],[-13587031.3317523,4439290.43877191],[-13587031.4686842,4439289.84709277],[-13587031.6291033,4439289.26130268],[-13587031.8127782,4439288.68253607],[-13587032.0194713,4439288.11155059],[-13587032.2488241,4439287.54935716],[-13587032.500476,4439286.99684111],[-13587032.7739433,4439286.45501544],[-13587033.0687364,4439285.92451641],[-13587035.9463911,4439280.98373214],[-13587036.038073,4439280.8097307],[-13587036.1082039,4439280.62591382],[-13587036.1558273,4439280.43493541],[-13587036.1801134,4439280.2395729],[-13587036.1808579,4439280.04259325],[-13587036.1579876,4439279.84713811],[-13587036.1117942,4439279.65571497],[-13587036.0429548,4439279.47145292],[-13587035.9526344,4439279.29671927],[-13587035.8418788,4439279.13426012],[-13587035.7126013,4439278.98630468],[-13587035.5663398,4439278.85508838],[-13587035.4055012,4439278.74245532],[-13587035.2323654,4439278.6501261],[-13587035.0494562,4439278.5794404],[-13587034.8592932,4439278.53148675],[-13587034.6648856,4439278.50671739],[-13587034.46887,4439278.50571644],[-13587034.2741222,4439278.52843591],[-13587034.0835122,4439278.57445109],[-13587033.8997845,4439278.64333933],[-13587033.7256695,4439278.73379891],[-13587033.5637765,4439278.84478139],[-13587033.4163272,4439278.97449104],[-13587033.2854161,4439279.12100869],[-13587033.173138,4439279.28241514],[-13587030.0727785,4439284.36308172],[-13587009.2591538,4439272.07648732],[-13587012.4006159,4439266.59166657],[-13587012.4963735,4439266.39938318],[-13587012.5693298,4439266.19730517],[-13587012.618403,4439265.98808853],[-13587012.6431386,4439265.77450443],[-13587012.6430864,4439265.55957517],[-13587012.6181669,4439265.34606564],[-13587012.568803,4439265.13685798],[-13587012.4956678,4439264.93483012],[-13587012.3996823,4439264.74273029],[-13587012.2821383,4439264.56304927],[-13587012.1447011,4439264.39814598],[-13587011.9891627,4439264.25050288],[-13587011.817678,4439264.12184265],[-13587006.8238099,4439261.3407042],[-13587017.2537496,4439243.61935836],[-13587022.062044,4439246.22194124],[-13587022.2680404,4439246.31975182],[-13587022.4833018,4439246.39542497],[-13587022.7051835,4439246.44787425],[-13587022.9313034,4439246.47676254],[-13587023.1592775,4439246.48162717],[-13587023.3864797,4439246.46251192],[-13587023.6102841,4439246.4194606],[-13587023.8285754,4439246.35313659],[-13587024.0386129,4439246.26421368],[-13587024.2381605,4439246.15360849],[-13587024.425111,4439246.02248672],[-13587024.5973658,4439245.87251641],[-13587024.7529468,4439245.70511231],[-13587024.8902619,4439245.52231086],[-13587025.0075914,4439245.326025],[-13587025.1038475,4439245.11853396],[-13587025.1779401,4439244.90199142],[-13587025.2289081,4439244.67880011],[-13587025.2562931,4439244.45148002],[-13587025.2598864,4439244.22254695],[-13587025.2393544,4439243.9945188],[-13587025.195239,4439243.76989886],[-13587025.1279567,4439243.5511925],[-13587025.0380472,4439243.34077744],[-13587024.9268004,4439243.14101886],[-13587023.6926663,4439241.19093596],[-13587022.4452942,4439239.24961602],[-13587021.1844319,4439237.31693762],[-13587020.8201607,4439236.78499931],[-13587020.43574,4439236.26746616],[-13587020.0318074,4439235.76508122],[-13587019.6091257,4439235.27858547],[-13587019.1682074,4439234.80872405],[-13587018.7096883,4439234.35611444],[-13587018.234206,4439233.92149967],[-13587017.7426462,4439233.50549308],[-13587017.2353943,4439233.10871629],[-13587016.7135842,4439232.73165286],[-13587016.1776034,4439232.37505001],[-13587015.6284584,4439232.0392678],[-13587015.067033,4439231.72479397],[-13587014.1327592,4439231.23703375],[-13587013.1886746,4439230.76865641],[-13587012.2351587,4439230.31990685],[-13587011.2725905,4439229.89102996],[-13587010.3015975,4439229.48214089],[-13587009.3223068,4439229.09336314],[-13587008.3353476,4439228.72493744],[-13587007.3409723,4439228.37698519],[-13587006.339685,4439228.04974919],[-13587005.331861,4439227.74322322],[-13587004.3180024,4439227.45752448],[-13587003.1888018,4439227.16307211],[-13587002.0544419,4439226.88943235],[-13587000.915298,4439226.63659896],[-13586999.7716221,4439226.40469331],[-13586998.6240416,4439226.19383059],[-13586997.4728066,4439226.00400659],[-13586996.3182941,4439225.83534066],[-13586995.1608815,4439225.68795212],[-13586994.001069,4439225.5618326],[-13586992.8391065,4439225.45697796],[-13586991.6753692,4439225.37338192],[-13586991.4670837,4439225.37157989],[-13586991.259793,4439225.39212095],[-13586991.0557458,4439225.43484197],[-13586990.8575619,4439225.49932241],[-13586990.6672254,4439225.58452427],[-13586990.4872267,4439225.68977791],[-13586990.3194208,4439225.81379623],[-13586990.1656583,4439225.95504099],[-13586990.0279172,4439226.11209742],[-13586989.9076648,4439226.28293118],[-13586989.8063724,4439226.46575912],[-13586989.7250053,4439226.65842965],[-13586989.6646513,4439226.85866355],[-13586989.6260254,4439227.06431341],[-13586984.9539969,4439257.27835897],[-13586959.7243234,4439253.45753209],[-13586955.5824237,4439252.72893354],[-13586956.253342,4439247.19815802],[-13586956.2688098,4439246.9686501],[-13586956.2595084,4439246.73892711],[-13586956.2258525,4439246.51136886],[-13586956.1678918,4439246.28898933],[-13586956.0864141,4439246.07403647],[-13586955.9824631,4439245.86913081],[-13586955.8572039,4439245.67663964],[-13586955.7120492,4439245.4988005],[-13586955.5487829,4439245.33759351],[-13586955.3690638,4439245.19500087],[-13586955.3228014,4439245.16574996],[-13586955.1751697,4439245.07261759],[-13586954.9693763,4439244.97191314],[-13586954.753953,4439244.89398022],[-13586952.7072685,4439244.58253722],[-13586949.0847574,4439244.03143967],[-13586950.4294837,4439233.12926042],[-13586952.1067231,4439220.26344342],[-13586956.5558036,4439220.8483641],[-13586957.4346402,4439220.96397345],[-13586957.6521821,4439220.98094698],[-13586957.8703403,4439220.97467125],[-13586958.086616,4439220.94531352],[-13586958.2986395,4439220.89329018],[-13586958.5039162,4439220.81901968],[-13586958.7003348,4439220.72341651],[-13586958.8855363,4439220.60752497],[-13586959.0575405,4439220.47263423],[-13586959.2144967,4439220.32028253],[-13586959.3544313,4439220.15213581],[-13586959.476,4439219.97010072],[-13586959.5777353,4439219.77621159],[-13586959.6585472,4439219.57262209],[-13586959.7174727,4439219.36160935],[-13586959.7539261,4439219.14556985],[-13586960.8955728,4439210.38817698],[-13586961.3704452,4439206.74618783],[-13586986.7557484,4439210.08404073],[-13587002.2516283,4439212.12147538],[-13587001.531414,4439218.27749581],[-13587001.5705748,4439218.50508711],[-13587001.6336569,4439218.72700355],[-13587001.7198746,4439218.94112275],[-13587001.828307,4439219.14469653],[-13587001.9576662,4439219.33548527],[-13587002.1066665,4439219.51137494],[-13587002.273399,4439219.67038753],[-13587002.4559549,4439219.810545],[-13587002.6524335,4439219.93037167],[-13587002.8605612,4439220.02852367],[-13587003.0778184,4439220.1039125],[-13587003.3019378,4439220.15557103],[-13587004.3677399,4439220.35272321],[-13587005.4296373,4439220.5709183],[-13587006.4868777,4439220.81004324],[-13587007.539334,4439221.06997454],[-13587008.5863811,4439221.35072264],[-13587009.6278897,4439221.65203845],[-13587010.6632345,4439221.97393242],[-13587011.6920384,4439222.31628521],[-13587012.7139201,4439222.67872634],[-13587013.4646484,4439222.96655216],[-13587014.2062452,4439223.27701555],[-13587014.9382082,4439223.60999928],[-13587015.6597788,4439223.96501352],[-13587016.3703318,4439224.34206873],[-13587017.0691046,4439224.74042392],[-13587017.7554697,4439225.15996396],[-13587018.4289188,4439225.60019487],[-13587019.0886953,4439226.06075241],[-13587019.7342928,4439226.54126819],[-13587020.3650757,4439227.04112475],[-13587020.9804147,4439227.56008135],[-13587021.7131687,4439228.2131217],[-13587022.4298328,4439228.88401671],[-13587023.1297755,4439229.57240007],[-13587023.8128615,4439230.27764598],[-13587024.4785884,4439230.99963719],[-13587025.1264436,4439231.73762858],[-13587025.8741769,4439232.71400657],[-13587026.6056039,4439233.70271578],[-13587027.3208435,4439234.70337738],[-13587028.0193912,4439235.71574857],[-13587028.701368,4439236.7395761],[-13587029.3663925,4439237.77448949],[-13587029.7031681,4439238.28502899],[-13587030.0604706,4439238.78128267],[-13587030.4376622,4439239.26250745],[-13587030.8339802,4439239.72796236],[-13587031.2489099,4439240.17677665],[-13587031.6818116,4439240.6080817],[-13587032.1318015,4439241.02138977],[-13587032.5981171,4439241.41595988],[-13587033.0802456,4439241.79104687],[-13587033.5770533,4439242.1461672],[-13587034.0409229,4439242.45334907],[-13587034.5139383,4439242.74630933],[-13587034.9954679,4439243.02468163],[-13587035.061856,4439243.06075657],[-13587035.4851366,4439243.28847226],[-13587035.982561,4439243.53718513],[-13587036.1646669,4439243.61228054],[-13587036.3540517,4439243.66615097],[-13587036.5483268,4439243.69808254],[-13587036.7449833,4439243.70761467],[-13587036.9413908,4439243.69453998],[-13587037.1351779,4439243.65914929],[-13587037.3236017,4439243.60199081],[-13587037.5042948,4439243.52360651],[-13587037.6750231,4439243.42503859],[-13587037.8334334,4439243.30770808],[-13587037.9775479,4439243.17302976],[-13587038.1053951,4439243.02279516],[-13587038.2155034,4439242.85878746],[-13587041.1335052,4439237.93078953],[-13587061.741833,4439250.01996993],[-13587058.613642,4439255.54150736],[-13587058.5511725,4439255.727206],[-13587058.5105667,4439255.9189463],[-13587058.4924062,4439256.1140806],[-13587058.4970224,4439256.30996544],[-13587058.5242488,4439256.50409125],[-13587058.5737897,4439256.6936994],[-13587058.644851,4439256.8761652],[-13587058.7365202,4439257.04924277],[-13587058.8477531,4439257.21031158],[-13587058.976766,4439257.35739153],[-13587059.121898,4439257.48837484],[-13587059.2812443,4439257.60153468],[-13587064.5074834,4439260.87181516],[-13587048.8816922,4439287.65965004],[-13587043.61296,4439284.74731665],[-13587043.396048,4439284.69290045],[-13587043.1746353,4439284.66129599],[-13587042.951108,4439284.65309155],[-13587042.7280922,4439284.66824332],[-13587042.5077114,4439284.70659025],[-13587042.2924624,4439284.76783945],[-13587042.0848317,4439284.85107013],[-13587041.8869345,4439284.95561891],[-13587041.7008779,4439285.0803201],[-13587041.5288899,4439285.22375472],[-13587041.3725711,4439285.38438868],[-13587041.2336452,4439285.56056021],[-13587041.1138275,4439285.7501052],[-13587039.1110288,4439289.31762491],[-13587038.9061627,4439289.71924844],[-13587038.7227328,4439290.13131744],[-13587038.5613415,4439290.55244004],[-13587038.4223495,4439290.98173094],[-13587038.3062319,4439291.41767479],[-13587038.2132223,4439291.85926277],[-13587038.1438,4439292.30523071],[-13587038.0979422,4439292.75419721],[-13587038.0758804,4439293.20502785],[-13587038.0775916,4439293.65634122],[-13587038.1030551,4439294.10688151],[-13587038.1523772,4439294.55551638],[-13587038.2252851,4439295.00086861],[-13587038.3215099,4439295.44181212],[-13587038.4410267,4439295.87683992],[-13587038.5831936,4439296.30495778],[-13587038.7478649,4439296.72491196],[-13587038.9343967,4439297.13558265],[-13587039.142393,4439297.53572029],[-13587039.3712099,4439297.92420504],[-13587039.6202035,4439298.29991711],[-13587039.8886069,4439298.66186435],[-13587040.1757783,4439299.00905252],[-13587040.4809486,4439299.34036391],[-13587040.8031052,4439299.65506169],[-13587041.141356,4439299.95215581],[-13587041.4949363,4439300.2307797],[-13587041.8627081,4439300.49019866],[-13587042.2435337,4439300.72967794],[-13587045.3357742,4439302.56121515],[-13587045.5306512,4439302.62190304],[-13587045.7310335,4439302.6600136],[-13587045.934537,4439302.67508417],[-13587046.1384043,4439302.66678386],[-13587046.3400137,4439302.63540768],[-13587046.5367414,4439302.581125],[-13587046.7259759,4439302.50485872],[-13587046.905481,4439302.40752547],[-13587047.0728995,4439302.29029512],[-13587047.2258826,4439302.15483989],[-13587047.3625794,4439302.00269807],[-13587047.4811497,4439301.83603584],[-13587050.626182,4439296.83990425],[-13587052.7780727,4439297.98316925],[-13587054.9409961,4439299.1052718],[-13587057.1148249,4439300.2060884],[-13587059.2990591,4439301.28562739],[-13587061.4938216,4439302.34376108],[-13587063.69861,4439303.3803722],[-13587064.6465381,4439303.80836109],[-13587065.6031392,4439304.21623206],[-13587066.5680361,4439304.6038658],[-13587067.5408494,4439304.97101739],[-13587068.5212041,4439305.31769309],[-13587069.5084707,4439305.64365217],[-13587070.502395,4439305.94864762],[-13587071.5023519,4439306.23268988],[-13587072.5080869,4439306.49553195],[-13587073.5191,4439306.73718218],[-13587075.4529286,4439307.16655687],[-13587077.391404,4439307.57437315],[-13587079.3341467,4439307.96038609],[-13587081.2811589,4439308.3247213],[-13587083.2320653,4439308.667385],[-13587085.1866118,4439308.98813022],[-13587087.1446733,4439309.28695902],[-13587088.0355813,4439309.40587427],[-13587088.9292226,4439309.50100218],[-13587089.8250973,4439309.57235108],[-13587090.72258,4439309.61993142],[-13587091.6210413,4439309.64350247],[-13587092.5197351,4439309.6433279],[-13587093.4181592,4439309.61929049],[-13587094.3155612,4439309.57127716],[-13587095.2114451,4439309.49954744],[-13587096.1051835,4439309.40398618],[-13587096.9960283,4439309.28473148],[-13587097.8833542,4439309.14179377],[-13587098.6229936,4439309.00081821],[-13587099.3580054,4439308.83718311],[-13587100.0876392,4439308.650901],[-13587100.811274,4439308.44223348],[-13587101.5282887,4439308.21144215],[-13587102.2378102,4439307.9586672],[-13587102.9392151,4439307.68404465],[-13587103.6320118,4439307.38808519],[-13587104.3154518,4439307.07092692],[-13587104.9887893,4439306.73283354],[-13587105.6516531,4439306.37406247],[-13587106.3030512,4439305.99513273],[-13587106.9427398,4439305.59642527],[-13587107.3502534,4439305.32457187],[-13587107.5698456,4439305.17808027],[-13587108.1838767,4439304.74060841],[-13587108.7843413,4439304.28452039],[-13587109.3706184,4439303.81007779],[-13587109.9419658,4439303.31779549],[-13587113.529954,4439307.44234586],[-13587113.6677509,4439307.58350086]]]},"properties":{"NAME":"Crown College \"Pit\"","LOT":"111A","F10_MIN":0,"F15_MIN":0,"F20_MIN":0,"F3_HOUR":0,"PERMIT_SPACES":108,"ENFORCEMENT":"Mon-Fri, 7:00am-8:30pm","PERMITS_ACCEPTED":"A, N, NC, C 111A, Parkmobile","ObjectId":40}},{"type":"Feature","id":42,"geometry":{"type":"Polygon","coordinates":[[[-13586652.2708902,4439070.47968957],[-13586663.9804011,4439070.07574909],[-13586664.2849626,4439070.09090304],[-13586664.5898212,4439070.09374183],[-13586684.7744201,4439069.88056444],[-13586685.0342634,4439069.86141589],[-13586685.2909371,4439069.81694602],[-13586685.5420715,4439069.74757113],[-13586685.7854283,4439069.65408216],[-13586686.0183921,4439069.53715073],[-13586686.2391099,4439069.39818946],[-13586686.4452226,4439069.23824254],[-13586686.6348794,4439069.05884814],[-13586686.8063608,4439068.86191911],[-13586686.9578181,4439068.64911923],[-13586687.088034,4439068.42247858],[-13586687.1956705,4439068.18428051],[-13586687.2797624,4439067.93667652],[-13586687.3394737,4439067.6820672],[-13586687.3742167,4439067.42272341],[-13586687.3836597,4439067.16128855],[-13586687.3678421,4439066.90014865],[-13586687.3268053,4439066.6418153],[-13586687.2608409,4439066.38879594],[-13586687.1708616,4439066.14333641],[-13586687.0574068,4439065.90781441],[-13586686.9217643,4439065.68446955],[-13586686.7650948,4439065.47541795],[-13586686.5889339,4439065.28276949],[-13586686.3949342,4439065.10812963],[-13586686.1850023,4439064.95335083],[-13586685.9610348,4439064.81965768],[-13586685.7251841,4439064.70864731],[-13586678.3024868,4439061.64551714],[-13586678.1489467,4439061.63362766],[-13586677.9950509,4439061.63807394],[-13586677.8425478,4439061.65870126],[-13586677.6633211,4439061.70464509],[-13586677.4913447,4439061.77307876],[-13586677.3292219,4439061.86257718],[-13586677.1796848,4439061.97196435],[-13586677.0452074,4439062.09956608],[-13586676.927753,4439062.24308865],[-13586676.8292871,4439062.40036388],[-13586676.7513938,4439062.56885313],[-13586676.6952799,4439062.74589841],[-13586675.3858265,4439068.01083576],[-13586659.996399,4439060.48522447],[-13586661.2988444,4439047.25472002],[-13586667.1015157,4439036.70616506],[-13586677.1802112,4439041.96075573],[-13586676.7975534,4439044.99643257],[-13586681.2488971,4439046.72425856],[-13586683.2569447,4439045.30404912],[-13586700.6761847,4439053.94053945],[-13586699.7212034,4439058.34125215],[-13586699.6136344,4439058.59866798],[-13586699.5295975,4439058.86473622],[-13586699.4700579,4439059.13730537],[-13586699.4352304,4439059.4142364],[-13586699.4254527,4439059.69326263],[-13586699.4408085,4439059.97187039],[-13586699.4812646,4439060.24805042],[-13586699.5464066,4439060.51942293],[-13586699.6356968,4439060.78373582],[-13586699.7484748,4439061.03886465],[-13586701.186647,4439062.45068889],[-13586708.4243179,4439066.67781071],[-13586708.48734,4439066.71469684],[-13586708.6529123,4439066.81142637],[-13586708.8558661,4439066.9298928],[-13586708.8898404,4439066.94980222],[-13586709.1092156,4439067.07804436],[-13586709.1776581,4439067.11747812],[-13586709.376717,4439067.23487887],[-13586709.3941345,4439067.24438675],[-13586709.4132149,4439067.25612801],[-13586709.6512705,4439067.39461069],[-13586709.6670604,4439067.40402007],[-13586709.8983015,4439067.53884778],[-13586709.9508353,4439067.56925098],[-13586710.1586009,4439067.69128008],[-13586710.1750036,4439067.69992557],[-13586710.1907997,4439067.70971169],[-13586710.42798,4439067.84820892],[-13586710.4625795,4439067.86810793],[-13586710.6726083,4439067.99085303],[-13586710.6907968,4439068.00160423],[-13586710.8969079,4439068.12190227],[-13586710.9634665,4439068.16086494],[-13586711.126386,4439068.25600563],[-13586711.2661926,4439068.33758801],[-13586711.2809698,4439068.34626056],[-13586711.4647872,4439068.42685887],[-13586711.4840658,4439068.43545646],[-13586711.51882,4439068.44957463],[-13586711.7528526,4439068.52619643],[-13586711.765171,4439068.52988535],[-13586712.0181345,4439068.58647047],[-13586712.2086445,4439068.6103053],[-13586712.2753121,4439068.61798819],[-13586712.286597,4439068.61968449],[-13586712.5322249,4439068.62589482],[-13586712.5830818,4439068.62291254],[-13586712.7927306,4439068.6089956],[-13586713.0484515,4439068.56743005],[-13586713.2991436,4439068.50157905],[-13586713.5424435,4439068.41223565],[-13586713.5616882,4439068.40362466],[-13586713.776238,4439068.30018874],[-13586713.8105596,4439068.28052387],[-13586713.9768783,4439068.1800265],[-13586713.9984159,4439068.16635276],[-13586714.2069973,4439068.01201682],[-13586714.3280244,4439067.90310379],[-13586714.4000021,4439067.83847005],[-13586714.4153587,4439067.82163325],[-13586714.5758318,4439067.64737204],[-13586714.596047,4439067.62178696],[-13586714.7328878,4439067.44038241],[-13586714.8693339,4439067.2199184],[-13586714.9810616,4439066.99471581],[-13586714.9849282,4439066.9864865],[-13586715.0777261,4439066.74351068],[-13586715.0819954,4439066.72937079],[-13586715.1472585,4439066.49288295],[-13586715.1691119,4439066.36954271],[-13586715.1928083,4439066.2366251],[-13586715.1940518,4439066.22102823],[-13586715.204243,4439066.09587236],[-13586715.2139189,4439065.97738262],[-13586715.2139092,4439065.96921786],[-13586715.2104985,4439065.71716688],[-13586715.1825884,4439065.45848946],[-13586715.130351,4439065.20360872],[-13586715.0643392,4439064.98563672],[-13586715.054326,4439064.95490235],[-13586714.9551738,4439064.71449478],[-13586714.9351309,4439064.67475759],[-13586714.8463133,4439064.50728542],[-13586714.8338069,4439064.48463189],[-13586714.7465557,4439064.35142631],[-13586714.7016506,4439064.28308623],[-13586714.6912589,4439064.26730627],[-13586714.5770849,4439064.12462548],[-13586714.5605039,4439064.10518015],[-13586714.5457778,4439064.08444779],[-13586714.5289405,4439064.06462988],[-13586714.3725436,4439063.90242829],[-13586714.3481292,4439063.87821444],[-13586714.1506064,4439063.70991449],[-13586714.146299,4439063.70659463],[-13586714.1417436,4439063.70340452],[-13586714.099359,4439063.67408849],[-13586713.9380207,4439063.56108433],[-13586713.7123976,4439063.43319761],[-13586713.6595488,4439063.4064425],[-13586713.0007729,4439063.07322916],[-13586707.6320716,4439060.35841328],[-13586715.4558998,4439037.85250779],[-13586720.1271756,4439039.46937945],[-13586720.3199399,4439039.49342774],[-13586720.5143172,4439039.49395935],[-13586720.7071835,4439039.47115194],[-13586720.8960379,4439039.42504714],[-13586721.0778919,4439039.3564484],[-13586721.2502613,4439039.266402],[-13586721.4106659,4439039.15620538],[-13586721.5566297,4439039.02740715],[-13586721.6860582,4439038.88192639],[-13586721.7971109,4439038.72192919],[-13586721.8881977,4439038.54957746],[-13586721.9579844,4439038.3674057],[-13586726.5561881,4439023.80115355],[-13586727.0029143,4439023.57112678],[-13586780.0455536,4439038.42207131],[-13586778.6465616,4439045.26746993],[-13586779.1572505,4439045.16914896],[-13586779.6626625,4439045.04667237],[-13586780.1619284,4439044.90043148],[-13586780.653675,4439044.73057477],[-13586781.1369122,4439044.53774682],[-13586781.6105167,4439044.32209194],[-13586782.0735007,4439044.0843803],[-13586782.5247429,4439043.82488178],[-13586782.9633804,4439043.54436446],[-13586783.3882941,4439043.24322382],[-13586783.7986253,4439042.92247908],[-13586784.1933799,4439042.58252365],[-13586784.5716971,4439042.22425117],[-13586784.9328412,4439041.84855319],[-13586785.2759473,4439041.4560722],[-13586785.6001565,4439041.04782742],[-13586785.9048563,4439040.62458273],[-13586786.1893129,4439040.18735529],[-13586786.4529197,4439039.73728571],[-13586786.6950641,4439039.27513791],[-13586786.9152645,4439038.80205042],[-13586787.1129124,4439038.3190383],[-13586787.2877741,4439037.82711035],[-13586787.4392453,4439037.32753279],[-13586792.1204669,4439052.41944972],[-13586791.9941312,4439052.17660687],[-13586791.8468604,4439051.94604613],[-13586791.679932,4439051.72937918],[-13586791.4946253,4439051.52834333],[-13586791.2922178,4439051.34455025],[-13586791.07461,4439051.17947567],[-13586790.8431982,4439051.03435245],[-13586790.6000015,4439050.9102775],[-13586790.3469144,4439050.80834976],[-13586790.0856978,4439050.72916798],[-13586789.818617,4439050.67357372],[-13586789.5476788,4439050.64191038],[-13586789.2750111,4439050.63426814],[-13586789.0027457,4439050.65098831],[-13586788.7330043,4439050.69178433],[-13586788.4679063,4439050.75624406],[-13586788.2095734,4439050.84408091],[-13586787.9598686,4439050.95451017],[-13586787.7209032,4439051.08661737],[-13586787.4945362,4439051.23936663],[-13586787.2823745,4439051.41160067],[-13586787.086273,4439051.60203242],[-13586786.9077072,4439051.80912996],[-13586786.7480258,4439052.03123783],[-13586786.6085772,4439052.26670059],[-13586786.2919557,4439052.88446936],[-13586785.9966467,4439053.51281155],[-13586785.7231379,4439054.15096536],[-13586785.4717941,4439054.79829663],[-13586785.2425988,4439055.45380074],[-13586785.0361687,4439056.11696496],[-13586784.8526146,4439056.78690814],[-13586784.6920468,4439057.46274915],[-13586784.5548281,4439058.14372828],[-13586784.441069,4439058.82896436],[-13586784.3508841,4439059.51782745],[-13586784.284259,4439060.20943846],[-13586784.2415543,4439060.90291209],[-13586784.2226325,4439061.59749697],[-13586784.227477,4439062.29218843],[-13586784.2562045,4439062.9864821],[-13586784.3087964,4439063.67924774],[-13586784.3849902,4439064.36973604],[-13586784.4849005,4439065.05731703],[-13586784.6083858,4439065.74098814],[-13586784.7551813,4439066.41987448],[-13586786.5514529,4439071.5722945],[-13586776.0648466,4439076.29484816],[-13586773.673529,4439077.37175365],[-13586771.5803035,4439078.31443613],[-13586752.5017612,4439086.90618402],[-13586752.3286185,4439087.01759868],[-13586752.1686579,4439087.1471335],[-13586752.0236093,4439087.29350354],[-13586751.8953193,4439087.45491942],[-13586751.7852552,4439087.62934688],[-13586751.6947593,4439087.81475375],[-13586751.6249197,4439088.00886082],[-13586751.5765785,4439088.20964425],[-13586751.5501902,4439088.41433295],[-13586751.5460947,4439088.62078581],[-13586751.5645007,4439088.82648706],[-13586751.6049914,4439089.02893136],[-13586751.6672775,4439089.22573685],[-13586753.4573451,4439093.9729186],[-13586754.1896433,4439095.64521355],[-13586756.441537,4439101.88693159],[-13586753.4187232,4439105.81337077],[-13586752.575907,4439107.13606237],[-13586752.2899185,4439107.51101222],[-13586747.1079664,4439114.30502124],[-13586739.3832465,4439108.92194584],[-13586742.133574,4439104.54406636],[-13586742.1988829,4439104.37854905],[-13586742.2435666,4439104.20621519],[-13586742.2670455,4439104.02983798],[-13586742.2688588,4439103.85181176],[-13586742.2491773,4439103.6748972],[-13586742.2081694,4439103.50172942],[-13586742.1465041,4439103.33493519],[-13586742.0649708,4439103.17688802],[-13586741.9648594,4439103.02995312],[-13586741.8477079,4439102.89636596],[-13586741.7152998,4439102.77810662],[-13586738.8679996,4439100.53305807],[-13586738.6778507,4439100.47052833],[-13586738.481702,4439100.43096037],[-13586738.2823169,4439100.41506187],[-13586738.0824464,4439100.422787],[-13586737.8848454,4439100.45434111],[-13586737.6923797,4439100.50904842],[-13586737.5076647,4439100.58623728],[-13586737.3334327,4439100.68473165],[-13586737.1719138,4439100.80323827],[-13586737.0254588,4439100.94021059],[-13586736.8962834,4439101.09347629],[-13586733.8294281,4439105.20127675],[-13586701.7365661,4439082.5187196],[-13586707.6366172,4439074.16522823],[-13586707.8217773,4439073.90287715],[-13586698.0894503,4439068.45599537],[-13586697.8645383,4439068.37118209],[-13586697.6327221,4439068.30758696],[-13586697.3961358,4439068.26567691],[-13586697.1566612,4439068.24579743],[-13586696.9164281,4439068.2481643],[-13586696.6774372,4439068.27274421],[-13586696.4416872,4439068.31937827],[-13586696.2111724,4439068.38765642],[-13586695.9880083,4439068.47691538],[-13586695.7739329,4439068.58637252],[-13586695.5708095,4439068.71524312],[-13586695.38037,4439068.86236785],[-13586695.2042214,4439069.0265894],[-13586695.0438371,4439069.20625026],[-13586693.2647418,4439071.39568359],[-13586693.1507606,4439071.59806174],[-13586693.0536843,4439071.80920267],[-13586692.9739862,4439072.02746551],[-13586692.9123978,4439072.25170756],[-13586692.8692653,4439072.48016443],[-13586692.8435635,4439072.73408204],[-13586692.8406504,4439072.98950445],[-13586692.8606118,4439073.24404356],[-13586692.9031644,4439073.49569425],[-13586692.9681521,4439073.74257492],[-13586693.0549144,4439073.98256111],[-13586693.1626699,4439074.21378162],[-13586693.2908875,4439074.43436107],[-13586693.4381605,4439074.64243867],[-13586693.6034616,4439074.83639853],[-13586697.67342,4439079.1984253],[-13586692.7700947,4439083.81637791],[-13586687.9210265,4439079.23417844],[-13586688.0345688,4439086.112693],[-13586685.9428587,4439086.14751775],[-13586682.1316896,4439086.21096858],[-13586638.5496387,4439086.93645139],[-13586636.6257017,4439073.27022428],[-13586638.6761173,4439063.29774847],[-13586650.2185117,4439063.10562722],[-13586650.1896195,4439064.38649368],[-13586650.1857502,4439065.66782308],[-13586650.2068915,4439066.94886194],[-13586650.253037,4439068.22923352],[-13586650.3241807,4439069.50856108],[-13586650.3397301,4439069.63982039],[-13586650.3687509,4439069.76884564],[-13586650.4110911,4439069.89400637],[-13586650.4854456,4439070.04915848],[-13586650.5799975,4439070.19279473],[-13586650.6931987,4439070.32205175],[-13586650.8228862,4439070.4347045],[-13586650.9665217,4439070.52853416],[-13586651.1215776,4439070.60194982],[-13586651.2851508,4439070.65336681],[-13586651.454228,4439070.68208163],[-13586651.6255456,4439070.68739488],[-13586651.7959755,4439070.66923304],[-13586651.9623977,4439070.62802489],[-13586652.1216968,4439070.56445033],[-13586652.2708902,4439070.47968957]],[[-13586737.4216298,4439083.61149108],[-13586737.4777966,4439083.61193744],[-13586737.5070006,4439083.6080595],[-13586737.6517719,4439083.58881617],[-13586737.6651017,4439083.58557942],[-13586737.6784107,4439083.58108689],[-13586737.6919865,4439083.57759482],[-13586737.8208455,4439083.54153292],[-13586737.9817828,4439083.47114651],[-13586738.1313557,4439083.37909244],[-13586738.1419787,4439083.37100181],[-13586738.1540607,4439083.3603746],[-13586738.1669117,4439083.35086511],[-13586738.266842,4439083.26717465],[-13586738.3855222,4439083.13732266],[-13586738.4851888,4439082.99221112],[-13586738.5637618,4439082.8346382],[-13586738.6199156,4439082.66764073],[-13586738.6523285,4439082.49450669],[-13586738.6605523,4439082.3183839],[-13586738.644522,4439082.14291626],[-13586738.6042915,4439081.97136887],[-13586738.540667,4439081.80711987],[-13586738.0108649,4439080.21775083],[-13586737.7041197,4439079.2977092],[-13586736.7474228,4439076.42765132],[-13586764.6525609,4439062.82627218],[-13586765.9250782,4439064.67358807],[-13586765.999871,4439064.76429191],[-13586766.0890635,4439064.84081271],[-13586766.1898633,4439064.90068471],[-13586766.2996177,4439064.9423191],[-13586766.4146795,4439064.96452049],[-13586766.5319084,4439064.9664619],[-13586766.6478009,4439064.94807606],[-13586766.7587412,4439064.91005127],[-13586766.861622,4439064.85356981],[-13586766.953215,4439064.78006722],[-13586767.0309316,4439064.69184768],[-13586767.0923145,4439064.59158999],[-13586767.1357859,4439064.4822096],[-13586768.1407936,4439061.16596096],[-13586771.6715572,4439059.23336252],[-13586774.3191953,4439064.37687548],[-13586774.3900617,4439064.49490295],[-13586774.4756423,4439064.60263617],[-13586774.5889905,4439064.71040932],[-13586774.7169242,4439064.80010227],[-13586774.8567823,4439064.86962395],[-13586775.0052929,4439064.91777268],[-13586775.1593051,4439064.9430936],[-13586775.3154386,4439064.94539176],[-13586775.470061,4439064.92435085],[-13586775.6199295,4439064.88052734],[-13586775.7616824,4439064.81485652],[-13586775.8920914,4439064.72877392],[-13586776.0084389,4439064.62433464],[-13586776.1080091,4439064.50371937],[-13586776.1888449,4439064.3695986],[-13586776.2488683,4439064.22489607],[-13586776.2322946,4439063.77421708],[-13586776.2396082,4439063.32339142],[-13586776.2705775,4439062.87355349],[-13586776.3252233,4439062.42595909],[-13586776.4033163,4439061.98186817],[-13586776.5046271,4439061.5425407],[-13586776.6289265,4439061.10923664],[-13586776.7758598,4439060.68321803],[-13586776.9450688,4439060.26549576],[-13586777.1359488,4439059.85733603],[-13586777.3481434,4439059.45987531],[-13586777.5809211,4439059.07425631],[-13586777.8335502,4439058.70162174],[-13586778.105543,4439058.34273341],[-13586778.396047,4439057.99898727],[-13586771.6921978,4439052.96261242],[-13586767.6796453,4439059.71990923],[-13586736.6785027,4439050.5129538],[-13586736.7141915,4439043.62971615],[-13586731.0049736,4439042.22923444],[-13586728.9111264,4439049.94439498],[-13586735.2207646,4439053.46893742],[-13586730.5357266,4439068.50308619],[-13586726.7117691,4439068.33701787],[-13586726.5381634,4439068.3294829],[-13586726.0632825,4439068.30887652],[-13586725.6945535,4439068.29353681],[-13586725.6138101,4439068.28935438],[-13586725.3195372,4439068.27616634],[-13586725.2826207,4439068.2750225],[-13586725.2744135,4439068.27792269],[-13586725.0316222,4439068.36776035],[-13586725.0226834,4439068.37180324],[-13586724.9621251,4439068.40082367],[-13586724.772514,4439068.49203679],[-13586724.7300206,4439068.51673674],[-13586724.7167737,4439068.52499665],[-13586724.5343468,4439068.63468105],[-13586724.4972509,4439068.66054726],[-13586724.4846624,4439068.67080603],[-13586724.471303,4439068.67982149],[-13586724.3100366,4439068.79844897],[-13586724.3001555,4439068.80602475],[-13586724.2888258,4439068.81676502],[-13586724.2764792,4439068.82651731],[-13586724.1015613,4439068.98192587],[-13586724.0453935,4439069.04202553],[-13586723.9105257,4439069.18382888],[-13586723.8840473,4439069.21642706],[-13586723.8723881,4439069.22993633],[-13586723.7386514,4439069.40237073],[-13586723.5871576,4439069.63564691],[-13586723.457516,4439069.88187432],[-13586723.4192619,4439069.97395855],[-13586723.4114286,4439069.99192623],[-13586723.3508145,4439070.13877379],[-13586723.2676493,4439070.40457678],[-13586723.2433711,4439070.51740586],[-13586723.2284204,4439070.58912936],[-13586723.2091043,4439070.67675295],[-13586723.1806314,4439070.90672442],[-13586723.1753945,4439070.9531633],[-13586723.1668554,4439071.23141556],[-13586723.1675353,4439071.24986955],[-13586723.1723834,4439071.31623878],[-13586723.183454,4439071.50950045],[-13586723.2110522,4439071.68866934],[-13586723.2144555,4439071.71298184],[-13586723.2253968,4439071.78477664],[-13586723.2923024,4439072.05687363],[-13586723.3004034,4439072.07784194],[-13586723.3062411,4439072.09809424],[-13586723.382794,4439072.31815187],[-13586723.423577,4439072.40954803],[-13586723.4304759,4439072.42588862],[-13586723.4970505,4439072.57187435],[-13586723.6338822,4439072.81416686],[-13586723.7921264,4439073.04278767],[-13586723.9703808,4439073.25612716],[-13586724.1355725,4439073.42069459],[-13586724.1678578,4439073.45193738],[-13586724.1718088,4439073.4563937],[-13586724.3810437,4439073.62952316],[-13586724.3994043,4439073.65069746],[-13586724.4107529,4439073.6638236],[-13586724.6265672,4439073.9096998],[-13586724.8389141,4439074.15010672],[-13586724.8514986,4439074.16233298],[-13586724.8629763,4439074.1757082],[-13586725.0182469,4439074.35300227],[-13586725.0842296,4439074.42526226],[-13586725.0961972,4439074.43800125],[-13586725.3175431,4439074.67800708],[-13586725.3288688,4439074.68975185],[-13586725.5453843,4439074.92506477],[-13586725.5567059,4439074.93655838],[-13586725.672451,4439075.06074772],[-13586725.7801194,4439075.17301258],[-13586726.0206024,4439075.42061344],[-13586726.0323219,4439075.43348217],[-13586726.2255931,4439075.63212596],[-13586726.2684746,4439075.6763818],[-13586726.3434039,4439075.75263808],[-13586726.4591206,4439075.86753243],[-13586726.471551,4439075.87800265],[-13586726.4831206,4439075.88936651],[-13586726.9786025,4439076.37741771],[-13586726.9925707,4439076.39012338],[-13586727.0053072,4439076.40398009],[-13586727.030845,4439076.42804962],[-13586727.6183945,4439076.97737482],[-13586727.6324981,4439076.9907063],[-13586727.734143,4439077.08661599],[-13586727.9240407,4439077.2551685],[-13586727.9510998,4439077.28046883],[-13586728.4529207,4439077.72821787],[-13586728.6152909,4439077.8658252],[-13586728.6313993,4439077.87937452],[-13586728.9700078,4439078.16880388],[-13586728.9847346,4439078.18199937],[-13586729.1869155,4439078.35210592],[-13586729.3181237,4439078.45832613],[-13586729.3349762,4439078.47148622],[-13586729.9356252,4439078.9581629],[-13586729.9830255,4439078.99581155],[-13586729.998982,4439079.00773042],[-13586730.6724591,4439079.52673331],[-13586730.6909455,4439079.54036865],[-13586730.6981765,4439079.54652896],[-13586731.3983092,4439080.0588072],[-13586731.4142719,4439080.07110282],[-13586731.4754138,4439080.1153058],[-13586732.265607,4439080.66577838],[-13586732.3379502,4439080.71419132],[-13586732.3837277,4439080.74445573],[-13586732.6844562,4439080.94407349],[-13586732.9931349,4439081.14795535],[-13586733.0096917,4439081.15835685],[-13586733.0687375,4439081.19681647],[-13586733.655936,4439081.56576511],[-13586733.8844324,4439081.70855189],[-13586733.9825939,4439081.76771455],[-13586734.6059649,4439082.1381962],[-13586734.6217611,4439082.1479823],[-13586734.7120559,4439082.20036716],[-13586735.4633762,4439082.62361148],[-13586735.4791516,4439082.63214177],[-13586735.5511038,4439082.67201943],[-13586735.7366081,4439082.7714315],[-13586735.7523898,4439082.78033853],[-13586736.0218919,4439082.92193994],[-13586736.0377924,4439082.93046815],[-13586736.2857421,4439083.06212809],[-13586736.3003881,4439083.07042596],[-13586736.401324,4439083.12338729],[-13586736.5181899,4439083.25484358],[-13586736.5273319,4439083.26310751],[-13586736.5390058,4439083.27321347],[-13586736.6520256,4439083.36868247],[-13586736.7446977,4439083.42869021],[-13586736.800422,4439083.46293424],[-13586736.9356583,4439083.52524788],[-13586736.9603428,4439083.53551402],[-13586737.0166521,4439083.55216228],[-13586737.1287643,4439083.5850904],[-13586737.3022937,4439083.61071496],[-13586737.4216298,4439083.61149108]]]},"properties":{"NAME":"Merrill College","LOT":"119","F10_MIN":3,"F15_MIN":0,"F20_MIN":0,"F3_HOUR":0,"PERMIT_SPACES":75,"ENFORCEMENT":"Mon-Fri, 7:00am-8:30pm","PERMITS_ACCEPTED":"A, C119, N, NC, Medical, ADA, MC, Parkmobile","ObjectId":42}},{"type":"Feature","id":44,"geometry":{"type":"Polygon","coordinates":[[[-13586871.9664782,4438785.84848472],[-13586881.4794461,4438789.42208263],[-13586881.2814639,4438789.42261908],[-13586881.0848846,4438789.44750069],[-13586880.89283,4438789.49642419],[-13586880.7082866,4438789.56846052],[-13586880.5338676,4438789.66281246],[-13586880.3722991,4438789.77792725],[-13586880.2260548,4438789.91213071],[-13586880.0972251,4438790.06325262],[-13586879.9877754,4438790.22912483],[-13586879.8995398,4438790.40720456],[-13586879.8335999,4438790.59483593],[-13586879.7911586,4438790.78910987],[-13586879.7726681,4438790.98712977],[-13586879.778456,4438791.18600113],[-13586879.8085973,4438791.38270802],[-13586879.8625402,4438791.57411937],[-13586879.9393637,4438791.7574871],[-13586880.0380196,4438791.9299396],[-13586880.1569662,4438792.08899036],[-13586880.2944133,4438792.23228262],[-13586880.4484461,4438792.35746167],[-13586880.6164074,4438792.46268763],[-13586880.7961489,4438792.54661459],[-13586882.0916278,4438792.99129006],[-13586884.1975895,4438793.73158506],[-13586886.2967398,4438794.49108611],[-13586888.3890765,4438795.26966764],[-13586889.7363584,4438795.79135766],[-13586891.0743943,4438796.33631408],[-13586892.4029341,4438796.90454109],[-13586893.7214694,4438797.49554473],[-13586895.0297522,4438798.10945473],[-13586896.327151,4438798.74590481],[-13586897.6135388,4438799.40477148],[-13586898.8882862,4438800.08581401],[-13586900.1511411,4438800.78891101],[-13586901.4017241,4438801.51381759],[-13586902.6397812,4438802.26028677],[-13586903.8646829,4438803.02807783],[-13586905.076177,4438803.81706936],[-13586906.2740074,4438804.62688883],[-13586907.4577968,4438805.45741691],[-13586908.6270388,4438806.30828523],[-13586905.3917582,4438810.50047922],[-13586905.1662897,4438810.81311582],[-13586904.9616913,4438811.1398498],[-13586904.7786883,4438811.47916176],[-13586904.6180103,4438811.82978341],[-13586904.4803825,4438812.19019534],[-13586904.3665304,4438812.55887811],[-13586904.2766769,4438812.93419508],[-13586904.2114203,4438813.31450332],[-13586904.1709859,4438813.69829174],[-13586904.1554736,4438814.08405133],[-13586904.1651025,4438814.46989428],[-13586904.1995977,4438814.85431784],[-13586904.259055,4438815.23556185],[-13586904.3430765,4438815.61225122],[-13586904.4512581,4438815.98263412],[-13586904.5833227,4438816.34508223],[-13586904.7386222,4438816.69822462],[-13586904.9163775,4438817.04031572],[-13586905.1160675,4438817.3701081],[-13586905.3366692,4438817.6862371],[-13586905.5772823,4438817.98721036],[-13586905.8368859,4438818.27178882],[-13586906.1144608,4438818.53885894],[-13586906.3442343,4438818.72884689],[-13586906.5891827,4438818.89860966],[-13586906.8476577,4438819.04679301],[-13586907.1177669,4438819.17242359],[-13586907.3974954,4438819.27465571],[-13586907.6848278,4438819.3526437],[-13586907.9777533,4438819.40579301],[-13586908.2741399,4438819.43376233],[-13586908.5717348,4438819.43646363],[-13586908.8685333,4438819.41367909],[-13586909.1622887,4438819.3656974],[-13586909.4510047,4438819.29280304],[-13586909.7325659,4438819.19565936],[-13586910.00473,4438819.07480617],[-13586910.2657608,4438818.93115169],[-13586910.5137994,4438818.76573181],[-13586910.746866,4438818.57983564],[-13586910.9633557,4438818.37474608],[-13586911.161791,4438818.15186944],[-13586911.3405734,4438817.91286536],[-13586911.4986064,4438817.65951065],[-13586911.6345438,4438817.39358633],[-13586912.8557879,4438814.12604966],[-13586913.3380668,4438814.26196025],[-13586913.8260886,4438814.37453698],[-13586914.318974,4438814.4635433],[-13586914.8155955,4438814.5288724],[-13586915.3146985,4438814.57029396],[-13586915.8151556,4438814.58770116],[-13586916.3158415,4438814.58111277],[-13586916.8157558,4438814.55054546],[-13586917.3136481,4438814.49602008],[-13586917.8082723,4438814.41780863],[-13586918.2986258,4438814.31580221],[-13586918.7837168,4438814.19051979],[-13586919.2621718,4438814.04210991],[-13586919.7329946,4438813.87084038],[-13586921.2084831,4438816.97295826],[-13586921.3316333,4438817.20466782],[-13586921.4747218,4438817.42436313],[-13586921.6365962,4438817.63043045],[-13586921.8162293,4438817.82125395],[-13586922.0119706,4438817.99535383],[-13586922.2224198,4438818.15124608],[-13586922.4458056,4438818.28770412],[-13586922.6803587,4438818.40362694],[-13586922.9243142,4438818.4981647],[-13586923.1755337,4438818.57059935],[-13586923.4322565,4438818.62033222],[-13586923.6923485,4438818.64689642],[-13586923.953805,4438818.65007415],[-13586924.2145024,4438818.63002644],[-13586924.4724379,4438818.58666105],[-13586924.7253692,4438818.52051783],[-13586924.971552,4438818.43200269],[-13586925.2088729,4438818.32190452],[-13586925.4355941,4438818.19100597],[-13586925.6497334,4438818.04047059],[-13586925.849682,4438817.87133011],[-13586927.9799804,4438815.58887842],[-13586928.1684843,4438815.37810017],[-13586928.3386043,4438815.15230383],[-13586928.48949,4438814.91301095],[-13586928.619918,4438814.66187484],[-13586928.7289149,4438814.40054469],[-13586928.815891,4438814.13116574],[-13586928.8801228,4438813.85538297],[-13586928.9211415,4438813.57508839],[-13586928.9386071,4438813.29242305],[-13586928.9326758,4438813.00926852],[-13586928.9031288,4438812.72751261],[-13586928.8501263,4438812.44928805],[-13586928.7743247,4438812.17646806],[-13586928.6760072,4438811.9110577],[-13586928.5559512,4438811.65467695],[-13586928.4149399,4438811.40932252],[-13586928.2541279,4438811.17673375],[-13586928.0744154,4438810.95840294],[-13586927.8772047,4438810.75593965],[-13586927.0384149,4438809.9813367],[-13586940.5231566,4438817.89147263],[-13586940.2045589,4438817.79855667],[-13586939.8798639,4438817.73023657],[-13586939.5508243,4438817.68660872],[-13586939.2195721,4438817.66801441],[-13586938.8878597,4438817.67455002],[-13586938.5575649,4438817.70630987],[-13586938.1657686,4438817.78557132],[-13586937.7788287,4438817.88623132],[-13586937.3978643,4438818.00789438],[-13586937.0242488,4438818.15041199],[-13586936.6542609,4438818.27025906],[-13586936.2913551,4438818.40996025],[-13586935.966565,4438818.5553065],[-13586935.9362713,4438818.56887516],[-13586935.5902559,4438818.74673179],[-13586935.2541735,4438818.94288766],[-13586934.9291414,4438819.15682171],[-13586934.6159014,4438819.38801912],[-13586934.3154394,4438819.63558418],[-13586933.7936335,4438820.29394605],[-13586933.2885507,4438820.96521831],[-13586932.8004348,4438821.64902006],[-13586932.5976456,4438821.94896955],[-13586932.3297818,4438822.34509182],[-13586931.8767065,4438823.05280363],[-13586931.4417047,4438823.77189598],[-13586930.1504696,4438825.96775758],[-13586928.6547618,4438828.41473428],[-13586928.3734729,4438828.80831706],[-13586928.0729309,4438829.18727307],[-13586927.7538717,4438829.55071077],[-13586927.4172809,4438829.89773443],[-13586927.0638943,4438830.22745251],[-13586926.6944496,4438830.53909903],[-13586926.3100577,4438830.83177619],[-13586925.9117107,4438831.104965],[-13586925.5001441,4438831.35777391],[-13586925.0766002,4438831.58967977],[-13586924.6421958,4438831.8001615],[-13586924.197671,4438831.98857871],[-13586923.7445179,4438832.15440407],[-13586923.2836097,4438832.29749741],[-13586921.7773357,4438832.38013955],[-13586921.3909516,4438832.38582751],[-13586920.5932599,4438832.53893183],[-13586919.7914226,4438832.66823902],[-13586918.9860649,4438832.77373865],[-13586918.178058,4438832.85516498],[-13586917.367902,4438832.91250966],[-13586916.5564743,4438832.94588368],[-13586915.7443959,4438832.95502547],[-13586914.9324171,4438832.93992251],[-13586914.1211671,4438832.90081554],[-13586913.3115214,4438832.83768997],[-13586912.503978,4438832.75041188],[-13586911.6994163,4438832.63921784],[-13586910.8984615,4438832.50409742],[-13586910.101868,4438832.34528927],[-13586909.3103882,4438832.16290647],[-13586908.5245221,4438831.95694067],[-13586907.7451535,4438831.72787961],[-13586906.9727803,4438831.47558938],[-13586906.2081611,4438831.20055976],[-13586905.4520482,4438830.90290383],[-13586904.7050731,4438830.58298792],[-13586903.9677379,4438830.24092925],[-13586903.2409243,4438829.87708998],[-13586902.5251385,4438829.49183851],[-13586901.82101,4438829.08541557],[-13586901.1290472,4438828.65831513],[-13586900.4501294,4438828.21077376],[-13586899.7846403,4438827.74328753],[-13586898.6675152,4438826.92043834],[-13586897.5632392,4438826.08041737],[-13586896.4719416,4438825.22347369],[-13586895.3939994,4438824.34972665],[-13586894.329417,4438823.45942739],[-13586893.2786985,4438822.55281875],[-13586892.2419711,4438821.63002423],[-13586891.3280516,4438820.81986581],[-13586890.3989179,4438820.02754657],[-13586889.4545721,4438819.25319207],[-13586888.4957748,4438818.49741767],[-13586887.522526,4438817.76022338],[-13586886.5353321,4438817.04197758],[-13586885.5345723,4438816.34292515],[-13586884.520628,4438815.66343658],[-13586883.4938765,4438815.00363117],[-13586882.4545718,4438814.36375591],[-13586881.4033454,4438813.7441771],[-13586880.3403244,4438813.14501821],[-13586879.2660132,4438812.56652208],[-13586878.1807889,4438812.008808],[-13586877.0851579,4438811.47224436],[-13586875.9793745,4438810.95707816],[-13586874.8639366,4438810.46317545],[-13586873.7392298,4438809.99115788],[-13586872.6057501,4438809.54076594],[-13586873.6000991,4438789.07520919],[-13586873.5843121,4438788.76320343],[-13586873.5447989,4438788.4534773],[-13586873.4819594,4438788.14753143],[-13586873.3960749,4438787.84724534],[-13586873.2876766,4438787.5544943],[-13586873.1572918,4438787.27090249],[-13586873.0059476,4438786.99808572],[-13586872.8341691,4438786.73754257],[-13586872.6432358,4438786.49101027],[-13586872.4341688,4438786.2597279],[-13586872.2081182,4438786.04518363],[-13586871.9664782,4438785.84848472]]]},"properties":{"NAME":"Cowell/Stevenson","LOT":"107","F10_MIN":2,"F15_MIN":0,"F20_MIN":2,"F3_HOUR":0,"PERMIT_SPACES":36,"ENFORCEMENT":"Daily, 7:00am-8:30pm","PERMITS_ACCEPTED":"A, N, MC, Parkmobile, ADA, Medical","ObjectId":44}},{"type":"Feature","id":45,"geometry":{"type":"Polygon","coordinates":[[[-13586820.4728869,4438784.073533],[-13586856.5767137,4438783.4792004],[-13586856.3349003,4438783.55206507],[-13586856.1009669,4438783.6476596],[-13586855.8771496,4438783.76506743],[-13586855.6653054,4438783.90312714],[-13586855.4674161,4438784.0606752],[-13586855.2852096,4438784.2363011],[-13586855.1204113,4438784.42846875],[-13586854.9743678,4438784.63539716],[-13586854.8485484,4438784.85517768],[-13586854.7439243,4438785.08603558],[-13586855.0106625,4438789.66312416],[-13586822.4935515,4438790.15962991],[-13586822.3693578,4438786.12443757],[-13586822.3471206,4438785.89129738],[-13586822.2998067,4438785.66196651],[-13586822.2279596,4438785.43907374],[-13586822.1325004,4438785.22536716],[-13586822.0143458,4438785.02334371],[-13586821.8751608,4438784.83536227],[-13586821.716483,4438784.66365821],[-13586821.5400984,4438784.51033714],[-13586821.3481637,4438784.3772473],[-13586821.1430775,4438784.26573044],[-13586820.9271174,4438784.17738156],[-13586820.7027988,4438784.11303801],[-13586820.4728869,4438784.073533]]]},"properties":{"NAME":"Stevenson Service Road","LOT":"108","F10_MIN":0,"F15_MIN":0,"F20_MIN":0,"F3_HOUR":0,"PERMIT_SPACES":21,"ENFORCEMENT":"Daily, 7:00am-8:30pm","PERMITS_ACCEPTED":"A, N, NC, MC, ADA","ObjectId":45}},{"type":"Feature","id":46,"geometry":{"type":"Polygon","coordinates":[[[-13586764.8086208,4438859.56538043],[-13586760.0738863,4438870.35504051],[-13586760.1303074,4438870.0604201],[-13586760.1622815,4438869.76231292],[-13586760.1693353,4438869.46235979],[-13586760.1516332,4438869.16294463],[-13586760.1092086,4438868.86607665],[-13586760.0423445,4438868.57376094],[-13586759.9515745,4438868.2879984],[-13586759.8374317,4438868.01078993],[-13586759.7008247,4438867.7441302],[-13586759.5425328,4438867.48976477],[-13586759.3637124,4438867.24955859],[-13586759.1656387,4438867.02499773],[-13586758.1119175,4438866.45870435],[-13586757.0494652,4438865.90901147],[-13586755.978534,4438865.3760405],[-13586754.8993781,4438864.86003843],[-13586753.8124975,4438864.36099691],[-13586753.5147168,4438864.34711478],[-13586753.2169467,4438864.35659627],[-13586752.9208168,4438864.38966546],[-13586752.6280715,4438864.44591646],[-13586752.3407073,4438864.5250648],[-13586752.0604684,4438864.62670459],[-13586751.7889681,4438864.75005529],[-13586751.5279484,4438864.89458545],[-13586751.2790164,4438865.05913778],[-13586751.043783,4438865.2428062],[-13586750.8236049,4438865.44443757],[-13586750.619839,4438865.66287881],[-13586750.4338357,4438865.8966001],[-13586750.2667019,4438866.14445246],[-13586750.1194066,4438866.40453562],[-13586749.9929296,4438866.67557711],[-13586749.8879898,4438866.9556808],[-13586749.8053107,4438867.24320168],[-13586749.7454884,4438867.53637126],[-13586749.7086167,4438867.83330379],[-13586749.9379312,4438872.19939742],[-13586749.3350029,4438872.24059094],[-13586748.7342255,4438872.30599171],[-13586748.136474,4438872.39558515],[-13586747.5428719,4438872.50922694],[-13586746.9542902,4438872.64665135],[-13586746.3716002,4438872.80759266],[-13586745.7957999,4438872.99190863],[-13586745.2278835,4438873.19920586],[-13586744.6687222,4438873.42921863],[-13586744.119062,4438873.68168328],[-13586743.5800179,4438873.95595321],[-13586743.0523339,4438874.25163917],[-13586741.1211317,4438875.43754783],[-13586739.1779706,4438876.60368313],[-13586737.2232238,4438877.7499132],[-13586735.256887,4438878.87598689],[-13586733.2792125,4438879.9820256],[-13586731.2905712,4438881.06777191],[-13586729.2909631,4438882.1332258],[-13586727.2806342,4438883.17813195],[-13586726.1932625,4438883.57357836],[-13586725.0978755,4438883.94566868],[-13586723.9948505,4438884.29452225],[-13586722.8846794,4438884.61962841],[-13586721.7678623,4438884.92097884],[-13586720.6448993,4438885.1985652],[-13586719.5164116,4438885.45212591],[-13586718.3827721,4438885.68152917],[-13586717.2446062,4438885.88676454],[-13586716.1022847,4438886.06757463],[-13586714.9564349,4438886.2240746],[-13586713.80743,4438886.35613263],[-13586712.6560202,4438886.46373622],[-13586711.5025764,4438886.54662796],[-13586710.3476008,4438886.60492511],[-13586709.1917188,4438886.63861725],[-13586708.0353054,4438886.64769814],[-13586706.8789858,4438886.63215736],[-13586705.7232581,4438886.59186102],[-13586704.5686267,4438886.52705193],[-13586703.4157146,4438886.43759412],[-13586702.2648971,4438886.32348133],[-13586701.1166783,4438886.1849564],[-13586699.9716836,4438886.02200892],[-13586698.8304131,4438885.83463056],[-13586697.6933711,4438885.62306416],[-13586696.5610557,4438885.3871758],[-13586694.464871,4438873.02555292],[-13586699.8507887,4438861.02234588],[-13586702.836589,4438861.44091212],[-13586705.8234991,4438861.85091745],[-13586706.705849,4438861.87830557],[-13586707.5886616,4438861.88068917],[-13586708.4711888,4438861.85820631],[-13586709.3526803,4438861.81086947],[-13586710.2326339,4438861.73856142],[-13586711.1100534,4438861.64154997],[-13586711.9845658,4438861.51996694],[-13586712.8552916,4438861.37357574],[-13586713.7214867,4438861.20276562],[-13586714.5826532,4438861.00767048],[-13586715.4380407,4438860.78830281],[-13586716.2869032,4438860.54492626],[-13586717.1287425,4438860.27767474],[-13586717.9626876,4438859.98681398],[-13586718.7881152,4438859.67247999],[-13586719.6045315,4438859.33505781],[-13586720.4111904,4438858.97481111],[-13586721.9350837,4438858.01211985],[-13586723.4714394,4438857.06944441],[-13586725.0198864,4438856.14704218],[-13586726.5803019,4438855.24504082],[-13586728.1521878,4438854.3635742],[-13586729.7355461,4438853.50276792],[-13586731.3298809,4438852.66288144],[-13586732.9349441,4438851.84404447],[-13586734.5506128,4438851.0463847],[-13586736.1766369,4438850.26990625],[-13586737.8125204,4438849.51486861],[-13586739.4580133,4438848.78127594],[-13586740.4218003,4438848.5595987],[-13586741.3908765,4438848.36283001],[-13586742.3647395,4438848.19085262],[-13586743.3425184,4438848.04393225],[-13586744.3238379,4438847.92207516],[-13586745.3079521,4438847.82554498],[-13586746.2941085,4438847.75422864],[-13586747.281682,4438847.70813655],[-13586748.2703016,4438847.6875261],[-13586749.2589629,4438847.69216281],[-13586750.247295,4438847.72230406],[-13586751.2344183,4438847.7777133],[-13586752.2199578,4438847.85839676],[-13586753.2030361,4438847.96424346],[-13586754.1830301,4438848.09538938],[-13586755.1595606,4438848.2515896],[-13586756.1316273,4438848.43286082],[-13586755.5067651,4438850.16779085],[-13586754.8598797,4438851.89454633],[-13586754.1912191,4438853.61299753],[-13586754.113413,4438853.86991327],[-13586754.0584657,4438854.13260327],[-13586754.0267213,4438854.39917763],[-13586754.0183966,4438854.66762293],[-13586754.0335794,4438854.93567672],[-13586754.0721114,4438855.20133183],[-13586754.1338345,4438855.46258112],[-13586754.2180902,4438855.71742577],[-13586754.3243452,4438855.96386485],[-13586754.4527183,4438856.20151956],[-13586754.6016531,4438856.42702432],[-13586754.7697389,4438856.6382672],[-13586754.9559505,4438856.83375794],[-13586755.1585124,4438857.01201877],[-13586755.3760223,4438857.1714401],[-13586756.4169707,4438857.69900633],[-13586757.4668693,4438858.20808409],[-13586758.5254703,4438858.69880313],[-13586759.5925172,4438859.17079085],[-13586760.6676329,4438859.62392795],[-13586761.7504402,4438860.05809507],[-13586761.9832576,4438860.15985674],[-13586762.2247089,4438860.23911571],[-13586762.4725286,4438860.29503042],[-13586762.7245807,4438860.32700838],[-13586762.9783604,4438860.33484008],[-13586763.231867,4438860.31855888],[-13586763.4825975,4438860.27808082],[-13586763.7284368,4438860.21406922],[-13586763.9671382,4438860.1268127],[-13586764.1965905,4438860.01722572],[-13586764.4145597,4438859.88635039],[-13586764.6191867,4438859.73522257],[-13586764.8086208,4438859.56538043]]]},"properties":{"NAME":"Stevenson College110","LOT":"110","F10_MIN":0,"F15_MIN":0,"F20_MIN":0,"F3_HOUR":0,"PERMIT_SPACES":37,"ENFORCEMENT":"Daily, 7:00am-8:30pm","PERMITS_ACCEPTED":"A, N, NC, MC","ObjectId":46}},{"type":"Feature","id":47,"geometry":{"type":"Polygon","coordinates":[[[-13586773.6458305,4438859.52582948],[-13586777.9707871,4438847.90969216],[-13586777.9096098,4438848.16620535],[-13586777.8717708,4438848.42722864],[-13586777.8576098,4438848.69062096],[-13586777.8674669,4438848.95424126],[-13586777.9009295,4438849.21583541],[-13586777.9580894,4438849.47339207],[-13586778.0381571,4438849.7245378],[-13586778.1406034,4438849.96752283],[-13586778.2646406,4438850.20009927],[-13586778.4091103,4438850.42027664],[-13586778.5729872,4438850.62656466],[-13586778.7547377,4438850.8169791],[-13586778.9529614,4438850.99003595],[-13586779.1660101,4438851.14438092],[-13586779.3921083,4438851.27853626],[-13586779.6293658,4438851.39165416],[-13586779.8760135,4438851.48263358],[-13586785.2560636,4438853.19353011],[-13586785.5462451,4438853.21683317],[-13586785.8373851,4438853.21487229],[-13586786.1273601,4438853.18780848],[-13586786.4137942,4438853.13568129],[-13586786.6946911,4438853.05877522],[-13586786.9679395,4438852.95800472],[-13586787.2315451,4438852.83377984],[-13586787.4835258,4438852.68726411],[-13586787.7218955,4438852.51936992],[-13586787.9449245,4438852.33138217],[-13586788.1510142,4438852.12496047],[-13586788.3385577,4438851.90126207],[-13586788.5062108,4438851.66219357],[-13586788.6526269,4438851.40953596],[-13586788.7768349,4438851.14506397],[-13586788.8778675,4438850.87080351],[-13586788.9548849,4438850.58890398],[-13586789.0075429,4438850.30125527],[-13586789.0351308,4438850.01025587],[-13586789.2750581,4438845.3627729],[-13586790.5464434,4438845.37086058],[-13586791.81772,4438845.35721909],[-13586793.0886336,4438845.32160147],[-13586794.3586841,4438845.26401603],[-13586795.6276254,4438845.1847181],[-13586796.6529948,4438845.17793615],[-13586797.6782457,4438845.19426861],[-13586798.703005,4438845.23384731],[-13586799.7265205,4438845.29655917],[-13586800.7482899,4438845.38228695],[-13586801.7679402,4438845.49116247],[-13586802.7849692,4438845.62306849],[-13586803.7987516,4438845.77801543],[-13586804.8087832,4438845.95576048],[-13586805.8145617,4438846.15618639],[-13586808.1921964,4438846.66976746],[-13586810.5650657,4438847.20528383],[-13586812.9329173,4438847.76261411],[-13586815.2955034,4438848.34188804],[-13586817.6526968,4438848.94298215],[-13586823.8037846,4438850.93104906],[-13586829.9477375,4438852.9413393],[-13586836.0843076,4438854.97398261],[-13586842.2134927,4438857.02885348],[-13586848.3354179,4438859.10594981],[-13586854.4497082,4438861.2052779],[-13586855.6704317,4438861.61402438],[-13586856.898651,4438861.99953324],[-13586858.1338618,4438862.36156165],[-13586859.3756911,4438862.70024143],[-13586860.6237574,4438863.0152021],[-13586861.8774357,4438863.30645408],[-13586863.1363486,4438863.57387804],[-13586864.400119,4438863.81735464],[-13586865.6682467,4438864.03689221],[-13586866.9402274,4438864.23224795],[-13586868.2156861,4438864.40342809],[-13586869.4941224,4438864.55044097],[-13586872.4494589,4438864.8733733],[-13586875.4022953,4438865.21908222],[-13586877.3944436,4438865.45167343],[-13586879.3884418,4438865.66752704],[-13586881.3841667,4438865.86677073],[-13586883.3814892,4438866.04915541],[-13586887.840858,4438866.42589855],[-13586892.302096,4438866.77949606],[-13586894.0253688,4438873.09128509],[-13586894.0978582,4438873.24696613],[-13586894.1901796,4438873.39176519],[-13586894.3007891,4438873.52307015],[-13586894.4275235,4438873.63865605],[-13586894.5682219,4438873.73642351],[-13586894.7206066,4438873.81477754],[-13586894.8819039,4438873.87238263],[-13586895.0494672,4438873.90802679],[-13586895.2200392,4438873.92138747],[-13586895.3909859,4438873.91200613],[-13586895.5591832,4438873.88006046],[-13586895.7217656,4438873.82622628],[-13586895.8759968,4438873.7514285],[-13586897.8899716,4438872.60279964],[-13586898.0762675,4438872.49292405],[-13586898.2506337,4438872.36503357],[-13586898.4114634,4438872.22028551],[-13586898.5571561,4438872.06021389],[-13586898.686236,4438871.88635065],[-13586898.797482,4438871.70047473],[-13586898.8896725,4438871.50436504],[-13586898.9619657,4438871.30004542],[-13586899.0136423,4438871.08941203],[-13586899.0442396,4438870.87473361],[-13586899.3724045,4438867.30087952],[-13586917.1495995,4438868.44454382],[-13586921.5132954,4438880.45956353],[-13586919.6549292,4438884.59806077],[-13586919.4294636,4438885.1001229],[-13586918.0691952,4438888.12945262],[-13586917.9040451,4438888.49710922],[-13586915.8184009,4438893.14172114],[-13586899.818099,4438892.17217448],[-13586896.339373,4438891.92831626],[-13586892.8622638,4438891.66119167],[-13586889.3870195,4438891.37067097],[-13586885.9137693,4438891.05700324],[-13586882.4426363,4438890.72006082],[-13586878.9738724,4438890.35996512],[-13586875.5076009,4438889.97658848],[-13586872.0439487,4438889.57005441],[-13586868.583041,4438889.14036082],[-13586866.3815133,4438888.84719469],[-13586864.1833386,4438888.52985471],[-13586861.9887668,4438888.18833668],[-13586859.7980482,4438887.82263645],[-13586857.611437,4438887.43300102],[-13586855.429179,4438887.01917507],[-13586853.2516536,4438886.5814035],[-13586855.1021483,4438879.02024592],[-13586855.1364898,4438878.82773841],[-13586855.1461466,4438878.63250198],[-13586855.1311685,4438878.43755049],[-13586855.0916073,4438878.24602338],[-13586855.0282651,4438878.06104757],[-13586854.9419441,4438877.88574999],[-13586854.8343155,4438877.72286627],[-13586854.7067981,4438877.5750106],[-13586854.5616843,4438877.44465703],[-13586854.401383,4438877.33377519],[-13586854.2281761,4438877.24421125],[-13586854.0452165,4438877.17754562],[-13586853.8590103,4438877.16419358],[-13586853.6725607,4438877.17395819],[-13586853.4887395,4438877.2065404],[-13586853.3102912,4438877.26151762],[-13586853.1398273,4438877.33796704],[-13586852.9799569,4438877.43484029],[-13586852.8331559,4438877.55058876],[-13586852.4355312,4438877.89800057],[-13586852.0301256,4438878.23624675],[-13586851.9556528,4438878.30870985],[-13586851.8947586,4438878.39300541],[-13586851.8494019,4438878.48658857],[-13586851.8209126,4438878.58667369],[-13586851.8101163,4438878.69023231],[-13586849.9534405,4438885.62003989],[-13586810.0281979,4438872.7115409],[-13586811.9701747,4438866.21946727],[-13586812.0122959,4438866.0360002],[-13586812.0299637,4438865.84866975],[-13586812.0231051,4438865.66061743],[-13586811.991649,4438865.47511034],[-13586811.9363973,4438865.29527541],[-13586811.8580272,4438865.12424165],[-13586811.7580911,4438864.96512349],[-13586811.6382559,4438864.82040541],[-13586811.5004428,4438864.69281883],[-13586811.347313,4438864.58445485],[-13586811.1812734,4438864.49715751],[-13586811.0053497,4438864.43238377],[-13586810.8224407,4438864.39146704],[-13586810.6358078,4438864.37498106],[-13586810.4547437,4438864.40789336],[-13586810.2789151,4438864.46244929],[-13586810.110804,4438864.53747699],[-13586809.9527737,4438864.63218339],[-13586809.8070522,4438864.74514966],[-13586809.6758632,4438864.8747058],[-13586809.5610532,4438865.01906248],[-13586809.3459194,4438865.79101458],[-13586807.3995967,4438871.92164865],[-13586805.5390771,4438871.21505243],[-13586803.1829555,4438870.60338497],[-13586802.3638862,4438870.40148068],[-13586801.5401471,4438870.21975204],[-13586800.7121135,4438870.05819278],[-13586799.8805376,4438869.916916],[-13586799.0456737,4438869.79616867],[-13586798.208147,4438869.69594038],[-13586785.1227947,4438869.21376889],[-13586785.1364108,4438867.09233394],[-13586785.1685451,4438864.9713446],[-13586785.2165043,4438864.67937739],[-13586785.2410271,4438864.38453469],[-13586785.2421446,4438864.08870017],[-13586785.2197609,4438863.79363398],[-13586785.1740341,4438863.50134328],[-13586785.1052455,4438863.21370756],[-13586785.0139243,4438862.93247658],[-13586784.9004746,4438862.65940216],[-13586784.7656777,4438862.39635547],[-13586784.6104339,4438862.14482885],[-13586784.4357725,4438861.90656372],[-13586784.2427186,4438861.68305033],[-13586784.0325477,4438861.47577479],[-13586783.8066558,4438861.28596995],[-13586783.5663121,4438861.11474518],[-13586782.449193,4438860.49637688],[-13586781.320304,4438859.89993541],[-13586780.1801493,4438859.32566357],[-13586779.0289833,4438858.77380835],[-13586777.8674352,4438858.24461048],[-13586777.5868525,4438858.14364483],[-13586777.2987904,4438858.06692123],[-13586777.0052601,4438858.01503423],[-13586776.7085204,4438857.98844865],[-13586776.4104492,4438857.98725881],[-13586776.1135471,4438858.01142307],[-13586775.8195648,4438858.06091227],[-13586775.5308696,4438858.13518452],[-13586775.2495831,4438858.23395327],[-13586774.9775644,4438858.35618264],[-13586774.7169287,4438858.50120935],[-13586774.4695349,4438858.66799754],[-13586774.2371131,4438858.85526228],[-13586774.0212678,4438859.06172072],[-13586773.8237228,4438859.28571121],[-13586773.6458305,4438859.52582948]]]},"properties":{"NAME":"Stevenson College","LOT":"109","F10_MIN":0,"F15_MIN":0,"F20_MIN":0,"F3_HOUR":0,"PERMIT_SPACES":61,"ENFORCEMENT":"Daily, 7:00am-8:30pm","PERMITS_ACCEPTED":"A, N, NC, MC, Parkmobile","ObjectId":47}},{"type":"Feature","id":48,"geometry":{"type":"Polygon","coordinates":[[[-13587507.2236742,4439567.01222868],[-13587500.6573618,4439545.36816098],[-13587501.172811,4439545.92533182],[-13587501.7346469,4439546.46627544],[-13587502.3354066,4439546.96335465],[-13587502.9648151,4439547.42302229],[-13587503.8348129,4439547.93883746],[-13587504.7626814,4439548.40682823],[-13587505.5057583,4439548.69865016],[-13587506.0359314,4439549.14050657],[-13587510.6564205,4439553.17174784],[-13587511.2474977,4439553.48470399],[-13587511.9319871,4439553.87913243],[-13587514.0479869,4439554.49620613],[-13587514.8091715,4439554.77114279],[-13587515.5617173,4439555.06820745],[-13587516.1484602,4439555.33852501],[-13587517.5007517,4439556.15441763],[-13587518.0577318,4439556.82483101],[-13587518.6167632,4439557.44546445],[-13587519.0654588,4439557.81645199],[-13587519.7078406,4439558.25128051],[-13587520.3953591,4439558.60960489],[-13587521.3193705,4439558.96560592],[-13587522.0587532,4439559.03463841],[-13587522.8675362,4439559.01947482],[-13587541.4964048,4439558.66873792],[-13587541.4646559,4439556.75481637],[-13587542.0672265,4439556.71998736],[-13587542.775636,4439556.62597903],[-13587543.4218303,4439556.47623124],[-13587544.0892156,4439556.08079253],[-13587546.3180485,4439554.76041535],[-13587549.546161,4439560.25592886],[-13587548.0557716,4439561.14387754],[-13587547.3797515,4439561.54662152],[-13587546.8637983,4439562.05258519],[-13587546.4560653,4439562.94452807],[-13587546.4105203,4439563.66748137],[-13587546.4277352,4439564.31313309],[-13587546.5782889,4439573.38869735],[-13587516.2136058,4439573.89670927],[-13587516.1499401,4439570.05818607],[-13587516.1364737,4439569.24627549],[-13587516.0943241,4439568.59036284],[-13587515.9555205,4439567.72540178],[-13587515.7192627,4439566.88217035],[-13587515.3884829,4439566.07154843],[-13587515.083763,4439565.48974775],[-13587514.7252848,4439564.93974902],[-13587514.3260136,4439564.41894852],[-13587513.8578054,4439563.91977738],[-13587513.1904278,4439563.34291295],[-13587512.5066756,4439562.94018096],[-13587511.9417171,4439562.73896661],[-13587511.2771779,4439562.62735227],[-13587510.4542475,4439562.64174666],[-13587509.8679484,4439562.76775324],[-13587509.3086692,4439562.98438252],[-13587508.6120059,4439563.42465296],[-13587508.1166529,4439563.88316254],[-13587507.7532253,4439564.3620769],[-13587507.3895261,4439565.10366795],[-13587507.2066993,4439565.75492726],[-13587507.1679325,4439566.35126745],[-13587507.2236742,4439567.01222868]]]},"properties":{"NAME":"College Nine","LOT":"167","F10_MIN":0,"F15_MIN":0,"F20_MIN":1,"F3_HOUR":0,"PERMIT_SPACES":8,"ENFORCEMENT":"Daily, 7:00am-8:30pm","PERMITS_ACCEPTED":"A, ADA","ObjectId":48}},{"type":"Feature","id":49,"geometry":{"type":"Polygon","coordinates":[[[-13587539.6932345,4439139.2641758],[-13587531.4099605,4439125.84159592],[-13587531.8926567,4439126.10685872],[-13587532.5713262,4439126.38580082],[-13587533.2810861,4439126.5710163],[-13587533.8258447,4439126.64920469],[-13587534.3758368,4439126.6658797],[-13587535.1066663,4439126.60566745],[-13587536.0047083,4439126.39367801],[-13587536.6793347,4439126.11972972],[-13587537.4067881,4439125.7655088],[-13587538.9557396,4439125.01102563],[-13587536.2395593,4439119.38607989],[-13587539.8000135,4439117.65193597],[-13587540.4664952,4439117.3243607],[-13587540.9670078,4439116.99730121],[-13587541.3525823,4439116.48977177],[-13587541.5815437,4439115.59671235],[-13587541.4599968,4439114.87457557],[-13587541.1637607,4439114.23047937],[-13587538.5822946,4439108.8847891],[-13587553.1587179,4439101.78521694],[-13587555.38723,4439106.40007459],[-13587555.7401897,4439107.13089997],[-13587556.0417243,4439107.73244884],[-13587556.635998,4439108.36766317],[-13587557.6804077,4439108.70027599],[-13587558.3994509,4439108.57808002],[-13587559.0407894,4439108.28056964],[-13587562.991699,4439106.35623699],[-13587567.233204,4439115.13973298],[-13587562.0833572,4439117.64801691],[-13587561.4556353,4439117.95961998],[-13587560.9386761,4439118.29047293],[-13587560.4918862,4439118.68923998],[-13587560.1127191,4439119.15320023],[-13587559.8104924,4439119.67101804],[-13587559.5926235,4439120.22988218],[-13587559.4645163,4439120.81626144],[-13587559.4366742,4439121.49027531],[-13587559.5518989,4439122.30622699],[-13587559.7539086,4439122.88733373],[-13587560.0572131,4439123.52766883],[-13587560.3621269,4439124.09160306],[-13587560.7227872,4439124.57031675],[-13587561.1537011,4439124.98630348],[-13587561.8431616,4439125.43313611],[-13587562.4643039,4439125.68992569],[-13587563.122793,4439125.82298748],[-13587563.9432713,4439125.83626529],[-13587564.5316375,4439125.73082674],[-13587565.1102571,4439125.52794831],[-13587565.7426413,4439125.22593914],[-13587567.4628142,4439124.38806726],[-13587572.3452341,4439134.49877907],[-13587574.5320519,4439139.0271679],[-13587572.8541855,4439139.84436128],[-13587571.0955472,4439140.70096754],[-13587570.4963442,4439141.06548108],[-13587569.8742972,4439141.57596502],[-13587569.5386321,4439142.54354415],[-13587569.708214,4439143.35632667],[-13587569.9509258,4439144.01589093],[-13587570.2869175,4439144.71145327],[-13587561.5409866,4439148.97120594],[-13587559.3154428,4439144.36256189],[-13587559.0097599,4439143.72967659],[-13587558.7409847,4439143.24063137],[-13587558.3263034,4439142.70993664],[-13587557.7110054,4439142.16463582],[-13587557.1954008,4439141.8609837],[-13587556.4210239,4439141.58829199],[-13587555.5330967,4439141.48268435],[-13587554.8635811,4439141.53697318],[-13587554.1057134,4439141.76181852],[-13587553.3604617,4439142.10628972],[-13587548.3819453,4439144.53106115],[-13587542.7266566,4439132.81985824],[-13587542.0899005,4439133.1901484],[-13587541.488062,4439133.6521815],[-13587541.0878388,4439134.04577262],[-13587540.6145289,4439134.62536656],[-13587540.2204602,4439135.26179455],[-13587539.9782173,4439135.76893657],[-13587539.7921498,4439136.2996337],[-13587539.6222676,4439137.02941146],[-13587539.5487142,4439137.77541494],[-13587539.5723982,4439138.52456496],[-13587539.6932345,4439139.2641758]]]},"properties":{"NAME":"Social Sciences","LOT":"114","F10_MIN":0,"F15_MIN":0,"F20_MIN":0,"F3_HOUR":0,"PERMIT_SPACES":15,"ENFORCEMENT":"Mon-Fri, 7:00am-8:30pm","PERMITS_ACCEPTED":"A, N, NC, MC, ADA","ObjectId":49}},{"type":"Feature","id":50,"geometry":{"type":"Polygon","coordinates":[[[-13587584.5622423,4439382.26257946],[-13587579.0929924,4439375.50930183],[-13587579.5891708,4439375.78728194],[-13587580.125035,4439375.97691646],[-13587580.6853542,4439376.07243059],[-13587581.3236668,4439376.05898474],[-13587582.1496341,4439375.85912159],[-13587582.7260312,4439375.58178325],[-13587583.291712,4439375.21644032],[-13587584.0052639,4439374.73958619],[-13587584.6569014,4439374.27030034],[-13587585.2320048,4439373.71147344],[-13587589.9688571,4439369.1090694],[-13587590.3678935,4439368.62089724],[-13587590.6736959,4439368.06946657],[-13587590.8438071,4439367.53437608],[-13587590.9128253,4439366.90714086],[-13587590.8159335,4439366.07315156],[-13587590.5406972,4439365.35344465],[-13587590.1827428,4439364.83485473],[-13587587.6160964,4439362.31721343],[-13587592.9352331,4439354.90567363],[-13587597.2532833,4439357.25179981],[-13587598.029551,4439357.37359559],[-13587598.5853868,4439357.27435028],[-13587599.0886974,4439357.01732864],[-13587599.5760921,4439356.54739984],[-13587599.8524475,4439356.05311603],[-13587599.9740925,4439355.49936639],[-13587599.9219661,4439354.82290733],[-13587599.6535902,4439354.20006358],[-13587599.288683,4439353.76751348],[-13587598.8144027,4439353.45989944],[-13587594.190916,4439350.91827506],[-13587598.8147779,4439338.90456421],[-13587599.1175908,4439338.08260442],[-13587599.3967472,4439337.25212177],[-13587599.6518865,4439336.41400162],[-13587599.8828921,4439335.5687484],[-13587600.0894034,4439334.71724747],[-13587600.2714308,4439333.86012674],[-13587600.4288596,4439332.99801623],[-13587600.5613274,4439332.13167571],[-13587600.6689737,4439331.26198217],[-13587600.7514316,4439330.38944422],[-13587600.8089639,4439329.51481117],[-13587600.84121,4439328.63896839],[-13587600.8484304,4439327.76253959],[-13587600.8303874,4439326.88628246],[-13587604.6690067,4439326.91901131],[-13587605.5672268,4439326.8976965],[-13587606.3704149,4439326.6670604],[-13587606.9352066,4439326.24834526],[-13587607.3850215,4439325.56411487],[-13587607.5731586,4439324.76618394],[-13587607.4779434,4439324.02575508],[-13587607.30167,4439323.17186863],[-13587607.0113764,4439322.03473902],[-13587606.6479148,4439321.04103314],[-13587606.1930369,4439320.08604018],[-13587605.6510089,4439319.17810511],[-13587605.026468,4439318.3253154],[-13587604.3247909,4439317.53511808],[-13587603.5524739,4439316.81456457],[-13587602.9327721,4439316.32121092],[-13587602.2552724,4439315.86487683],[-13587601.5937951,4439315.47711286],[-13587601.063267,4439315.2470681],[-13587600.5232437,4439315.04029583],[-13587599.9748549,4439314.85702839],[-13587599.4191072,4439314.69762576],[-13587598.8571343,4439314.56257146],[-13587598.2896886,4439314.4519785],[-13587597.7181497,4439314.36607502],[-13587597.1435201,4439314.30496985],[-13587596.5666793,4439314.26889953],[-13587595.9888776,4439314.2578431],[-13587595.4111155,4439314.27178384],[-13587594.8345205,4439314.3108285],[-13587594.2600886,4439314.37470915],[-13587593.2818758,4439314.55023809],[-13587592.4440883,4439314.8364724],[-13587591.7708993,4439315.26554244],[-13587591.2899336,4439315.70822811],[-13587590.933844,4439316.168797],[-13587590.6512349,4439316.67813185],[-13587588.6491714,4439303.20526421],[-13587588.8169133,4439303.85415915],[-13587589.295315,4439304.38015159],[-13587589.9754545,4439304.58106195],[-13587590.7606296,4439304.77255173],[-13587592.2712023,4439305.14108067],[-13587592.8974481,4439305.07155954],[-13587593.3512679,4439304.76436711],[-13587593.6238923,4439303.93977494],[-13587593.1754787,4439297.93184829],[-13587593.9652493,4439297.8425064],[-13587594.7574249,4439297.77749393],[-13587595.5511323,4439297.73695112],[-13587596.3457441,4439297.72076283],[-13587597.14051,4439297.72894164],[-13587597.9345569,4439297.76162778],[-13587598.7272596,4439297.81883169],[-13587599.5178636,4439297.90031479],[-13587600.3056186,4439298.00608963],[-13587601.0897723,4439298.13604319],[-13587601.8695703,4439298.28993686],[-13587602.6443894,4439298.46790668],[-13587603.4133481,4439298.66959057],[-13587604.1758169,4439298.89474782],[-13587604.9310457,4439299.143391],[-13587605.6784009,4439299.41502825],[-13587606.4170071,4439299.70967423],[-13587607.1463537,4439300.02670938],[-13587607.8656906,4439300.36614628],[-13587608.5742611,4439300.72762075],[-13587609.2715567,4439301.11063882],[-13587609.9568211,4439301.51483631],[-13587610.6294267,4439301.94009812],[-13587611.288736,4439302.38568121],[-13587611.9342467,4439302.85146839],[-13587612.565198,4439303.3368443],[-13587613.1809584,4439303.84144266],[-13587613.7811426,4439304.36464186],[-13587614.3649959,4439304.90620329],[-13587614.9321308,4439305.46537974],[-13587615.4819137,4439306.04167935],[-13587612.1045733,4439309.59527027],[-13587611.8632615,4439310.09826138],[-13587611.6831216,4439310.84292129],[-13587611.6587502,4439311.46965728],[-13587611.7425802,4439312.0214729],[-13587611.9190978,4439312.55088466],[-13587612.1829134,4439313.04215498],[-13587612.6774079,4439313.62578706],[-13587613.1515118,4439314.17157278],[-13587613.5970138,4439314.8027546],[-13587614.1230385,4439315.68847125],[-13587614.563022,4439316.62022231],[-13587614.8371874,4439317.34320925],[-13587615.0535175,4439318.0858813],[-13587615.2227681,4439318.840647],[-13587615.5028235,4439320.46119774],[-13587615.76392,4439322.08495527],[-13587616.0063035,4439323.71166423],[-13587616.229722,4439325.34120325],[-13587616.4342921,4439326.97306788],[-13587616.6200137,4439328.60725814],[-13587616.7867599,4439330.24365054],[-13587616.4501621,4439334.02673122],[-13587616.5289325,4439334.86906062],[-13587616.9057253,4439335.62588072],[-13587617.4081072,4439336.14958783],[-13587618.054335,4439336.4775616],[-13587621.8428152,4439337.21960696],[-13587621.7801639,4439337.89120272],[-13587621.6749245,4439339.01887546],[-13587621.5048682,4439340.55199663],[-13587621.3342865,4439341.8424334],[-13587621.163986,4439342.92371212],[-13587620.9947669,4439343.8289824],[-13587620.827438,4439344.59189622],[-13587620.6629225,4439345.24547556],[-13587620.5018998,4439345.82312335],[-13587620.3448598,4439346.35435155],[-13587620.1117778,4439347.08947409],[-13587619.7937712,4439348.01331433],[-13587619.4500844,4439348.93482089],[-13587619.1658899,4439349.66514635],[-13587618.9558597,4439350.19148329],[-13587618.719224,4439350.75770959],[-13587618.4441035,4439351.37156117],[-13587618.1186251,4439352.04115069],[-13587617.7309094,4439352.77421408],[-13587617.2693294,4439353.57860865],[-13587616.7217556,4439354.46207451],[-13587616.2512866,4439354.75346898],[-13587616.108416,4439355.38482906],[-13587613.6969221,4439354.70213722],[-13587612.9861762,4439354.49621252],[-13587612.2267312,4439354.3404707],[-13587611.4840986,4439354.48932196],[-13587610.8409375,4439355.01700471],[-13587606.4337887,4439363.66557492],[-13587606.3040845,4439364.68336712],[-13587606.6828096,4439365.41340077],[-13587607.3300662,4439365.80328859],[-13587607.9689513,4439365.85452478],[-13587608.5870061,4439365.62284102],[-13587609.2226839,4439365.23961822],[-13587613.0615342,4439362.90368804],[-13587625.003848,4439382.91460555],[-13587621.8245117,4439384.84167197],[-13587617.5872509,4439387.40988939],[-13587617.6709522,4439392.45344396],[-13587610.1436998,4439392.65556217],[-13587610.0609712,4439387.67040371],[-13587607.274306,4439382.92219892],[-13587603.8408551,4439377.64654738],[-13587601.241602,4439379.35273331],[-13587593.9033866,4439377.13704393],[-13587594.6224658,4439375.16913518],[-13587594.6767308,4439374.40660448],[-13587594.7393635,4439373.60562028],[-13587593.9762398,4439373.06240665],[-13587593.3920929,4439373.08374],[-13587592.7343473,4439373.59948166],[-13587592.2124367,4439374.12262252],[-13587587.3912811,4439378.83824077],[-13587585.6896155,4439380.80902714],[-13587585.2282993,4439381.32801346],[-13587584.8505368,4439381.77161237],[-13587584.5622423,4439382.26257946]]]},"properties":{"NAME":"College Ten","LOT":"165","F10_MIN":2,"F15_MIN":0,"F20_MIN":1,"F3_HOUR":0,"PERMIT_SPACES":42,"ENFORCEMENT":"Daily, 7:00am-8:30pm","PERMITS_ACCEPTED":"A, N, MC, NC, ADA, Medical","ObjectId":50}},{"type":"Feature","id":51,"geometry":{"type":"Polygon","coordinates":[[[-13587573.2057571,4439280.76457562],[-13587574.0329011,4439281.05070717],[-13587574.8282279,4439281.21338714],[-13587575.6372016,4439281.27886238],[-13587576.2461376,4439281.26678779],[-13587576.8508035,4439281.19335792],[-13587577.4476627,4439281.07157051],[-13587578.0292749,4439280.89024456],[-13587578.5946106,4439280.66271266],[-13587579.184981,4439280.21769569],[-13587579.7610358,4439279.75420134],[-13587580.3222812,4439279.27261473],[-13587580.8681024,4439278.77357426],[-13587581.3981325,4439278.25758852],[-13587581.9115004,4439277.72492335],[-13587582.4080936,4439277.17633431],[-13587582.8870451,4439276.61233841],[-13587583.3481131,4439276.03344215],[-13587583.7908079,4439275.44028183],[-13587584.2672278,4439274.64833365],[-13587584.7233111,4439273.84441539],[-13587585.1588163,4439273.02903357],[-13587585.5735036,4439272.2028203],[-13587585.9670042,4439271.36615859],[-13587586.3390805,4439270.51980614],[-13587586.6894865,4439269.66401829],[-13587587.0179868,4439268.79967832],[-13587587.3244604,4439267.92703947],[-13587587.6085469,4439267.04698711],[-13587587.9019579,4439266.02784659],[-13587587.9809935,4439265.49177318],[-13587587.9628759,4439264.95016557],[-13587587.848397,4439264.42059688],[-13587587.6409683,4439263.92021948],[-13587587.3476153,4439263.46537159],[-13587586.9777121,4439263.07071911],[-13587586.3640454,4439262.65439473],[-13587585.7586729,4439262.41379499],[-13587585.1162702,4439262.30847608],[-13587579.815998,4439261.53682855],[-13587579.8630357,4439260.81361952],[-13587579.8852877,4439260.08919231],[-13587579.8825203,4439259.36455577],[-13587579.8549941,4439258.64033362],[-13587579.8026008,4439257.9175326],[-13587579.7254779,4439257.19690412],[-13587579.623517,4439256.47945492],[-13587579.4971058,4439255.76593221],[-13587579.3462589,4439255.05721505],[-13587579.1711158,4439254.35418045],[-13587578.9719393,4439253.65757768],[-13587578.7489939,4439252.96828164],[-13587578.5025444,4439252.28716721],[-13587578.2328533,4439251.61498369],[-13587577.9401833,4439250.95248039],[-13587577.625049,4439250.300528],[-13587577.2875882,4439249.65987792],[-13587576.9284383,4439249.03127317],[-13587576.5478643,4439248.41558864],[-13587574.5799084,4439244.99519668],[-13587571.0248342,4439238.81594479],[-13587574.1770828,4439236.75106962],[-13587578.4580596,4439233.89576876],[-13587578.9764446,4439233.16052833],[-13587579.1495039,4439232.38860859],[-13587579.0138733,4439231.60941881],[-13587577.4208325,4439228.89324475],[-13587576.8241912,4439228.37966047],[-13587576.080739,4439228.12428788],[-13587575.2950606,4439228.1358029],[-13587574.6626165,4439228.37425463],[-13587573.791675,4439228.86315671],[-13587573.0831014,4439229.25500374],[-13587568.282095,4439231.90960077],[-13587567.567474,4439230.64780908],[-13587566.8739232,4439229.37435944],[-13587566.2015697,4439228.08937535],[-13587565.5505488,4439226.79348262],[-13587564.9211129,4439225.48680267],[-13587564.3133951,4439224.16983574],[-13587563.7276499,4439222.8428288],[-13587563.1638855,4439221.50628421],[-13587562.6222333,4439220.1605766],[-13587562.1030724,4439218.80595089],[-13587561.6064092,4439217.44278381],[-13587561.1322519,4439216.07157769],[-13587560.6809799,4439214.69257744],[-13587560.2526015,4439213.30628539],[-13587559.847248,4439211.91307618],[-13587559.4650486,4439210.51319889],[-13587559.1060115,4439209.10715586],[-13587558.7702682,4439207.69532174],[-13587558.4580749,4439206.2780691],[-13587558.1693127,4439204.85577677],[-13587557.9041152,4439203.42894499],[-13587557.6626114,4439201.99782284],[-13587557.4448077,4439200.56278706],[-13587557.2508395,4439199.12446347],[-13587557.0808338,4439197.68297555],[-13587556.9345511,4439196.23895542],[-13587562.7959242,4439195.62547418],[-13587563.6089633,4439195.3106422],[-13587564.2852286,4439194.75829804],[-13587564.6406361,4439194.24172201],[-13587564.8773324,4439193.52840807],[-13587564.5722745,4439188.55309364],[-13587564.3336174,4439187.91933547],[-13587563.9839125,4439187.47535687],[-13587563.4378433,4439187.0771223],[-13587562.797282,4439186.86386801],[-13587562.0833005,4439186.86174635],[-13587561.3380242,4439186.9561188],[-13587555.6031808,4439187.61910973],[-13587553.7335163,4439169.78833696],[-13587559.4784578,4439169.11638596],[-13587559.9673657,4439168.86626931],[-13587560.3098156,4439168.43570698],[-13587560.4875973,4439167.7297871],[-13587560.2067045,4439166.89487255],[-13587559.6288842,4439166.42230297],[-13587558.9382545,4439166.28211565],[-13587558.19659,4439166.23975751],[-13587548.794568,4439165.70970821],[-13587548.1518559,4439165.77384871],[-13587547.5184424,4439165.9008926],[-13587546.6948415,4439166.15196085],[-13587546.0980836,4439166.40011286],[-13587545.5282929,4439166.70559682],[-13587544.8121714,4439167.18512003],[-13587544.1569306,4439167.74565159],[-13587543.708389,4439168.2124071],[-13587543.0222075,4439168.89078132],[-13587542.7357617,4439169.63620376],[-13587544.0067697,4439156.28838312],[-13587544.2214265,4439156.99853875],[-13587544.4384333,4439157.51106194],[-13587544.7085399,4439157.99744798],[-13587545.1352269,4439158.60343807],[-13587545.6358398,4439159.14940322],[-13587546.0528104,4439159.51650958],[-13587546.5064045,4439159.83690227],[-13587547.152894,4439160.19652548],[-13587547.8398565,4439160.47005292],[-13587548.3742817,4439160.61888404],[-13587557.5428248,4439161.12909883],[-13587558.3274498,4439160.73774138],[-13587558.4329051,4439159.93191178],[-13587558.5213683,4439159.27044756],[-13587557.8796464,4439154.29764216],[-13587566.8331801,4439153.20231206],[-13587567.7073066,4439159.72094608],[-13587568.4311629,4439160.14497026],[-13587570.8533349,4439159.97392298],[-13587574.4428332,4439159.66563882],[-13587577.2895379,4439185.46593884],[-13587571.7254324,4439186.23473906],[-13587570.8520116,4439186.35537483],[-13587570.2921084,4439186.91757967],[-13587569.8984061,4439187.60626201],[-13587569.7176155,4439188.24389871],[-13587570.5612626,4439194.42540861],[-13587571.0383302,4439195.09751],[-13587571.7327579,4439195.5418752],[-13587572.3113716,4439195.64750797],[-13587577.9245086,4439195.18752961],[-13587578.0552562,4439196.43383858],[-13587578.2110979,4439197.67734104],[-13587578.3918984,4439198.91741117],[-13587578.5976494,4439200.15354666],[-13587578.8283424,4439201.38524517],[-13587579.0837191,4439202.61200857],[-13587579.3637712,4439203.83333452],[-13587579.6683653,4439205.04872278],[-13587579.9973681,4439206.25767313],[-13587580.3506481,4439207.45981091],[-13587580.728068,4439208.6543847],[-13587581.1294963,4439209.84101987],[-13587581.5548019,4439211.01934175],[-13587582.0037242,4439212.18872661],[-13587582.476132,4439213.34879981],[-13587582.9717646,4439214.4989376],[-13587583.4904931,4439215.63889092],[-13587584.0320567,4439216.76803604],[-13587584.5961972,4439217.8858748],[-13587585.1827831,4439218.99203256],[-13587585.7915583,4439220.08613674],[-13587586.4222622,4439221.16756361],[-13587582.5652617,4439223.61291764],[-13587581.9232784,4439224.13579902],[-13587581.3574527,4439224.7708374],[-13587581.0863447,4439225.51337025],[-13587581.0753848,4439226.10420158],[-13587581.2461239,4439226.790601],[-13587587.4881785,4439237.47985136],[-13587588.088483,4439238.68150119],[-13587588.6663318,4439239.89420433],[-13587589.2214685,4439241.11758826],[-13587589.7536347,4439242.35115482],[-13587590.2626991,4439243.59452936],[-13587590.7484053,4439244.84733936],[-13587591.2106179,4439246.10895897],[-13587591.6493327,4439247.37913706],[-13587592.0641663,4439248.65737758],[-13587592.4549852,4439249.9431803],[-13587592.8217811,4439251.2360429],[-13587593.2177161,4439252.75477915],[-13587593.4253858,4439253.60888835],[-13587593.5702773,4439254.39583845],[-13587593.7393767,4439255.51853366],[-13587593.8447436,4439256.41103532],[-13587593.9262624,4439257.30607168],[-13587593.9839228,4439258.20301481],[-13587594.0177123,4439259.10111124],[-13587594.0276224,4439259.99985863],[-13587594.0135157,4439260.89850558],[-13587593.9756339,4439261.79654558],[-13587593.9137123,4439262.69310375],[-13587593.8279947,4439263.58779915],[-13587593.7184687,4439264.47987829],[-13587593.5853718,4439265.36858349],[-13587593.4285728,4439266.2535401],[-13587593.2481819,4439267.13386694],[-13587593.0445662,4439268.00905542],[-13587592.81759,4439268.8784797],[-13587592.5677432,4439269.74150351],[-13587592.2948902,4439270.59750103],[-13587591.9992708,4439271.44584015],[-13587591.6813768,4439272.28601018],[-13587591.3410706,4439273.11725971],[-13587590.9788461,4439273.93920361],[-13587590.5948138,4439274.75096073],[-13587590.1893447,4439275.5522736],[-13587589.5531429,4439276.55190305],[-13587588.8992347,4439277.53976966],[-13587588.227618,4439278.51574783],[-13587587.5386617,4439279.47945456],[-13587586.8324825,4439280.43038539],[-13587586.1094555,4439281.36853405],[-13587585.3696974,4439282.29339612],[-13587584.6133313,4439283.2048439],[-13587583.8409739,4439284.1023646],[-13587583.0524961,4439284.98570914],[-13587582.7573205,4439285.48394705],[-13587582.436633,4439286.1859859],[-13587582.2533784,4439286.73548683],[-13587582.1293115,4439287.30158365],[-13587582.0449895,4439288.06938444],[-13587582.0590547,4439288.84169399],[-13587582.1310099,4439289.41669529],[-13587582.2634493,4439289.98088628],[-13587573.2057571,4439280.76457562]]]},"properties":{"NAME":"College Ten","LOT":"164","F10_MIN":0,"F15_MIN":0,"F20_MIN":4,"F3_HOUR":0,"PERMIT_SPACES":46,"ENFORCEMENT":"Daily, 24 hours","PERMITS_ACCEPTED":"A, N, Parkmobile, Medical, MC","ObjectId":51}},{"type":"Feature","id":52,"geometry":{"type":"Polygon","coordinates":[[[-13587410.375584,4439317.56998367],[-13587412.228942,4439319.58028031],[-13587414.3980961,4439321.24160793],[-13587416.8186929,4439322.50492077],[-13587419.4191904,4439323.33272448],[-13587422.1223837,4439323.7005581],[-13587421.4492289,4439323.78504807],[-13587420.8136338,4439323.96224379],[-13587419.9970173,4439324.3563926],[-13587419.3917555,4439324.7864515],[-13587418.9210208,4439325.25069021],[-13587418.5217543,4439325.77817577],[-13587418.2022761,4439326.35771476],[-13587417.9691449,4439326.9775151],[-13587417.8272733,4439327.62455608],[-13587417.7855651,4439328.3681553],[-13587417.9152757,4439329.41715394],[-13587418.1352034,4439330.06832101],[-13587418.5395626,4439330.92706512],[-13587418.9625436,4439331.76979575],[-13587419.4062364,4439332.60187949],[-13587419.8705016,4439333.42243936],[-13587420.3549577,4439334.23110487],[-13587420.8594734,4439335.02750136],[-13587421.3834132,4439335.81101136],[-13587421.9267666,4439336.58100696],[-13587422.4890313,4439337.33737091],[-13587423.0699426,4439338.07922834],[-13587423.6689984,4439338.80646201],[-13587424.2859361,4439339.51832258],[-13587424.9203783,4439340.21469076],[-13587425.5719376,4439340.8948193],[-13587425.9922359,4439341.34931112],[-13587426.3944149,4439341.81993371],[-13587426.7782099,4439342.30581221],[-13587427.1428624,4439342.80645681],[-13587427.4877303,4439343.32087333],[-13587427.8124283,4439343.84844011],[-13587428.1164435,4439344.38841202],[-13587428.3993822,4439344.93966511],[-13587428.6606108,4439345.5017075],[-13587428.8998604,4439346.07341311],[-13587429.1168706,4439346.65415824],[-13587429.3111245,4439347.24294656],[-13587429.4823553,4439347.83877762],[-13587429.6304255,4439348.44089998],[-13587429.7549455,4439349.04844088],[-13587429.8558964,4439349.66027005],[-13587429.9331407,4439350.27563607],[-13587429.9862867,4439350.89354058],[-13587430.0155698,4439351.51310031],[-13587430.0134142,4439352.37901975],[-13587437.6190858,4439350.60135367],[-13587437.7980338,4439351.24014264],[-13587438.1191041,4439352.38631217],[-13587437.6684437,4439354.16706874],[-13587429.5156281,4439356.45535038],[-13587429.1895441,4439357.44376232],[-13587428.3528968,4439359.97978137],[-13587436.7071693,4439357.8469123],[-13587435.8286258,4439361.44698811],[-13587427.1287622,4439363.90483071],[-13587422.361006,4439367.27335144],[-13587420.4576093,4439368.62856113],[-13587418.6276693,4439369.8123301],[-13587417.8395377,4439370.25750752],[-13587417.3522925,4439370.51060907],[-13587416.8541792,4439370.74190916],[-13587416.3464377,4439370.95075896],[-13587415.8300622,4439371.13676499],[-13587415.305926,4439371.29978704],[-13587414.7751462,4439371.43930396],[-13587414.2387188,4439371.55504785],[-13587413.6977694,4439371.6469999],[-13587413.1532901,4439371.71464103],[-13587412.6062831,4439371.75808012],[-13587407.5592536,4439371.87662779],[-13587406.8599354,4439371.88455072],[-13587406.250931,4439371.81735155],[-13587405.6727936,4439371.66547223],[-13587405.122566,4439371.43160019],[-13587404.4874275,4439371.1309371],[-13587403.4007463,4439370.6565561],[-13587402.0321657,4439370.11616484],[-13587400.5391435,4439369.50110123],[-13587399.9608421,4439369.22611874],[-13587399.4012004,4439368.91477193],[-13587398.8678526,4439368.55977293],[-13587398.3582162,4439368.17134],[-13587397.8878985,4439367.77797874],[-13587397.4330452,4439367.36677244],[-13587396.9941668,4439366.93834064],[-13587396.5721491,4439366.49329665],[-13587396.1673777,4439366.0322621],[-13587395.7804903,4439365.55598005],[-13587395.4121245,4439365.06519355],[-13587395.0629139,4439364.56039448],[-13587394.7331253,4439364.04258334],[-13587394.4235194,4439363.51237549],[-13587394.1343629,4439362.97077144],[-13587393.8661642,4439362.41826514],[-13587393.6173354,4439361.65339205],[-13587392.7645905,4439359.03030003],[-13587392.4907339,4439358.17414453],[-13587392.4139018,4439357.19108747],[-13587392.3636816,4439354.91573195],[-13587392.7736145,4439351.83940825],[-13587394.1492158,4439347.70205396],[-13587395.7079952,4439344.95700013],[-13587397.1935003,4439343.06611572],[-13587397.6332177,4439342.57928212],[-13587398.6406028,4439341.61277161],[-13587399.7773354,4439340.70753562],[-13587400.3050852,4439340.28718946],[-13587403.5819029,4439344.89621526],[-13587400.6964726,4439348.18137091],[-13587399.0390865,4439351.8821418],[-13587398.799197,4439355.74676411],[-13587401.1105763,4439357.44604596],[-13587403.4569771,4439356.88135961],[-13587407.0844062,4439354.42003327],[-13587409.0811849,4439357.27234296],[-13587410.9019182,4439355.99351267],[-13587413.0212286,4439357.85440721],[-13587414.7047945,4439359.33254343],[-13587417.9062184,4439358.78898268],[-13587419.6115577,4439357.68706565],[-13587422.760614,4439355.65203913],[-13587424.5064602,4439354.57921576],[-13587424.6136053,4439354.01038548],[-13587424.6967938,4439353.43755916],[-13587424.7557923,4439352.86174565],[-13587424.7903674,4439352.28395379],[-13587424.8007858,4439351.70518406],[-13587424.7681331,4439351.08605751],[-13587424.6438985,4439350.26935809],[-13587424.4907246,4439349.66870268],[-13587424.2619855,4439348.9614051],[-13587424.0137206,4439348.26084054],[-13587423.746309,4439347.56725389],[-13587423.3751922,4439346.69928517],[-13587422.9998105,4439345.98903805],[-13587422.5504806,4439345.3149491],[-13587422.1663502,4439344.8239256],[-13587421.7485488,4439344.36160343],[-13587421.1526891,4439343.78945368],[-13587420.5199607,4439343.27947302],[-13587419.8206366,4439342.81155716],[-13587419.3125265,4439342.52271552],[-13587418.7571447,4439342.25702415],[-13587418.1874196,4439342.02398194],[-13587417.6023778,4439341.83277523],[-13587416.6560705,4439341.5942211],[-13587415.8990468,4439341.4484741],[-13587415.1348717,4439341.34668718],[-13587414.0990665,4439341.27016851],[-13587413.0271738,4439341.27276413],[-13587412.22508,4439341.32825618],[-13587411.4689376,4439341.41677106],[-13587410.7153957,4439341.52634618],[-13587409.9653338,4439341.65721806],[-13587409.0453465,4439341.85198099],[-13587408.3606338,4439342.06177866],[-13587407.7029147,4439342.34561629],[-13587407.0647328,4439342.69130799],[-13587406.5966179,4439342.97411119],[-13587406.03112,4439343.35074582],[-13587405.4004133,4439343.70975357],[-13587404.813689,4439343.24347153],[-13587401.9014742,4439339.14727787],[-13587402.7136759,4439338.56967641],[-13587404.3201041,4439337.60533583],[-13587404.9599559,4439337.22456923],[-13587405.7082504,4439336.76825209],[-13587406.0998011,4439336.10723836],[-13587406.5027746,4439335.65996045],[-13587406.8882336,4439335.19739876],[-13587407.2555635,4439334.72019168],[-13587407.6044014,4439334.22909897],[-13587407.9340098,4439333.72488669],[-13587408.2133406,4439333.16059047],[-13587408.4730062,4439332.58707611],[-13587408.7128877,4439332.00472245],[-13587408.9325016,4439331.41454252],[-13587409.131604,4439330.81691726],[-13587409.3100865,4439330.21285342],[-13587409.4673053,4439329.6012312],[-13587409.7220695,4439328.57356604],[-13587409.8608964,4439327.94654921],[-13587410.0298391,4439327.06879889],[-13587410.1596736,4439326.31430513],[-13587410.268603,4439325.53616799],[-13587410.3903502,4439324.40696705],[-13587410.466976,4439323.53628759],[-13587410.5182424,4439322.78825795],[-13587410.5518565,4439322.0392673],[-13587410.5696787,4439321.22798327],[-13587410.5697341,4439320.41636824],[-13587410.5542051,4439319.79645474],[-13587410.520803,4439319.17734256],[-13587410.4570603,4439318.37282395],[-13587410.375584,4439317.56998367]]]},"properties":{"NAME":"College Nine","LOT":"166","F10_MIN":1,"F15_MIN":0,"F20_MIN":0,"F3_HOUR":0,"PERMIT_SPACES":8,"ENFORCEMENT":"Daily, 24 hours","PERMITS_ACCEPTED":"A, N, MC, ADA, Medical","ObjectId":52}},{"type":"Feature","id":53,"geometry":{"type":"Polygon","coordinates":[[[-13587791.4435836,4439269.20023035],[-13587792.2336911,4439270.63723864],[-13587793.2525213,4439271.92080494],[-13587794.470957,4439273.0148625],[-13587795.8548376,4439273.88845372],[-13587797.3648508,4439274.51673695],[-13587798.9583017,4439274.88208743],[-13587798.0367574,4439275.38894242],[-13587797.4254998,4439276.08191283],[-13587797.0831805,4439276.94159284],[-13587797.0217268,4439277.86527922],[-13587797.2150321,4439278.63672014],[-13587797.5305507,4439279.220577],[-13587797.9804196,4439279.70746748],[-13587798.5250225,4439280.08436311],[-13587799.1303312,4439280.50144391],[-13587799.6319577,4439280.83622424],[-13587800.1472387,4439281.14967209],[-13587800.6751634,4439281.44117633],[-13587801.2147232,4439281.71025136],[-13587801.7651573,4439281.95628187],[-13587802.3252112,4439282.17903762],[-13587802.894124,4439282.37790328],[-13587803.4708933,4439282.55277003],[-13587804.0053579,4439282.71842189],[-13587801.8815832,4439286.76584112],[-13587799.9886408,4439290.30504077],[-13587799.4218491,4439290.45221444],[-13587798.8861972,4439290.68943624],[-13587798.3850153,4439291.01388682],[-13587797.942906,4439291.41573266],[-13587797.5717002,4439291.88434929],[-13587797.2811971,4439292.4072621],[-13587797.0790471,4439292.97065059],[-13587796.9707541,4439293.55947415],[-13587796.9590625,4439294.15823586],[-13587797.0443305,4439294.75085074],[-13587797.2242986,4439295.32178011],[-13587793.0836746,4439303.11511194],[-13587787.0407535,4439300.79157285],[-13587786.4576199,4439300.82093954],[-13587785.6877666,4439300.93458341],[-13587784.9361379,4439301.13635641],[-13587784.2124434,4439301.42345791],[-13587783.6925384,4439301.690061],[-13587783.2003378,4439302.00556748],[-13587782.7337657,4439302.35795287],[-13587782.2086216,4439302.7760125],[-13587781.7148622,4439303.23110586],[-13587781.2638396,4439303.72894675],[-13587780.7247429,4439304.44407378],[-13587780.2657238,4439305.21350764],[-13587779.8921359,4439306.02823984],[-13587779.6083225,4439306.8786507],[-13587779.4534689,4439307.53345031],[-13587779.357966,4439308.19956609],[-13587779.3104553,4439308.87090745],[-13587779.3233831,4439309.54374861],[-13587779.4208719,4439310.43538028],[-13587779.5539072,4439311.09502928],[-13587779.7453613,4439311.74000726],[-13587780.0766499,4439312.57295278],[-13587780.380179,4439313.17296632],[-13587780.7363704,4439313.74307995],[-13587781.2771889,4439314.4568214],[-13587781.7903705,4439315.04289615],[-13587782.1811224,4439315.61531999],[-13587794.6431427,4439333.87794753],[-13587802.6144418,4439328.51441569],[-13587803.1595301,4439329.42480264],[-13587794.5760347,4439335.3045811],[-13587790.3186273,4439329.23987207],[-13587789.7463053,4439328.82839135],[-13587789.160187,4439328.43724058],[-13587788.5607789,4439328.06678813],[-13587787.9488417,4439327.71764934],[-13587787.3252548,4439327.3900607],[-13587786.6905268,4439327.08451617],[-13587786.0456664,4439326.8015013],[-13587785.3914259,4439326.54112909],[-13587784.4846926,4439326.30596544],[-13587784.0030919,4439326.06242258],[-13587783.2290384,4439325.86309794],[-13587782.4583142,4439325.72112469],[-13587781.4902135,4439325.51135879],[-13587780.6150851,4439325.37917417],[-13587779.9146125,4439325.30988682],[-13587779.2122979,4439325.26525133],[-13587778.5087666,4439325.2452572],[-13587777.8050189,4439325.2498877],[-13587777.1018052,4439325.27913024],[-13587776.4001257,4439325.33296807],[-13587775.7007307,4439325.41138861],[-13587775.0043685,4439325.51425372],[-13587774.3121644,4439325.64154453],[-13587773.6246123,4439325.79287593],[-13587772.9428376,4439325.96822907],[-13587772.2675865,4439326.1673402],[-13587771.59973,4439326.38994351],[-13587770.9398913,4439326.63590293],[-13587770.2889395,4439326.90482706],[-13587769.6478686,4439327.1963224],[-13587769.0172998,4439327.5101273],[-13587780.1720879,4439331.54826411],[-13587782.3237012,4439332.3306138],[-13587791.8421472,4439335.77811719],[-13587794.1078094,4439336.53631951],[-13587793.2374027,4439339.33120013],[-13587790.914187,4439338.51931806],[-13587765.6759152,4439329.60362298],[-13587765.8843264,4439328.92003787],[-13587766.6589899,4439326.3773734],[-13587761.0453077,4439324.34584379],[-13587761.2558678,4439323.66360492],[-13587761.7935413,4439321.92132716],[-13587762.9096006,4439318.30494576],[-13587762.9683832,4439317.49887876],[-13587762.1972244,4439316.78095545],[-13587761.6474354,4439316.23493679],[-13587761.1414908,4439315.64773482],[-13587760.6728156,4439315.03013718],[-13587760.2532242,4439314.37805181],[-13587759.8747431,4439313.70090799],[-13587759.5497163,4439312.99636346],[-13587759.1902611,4439312.02633811],[-13587758.9221258,4439311.02689596],[-13587758.7784885,4439310.25600173],[-13587758.6949288,4439309.47241871],[-13587758.6658538,4439308.42224234],[-13587758.7356248,4439307.37405309],[-13587758.8495028,4439306.59419732],[-13587764.7301216,4439298.12228628],[-13587771.1501332,4439302.19929219],[-13587771.5504741,4439302.57345663],[-13587772.0100852,4439302.87125772],[-13587772.5146757,4439303.08326233],[-13587773.1169665,4439303.205698],[-13587773.8676275,4439303.20166362],[-13587774.5311923,4439303.18012017],[-13587775.1491818,4439302.71151466],[-13587775.7428004,4439302.26668226],[-13587775.8874713,4439301.4807836],[-13587775.7328894,4439300.44263454],[-13587775.1059573,4439299.69516367],[-13587769.0835215,4439295.62255481],[-13587773.0131384,4439289.83146723],[-13587780.665782,4439278.55373651],[-13587786.0257211,4439281.81639918],[-13587786.8784711,4439282.06238987],[-13587787.7652452,4439282.02994555],[-13587788.3694074,4439281.8283824],[-13587788.9964551,4439281.39316496],[-13587789.6084202,4439280.58461522],[-13587790.0567953,4439279.63384449],[-13587790.3235614,4439279.0222678],[-13587790.5672774,4439278.401028],[-13587790.7878349,4439277.77113183],[-13587790.9848714,4439277.13333908],[-13587791.1579034,4439276.48866279],[-13587791.3069434,4439275.83785644],[-13587791.4317579,4439275.1819289],[-13587791.5319887,4439274.5218911],[-13587791.6076481,4439273.85849653],[-13587791.6585028,4439273.19275405],[-13587791.6846925,4439272.52554063],[-13587791.6859816,4439271.85773954],[-13587791.662514,4439271.1904789],[-13587791.6141771,4439270.52451434],[-13587791.5412358,4439269.86072071],[-13587791.4435836,4439269.20023035]],[[-13587763.139361,4439314.54651726],[-13587763.7849046,4439314.90087245],[-13587764.4800556,4439314.80795226],[-13587764.9921131,4439314.4001617],[-13587765.3577938,4439313.90751929],[-13587765.6158209,4439313.39469734],[-13587765.7965269,4439312.77513983],[-13587765.8700399,4439311.98993018],[-13587765.8082677,4439311.41865228],[-13587765.6539875,4439310.86550569],[-13587765.3710587,4439310.285748],[-13587760.7316332,4439306.91389317],[-13587760.6327449,4439307.60217408],[-13587760.5511049,4439308.47796398],[-13587760.5521833,4439309.1378138],[-13587760.6155027,4439309.79473671],[-13587760.7821894,4439310.65807597],[-13587761.0455312,4439311.49693372],[-13587761.3016569,4439312.10465083],[-13587761.6139941,4439312.68529786],[-13587762.101434,4439313.41601347],[-13587762.6684225,4439314.08635629],[-13587763.139361,4439314.54651726]]]},"properties":{"NAME":"Heat Plant","LOT":"123","F10_MIN":0,"F15_MIN":0,"F20_MIN":2,"F3_HOUR":0,"PERMIT_SPACES":15,"ENFORCEMENT":"Mon-Fri, 7:00am-8:30pm","PERMITS_ACCEPTED":"A, MC, N, ADA, Medical, Reserved","ObjectId":53}},{"type":"Feature","id":55,"geometry":{"type":"Polygon","coordinates":[[[-13588084.3140471,4439147.29654617],[-13588086.2615414,4439146.1334462],[-13588087.1086804,4439144.56172182],[-13588087.4863847,4439143.86085464],[-13588088.3077719,4439141.67367031],[-13588087.7215382,4439136.90861756],[-13588086.8913616,4439135.98194345],[-13588085.7776196,4439134.73870464],[-13588085.2364903,4439134.13478403],[-13588084.7515644,4439133.5936071],[-13588082.3106807,4439133.27832888],[-13588079.5231487,4439133.04222733],[-13588081.7124464,4439121.99656348],[-13588081.8701772,4439121.20027953],[-13588082.0115331,4439120.4873021],[-13588088.1641017,4439119.19484023],[-13588093.561648,4439116.56883028],[-13588096.4388499,4439112.95633453],[-13588097.0605488,4439107.44345804],[-13588096.4361035,4439101.48722797],[-13588095.9035617,4439096.40863716],[-13588095.3588317,4439091.21393403],[-13588091.5860474,4439076.5449119],[-13588086.7661206,4439062.30374103],[-13588084.8950862,4439057.81578768],[-13588082.3214676,4439051.64232662],[-13588079.0534137,4439045.3252642],[-13588077.7713038,4439043.29876718],[-13588077.2540136,4439042.48103279],[-13588075.8207121,4439040.21551742],[-13588074.1827324,4439038.27752198],[-13588089.4388801,4439034.28269152],[-13588088.4393515,4439036.44483181],[-13588087.8119935,4439040.19703116],[-13588088.0976306,4439042.35945916],[-13588088.6874017,4439045.14259326],[-13588089.9819963,4439049.43747413],[-13588091.7689544,4439055.54738532],[-13588092.5670516,4439056.38063075],[-13588093.8382549,4439056.60901562],[-13588096.7915606,4439055.90964186],[-13588099.8662351,4439055.10773859],[-13588102.8769389,4439064.14050886],[-13588108.840677,4439083.19663104],[-13588105.7432704,4439084.0384892],[-13588102.6458653,4439084.88047208],[-13588102.3646862,4439085.44380057],[-13588102.1100177,4439085.95417712],[-13588101.868419,4439086.43820643],[-13588101.4867777,4439087.20294876],[-13588102.4268799,4439091.9542504],[-13588103.2395869,4439096.82175081],[-13588103.9597912,4439097.43861554],[-13588104.3722977,4439097.79195489],[-13588105.0357827,4439098.36015379],[-13588108.2851871,4439098.40660421],[-13588111.5345895,4439098.45292804],[-13588111.6051047,4439100.02193079],[-13588111.1314276,4439111.60254023],[-13588110.4116773,4439118.38565302],[-13588107.8541394,4439130.94689418],[-13588103.7641512,4439131.46851645],[-13588100.8431895,4439132.20365678],[-13588100.1092826,4439132.89052979],[-13588097.0676201,4439135.73765591],[-13588096.1966383,4439136.55294747],[-13588095.9327779,4439138.92371867],[-13588095.4441917,4439143.31866086],[-13588096.8148583,4439148.28309097],[-13588097.7314466,4439149.54684878],[-13588099.1475645,4439150.29762446],[-13588084.3140471,4439147.29654617]]]},"properties":{"NAME":"Baskin Engineering","LOT":"138","F10_MIN":0,"F15_MIN":0,"F20_MIN":2,"F3_HOUR":0,"PERMIT_SPACES":16,"ENFORCEMENT":"Mon-Fri, 7:00am-8:30pm","PERMITS_ACCEPTED":"A, N, MC, Medical","ObjectId":55}},{"type":"Feature","id":56,"geometry":{"type":"Polygon","coordinates":[[[-13587031.3543391,4437961.69306795],[-13587000.7801253,4437947.01651615],[-13586989.1719666,4437942.16624177],[-13586984.9053478,4437940.38353058],[-13586982.3205582,4437939.43150272],[-13586981.9168979,4437939.28286644],[-13586979.5350501,4437938.13955454],[-13586979.0495228,4437937.96364648],[-13586949.995948,4437927.43897436],[-13586930.4003224,4437920.22865335],[-13586921.1613847,4437916.82906631],[-13586892.4335124,4437906.6098128],[-13586853.6891156,4437892.37493036],[-13586809.0685154,4437876.27733556],[-13586773.0040257,4437863.9943346],[-13586767.1835886,4437861.79569552],[-13586760.1911395,4437859.1543672],[-13586751.6495704,4437856.90056348],[-13586741.4171897,4437854.63308777],[-13586698.7129601,4437846.6012045],[-13586675.2758771,4437841.5192802],[-13586645.4733083,4437835.80925693],[-13586650.767029,4437806.34457099],[-13586656.8624911,4437779.08532282],[-13586660.4919315,4437759.21182268],[-13586663.692449,4437745.6305719],[-13586683.9017704,4437749.74446655],[-13586711.0347655,4437755.17863032],[-13586732.243702,4437759.38882904],[-13586760.7936224,4437765.07634272],[-13586797.6370946,4437772.75313617],[-13586831.0109583,4437781.3707057],[-13586866.2646469,4437790.38765122],[-13586872.1200174,4437791.95412496],[-13586898.6985001,4437806.63049239],[-13586906.8453861,4437810.62577264],[-13586934.5343079,4437821.17394927],[-13586940.7730986,4437823.40331626],[-13586973.1162295,4437830.48487264],[-13586972.8938309,4437836.67737718],[-13586997.9143432,4437849.21620689],[-13587002.8208913,4437851.55982798],[-13587006.6888281,4437853.20937352],[-13587011.3952394,4437854.08341994],[-13587017.6502941,4437853.58105628],[-13587023.7457261,4437852.07039835],[-13587025.3920032,4437866.88872319],[-13587021.345079,4437867.26483078],[-13587017.5859017,4437868.81175335],[-13587014.4394227,4437871.39583364],[-13587012.4244514,4437874.42274574],[-13587012.1775815,4437874.79349035],[-13587010.9958765,4437878.71132751],[-13587010.4156154,4437879.87765835],[-13587010.5841826,4437881.16978455],[-13587011.444264,4437882.14692621],[-13587012.7022006,4437882.47561443],[-13587014.8069203,4437878.17537564],[-13587033.8178,4437886.56912311],[-13587031.6226616,4437892.33600543],[-13587034.649782,4437893.26481184],[-13587037.2765805,4437888.47003247],[-13587056.7656927,4437897.54908263],[-13587053.3092158,4437903.36339668],[-13587058.7291113,4437906.25447255],[-13587055.9073939,4437912.43575669],[-13587053.2980899,4437918.1519173],[-13587051.8092683,4437920.73323292],[-13587051.0332579,4437923.62168216],[-13587051.0439388,4437926.6565199],[-13587051.4328184,4437927.40099869],[-13587052.3560452,4437927.31852464],[-13587054.8858037,4437922.16888962],[-13587071.4993393,4437929.95801967],[-13587069.2251638,4437936.1553052],[-13587073.2968977,4437939.16722338],[-13587075.0527568,4437941.31998923],[-13587076.125437,4437943.88344053],[-13587076.4261348,4437946.64541233],[-13587075.9296724,4437949.3767263],[-13587074.6774555,4437951.85123748],[-13587070.7917019,4437959.85481862],[-13587070.2830584,4437961.40392955],[-13587071.1623495,4437962.79310202],[-13587077.5151216,4437966.00121095],[-13587074.1917775,4437972.85583868],[-13587073.4596278,4437974.36610231],[-13587071.8117037,4437973.52933718],[-13587067.6105436,4437971.39601365],[-13587066.5670374,4437970.99680575],[-13587065.5074819,4437971.35109638],[-13587064.9106023,4437972.29904596],[-13587062.7033218,4437976.78015207],[-13587031.3543391,4437961.69306795]],[[-13587064.5794015,4437956.92005815],[-13587066.6313391,4437954.83488034],[-13587067.8747612,4437952.18392113],[-13587068.1674824,4437949.27024252],[-13587067.476239,4437946.42661446],[-13587061.9535046,4437958.20129403],[-13587064.5794015,4437956.92005815]],[[-13586997.6412812,4437912.93773817],[-13586995.1440939,4437914.45444142],[-13586993.2267291,4437916.66885638],[-13586992.0727742,4437919.36892237],[-13586991.7927597,4437922.29594318],[-13586992.4134465,4437925.16988555],[-13586997.6412812,4437912.93773817]],[[-13587041.651001,4437922.63687844],[-13587044.0908487,4437921.32848608],[-13587046.0126637,4437919.33077306],[-13587047.2310415,4437916.83661587],[-13587047.6287678,4437914.08610939],[-13587047.1673369,4437911.34466232],[-13587041.651001,4437922.63687844]],[[-13586983.1730891,4437912.7307733],[-13586983.4129065,4437909.88367973],[-13586982.8511733,4437907.08813735],[-13586978.1411098,4437919.39742063],[-13586980.4275898,4437917.68528344],[-13586982.1508532,4437915.40238987],[-13586983.1730891,4437912.7307733]],[[-13587007.5726048,4437892.6829257],[-13587005.1034265,4437894.00988163],[-13587003.1692035,4437896.04396208],[-13587001.9630532,4437898.58224204],[-13587001.6049805,4437901.37177089],[-13587002.1310289,4437904.13424509],[-13587007.5726048,4437892.6829257]],[[-13586988.0688483,4437896.54827332],[-13586989.9021956,4437894.37332167],[-13586990.8904261,4437891.70265354],[-13586990.9156117,4437888.85424671],[-13586989.9749803,4437886.16714263],[-13586985.6084589,4437897.96827396],[-13586988.0688483,4437896.54827332]],[[-13586995.6476744,4437875.13175002],[-13586997.2937694,4437873.29540237],[-13586998.1848966,4437870.99223139],[-13586998.2053194,4437868.52146325],[-13586997.3522271,4437866.20468099],[-13586993.460767,4437876.2622017],[-13586995.6476744,4437875.13175002]],[[-13586789.6129012,4437837.59014421],[-13586787.304011,4437839.14258547],[-13586785.5898533,4437841.34250782],[-13586784.6382092,4437843.97472787],[-13586784.5422449,4437846.7814707],[-13586785.3114329,4437849.48814318],[-13586789.6129012,4437837.59014421]],[[-13586772.484874,4437842.73667255],[-13586774.1926989,4437840.52417206],[-13586775.1664927,4437837.90778727],[-13586775.3166857,4437835.12827792],[-13586774.7060959,4437832.7406271],[-13586770.1998645,4437844.3419672],[-13586772.484874,4437842.73667255]],[[-13586797.2079851,4437815.86414392],[-13586794.7368041,4437817.40346191],[-13586792.9272783,4437819.68962379],[-13586791.9914622,4437822.45458531],[-13586792.03931,4437825.37422707],[-13586792.9661431,4437827.84264259],[-13586797.2079851,4437815.86414392]],[[-13586777.8426143,4437822.01606459],[-13586782.3447685,4437810.6763111],[-13586781.9951399,4437809.77028431],[-13586780.7105097,4437809.04348874],[-13586779.3356494,4437809.47157438],[-13586774.8334905,4437820.81119971],[-13586776.0631017,4437822.10637159],[-13586777.8426143,4437822.01606459]],[[-13586805.0659514,4437794.39015035],[-13586802.6130902,4437795.94034031],[-13586800.7873264,4437798.20466408],[-13586799.7856066,4437800.93931889],[-13586799.7156214,4437803.84973945],[-13586800.5851975,4437806.62229975],[-13586805.0659514,4437794.39015035]],[[-13586787.8205413,4437800.01955916],[-13586789.6791883,4437797.70156109],[-13586790.7258677,4437794.91755229],[-13586790.8563648,4437791.94533628],[-13586790.0574398,4437789.08117079],[-13586785.3353261,4437801.64036911],[-13586787.8205413,4437800.01955916]]]},"properties":{"NAME":"East Remote Parking","LOT":"104","F10_MIN":0,"F15_MIN":0,"F20_MIN":0,"F3_HOUR":0,"PERMIT_SPACES":897,"ENFORCEMENT":"Mon-Fri, 7:00am-5:00pm","PERMITS_ACCEPTED":"A, C, R, MC, N, NC, Parkmobile","ObjectId":56}},{"type":"Feature","id":57,"geometry":{"type":"Polygon","coordinates":[[[-13588433.4013783,4437522.78945284],[-13588427.6112334,4437536.84936663],[-13588420.9979152,4437535.99625042],[-13588412.5133145,4437533.9260432],[-13588404.3008475,4437530.94080603],[-13588398.6944423,4437529.86627457],[-13588383.4770402,4437528.39417538],[-13588372.9790993,4437528.61764021],[-13588349.6207323,4437529.87478308],[-13588335.9513076,4437530.85636667],[-13588322.2479471,4437531.00981829],[-13588308.5605467,4437530.33480168],[-13588295.9063525,4437529.12507401],[-13588283.398068,4437526.83965953],[-13588271.1276444,4437523.49535163],[-13588262.2749762,4437521.65414199],[-13588258.9057449,4437521.78736109],[-13588252.6989577,4437521.85420892],[-13588242.0667742,4437522.24671376],[-13588222.4347974,4437525.34488215],[-13588203.0409254,4437529.71256101],[-13588201.5821868,4437525.78128187],[-13588201.0320743,4437526.00026666],[-13588200.4733171,4437526.19578452],[-13588199.9067822,4437526.36731852],[-13588199.3335925,4437526.51472418],[-13588198.754742,4437526.63760802],[-13588198.1711039,4437526.73582979],[-13588197.5840511,4437526.80924082],[-13588196.9942048,4437526.85757949],[-13588196.4030652,4437526.8808206],[-13588195.817744,4437526.87796555],[-13588195.2848603,4437526.96001203],[-13588194.6554835,4437526.78231328],[-13588194.0937077,4437526.69139655],[-13588193.5021198,4437526.63514262],[-13588192.9822424,4437526.44681309],[-13588192.4341845,4437526.29349576],[-13588191.8921641,4437526.11973044],[-13588191.3569377,4437525.92588118],[-13588190.8292553,4437525.71193541],[-13588190.3098777,4437525.47850834],[-13588189.576329,4437524.99296416],[-13588188.855961,4437524.48785678],[-13588188.1494051,4437523.96355239],[-13588187.4570404,4437523.42029584],[-13588186.7795027,4437522.85870442],[-13588186.117171,4437522.27902297],[-13588185.4706768,4437521.68161768],[-13588184.8402807,4437521.06711217],[-13588184.4224143,4437520.60615833],[-13588184.0236548,4437520.12855613],[-13588183.6443919,4437519.6351782],[-13588183.2853882,4437519.12676532],[-13588182.9472816,4437518.60406035],[-13588182.6304636,4437518.0680615],[-13588182.3355742,4437517.51963719],[-13588182.0630029,4437516.95966005],[-13588181.8133895,4437516.38899853],[-13588181.3933832,4437515.38638483],[-13588180.9964809,4437514.3743403],[-13588180.6231909,4437513.3533588],[-13588180.2733945,4437512.32381913],[-13588179.9476064,4437511.2865918],[-13588179.6457058,4437510.24193005],[-13588179.3680802,4437509.19058094],[-13588179.1147381,4437508.13304673],[-13588178.8859379,4437507.06982547],[-13588178.76745,4437506.27767188],[-13588178.6734187,4437505.48221896],[-13588178.6038563,4437504.68422006],[-13588178.5587777,4437503.8845541],[-13588178.538316,4437503.08372125],[-13588178.5423632,4437502.28272808],[-13588178.5710545,4437501.4822003],[-13588178.6242796,4437500.68301893],[-13588178.7484731,4437499.63208206],[-13588178.9840045,4437498.6283836],[-13588179.2219924,4437497.89241437],[-13588179.519128,4437497.17868716],[-13588179.8625107,4437496.48603703],[-13588180.2614325,4437495.82423003],[-13588180.8434058,4437494.98765956],[-13588181.4420352,4437494.20506682],[-13588182.1092907,4437493.48072847],[-13588182.6496617,4437492.97718322],[-13588183.2265105,4437492.51635593],[-13588184.0399252,4437491.96275969],[-13588184.9003923,4437491.48611703],[-13588185.5710917,4437491.17895],[-13588186.1001934,4437490.97501428],[-13588184.6480845,4437486.93047429],[-13588190.7796223,4437484.09554512],[-13588197.2190083,4437482.06176711],[-13588203.862737,4437480.86164857],[-13588234.9167353,4437478.21772768],[-13588247.1355086,4437477.7215873],[-13588254.2798183,4437477.60156472],[-13588259.4000655,4437477.65420043],[-13588271.5764127,4437479.08563251],[-13588278.5579676,4437480.26849414],[-13588299.3536048,4437484.59963119],[-13588310.5189076,4437486.06320579],[-13588321.7680187,4437486.63463492],[-13588333.0278423,4437486.31037404],[-13588346.9824945,4437485.67567119],[-13588358.2256039,4437484.72381075],[-13588383.4737721,4437484.30852395],[-13588388.1081074,4437484.20712153],[-13588397.9413542,4437484.69086937],[-13588401.9724281,4437485.14569429],[-13588414.8092725,4437487.32181492],[-13588418.2922784,4437488.73284203],[-13588421.330994,4437490.94887298],[-13588423.7443844,4437493.83781188],[-13588425.3885154,4437497.22762746],[-13588426.1654735,4437500.91625052],[-13588429.7131532,4437513.48878711],[-13588431.1438271,4437518.30444872],[-13588432.146753,4437520.2969955],[-13588433.4013783,4437522.78945284]],[[-13588390.0476525,4437504.77939329],[-13588371.2421845,4437504.08413151],[-13588352.432773,4437504.60781096],[-13588329.0510883,4437506.81153772],[-13588318.6575253,4437507.00845073],[-13588308.3139163,4437505.97028197],[-13588286.876905,4437502.19288175],[-13588270.3542232,4437498.61985783],[-13588261.6644493,4437497.20193668],[-13588252.8820055,4437496.58711812],[-13588244.0806391,4437496.78081943],[-13588227.7188052,4437498.30648003],[-13588211.5422958,4437501.16094681],[-13588195.7626522,4437505.78427387],[-13588197.2502889,4437510.08443885],[-13588209.6985293,4437506.10799086],[-13588222.9954462,4437503.78606723],[-13588239.8869226,4437501.3375546],[-13588257.5707836,4437501.07526369],[-13588271.4001539,4437502.67046183],[-13588287.3516767,4437506.23449473],[-13588299.3644412,4437508.59403884],[-13588312.014991,4437509.98430227],[-13588322.8879833,4437510.72269018],[-13588333.7601295,4437510.01434007],[-13588362.6259359,4437508.23436101],[-13588372.2591672,4437507.97872211],[-13588386.6873799,4437508.46561441],[-13588398.3568497,4437509.61517231],[-13588401.043342,4437509.93711859],[-13588409.1499055,4437511.14682272],[-13588412.018951,4437511.57182526],[-13588414.8755491,4437511.07767306],[-13588415.5278903,4437509.2571155],[-13588409.4419356,4437506.84966735],[-13588403.0892704,4437505.28455171],[-13588398.2751294,4437504.71302647],[-13588390.0476525,4437504.77939329]]]},"properties":{"NAME":"West Remote Parking","LOT":"127","F10_MIN":0,"F15_MIN":0,"F20_MIN":0,"F3_HOUR":0,"PERMIT_SPACES":262,"ENFORCEMENT":"Mon-Fri, 7:00am-5:00pm","PERMITS_ACCEPTED":"A, C, R, N, RMC, ADA","ObjectId":57}},{"type":"Feature","id":58,"geometry":{"type":"Polygon","coordinates":[[[-13588301.0104148,4439451.52262276],[-13588315.4279238,4439445.47145368],[-13588314.9806555,4439446.25353771],[-13588314.9432499,4439446.44083631],[-13588314.9267836,4439446.63117472],[-13588314.931717,4439446.82215846],[-13588314.9578853,4439447.01140351],[-13588315.0048735,4439447.1965301],[-13588315.0722668,4439447.37515842],[-13588315.1590293,4439447.54517037],[-13588315.264125,4439447.70444783],[-13588315.4385679,4439447.904391],[-13588315.5546872,4439448.01210499],[-13588315.6836747,4439448.10390032],[-13588315.8233776,4439448.17818013],[-13588315.971524,4439448.23372641],[-13588316.1254692,4439448.26945304],[-13588316.282831,4439448.28502318],[-13588316.4408479,4439448.27985516],[-13588320.8020903,4439446.59247911],[-13588322.1264609,4439450.19609114],[-13588323.7874263,4439454.7154639],[-13588325.3381982,4439458.93470172],[-13588326.7574412,4439458.57092286],[-13588329.9386841,4439470.5083205],[-13588330.0372159,4439470.85915243],[-13588330.1214259,4439471.21374241],[-13588330.1911807,4439471.57159023],[-13588330.2463427,4439471.93194448],[-13588333.9438563,4439489.04399368],[-13588334.4321225,4439491.42017293],[-13588334.9445706,4439493.79129832],[-13588335.4808192,4439496.15699941],[-13588335.7766257,4439501.88330163],[-13588335.7253374,4439503.60188834],[-13588335.6625343,4439505.32004077],[-13588335.5628257,4439507.67583188],[-13588335.4227812,4439510.00554446],[-13588335.2665826,4439512.33414724],[-13588335.0942319,4439514.66176581],[-13588334.7525887,4439519.75574363],[-13588334.5966713,4439522.08622812],[-13588334.464044,4439524.41820597],[-13588334.3548256,4439526.75129831],[-13588334.2690161,4439529.08550517],[-13588334.2066072,4439531.42032418],[-13588334.167724,4439533.75575326],[-13588333.9329032,4439542.53540062],[-13588333.6014502,4439542.51383762],[-13588333.2691549,4439542.51678472],[-13588332.9380221,4439542.54445944],[-13588332.6099212,4439542.59645353],[-13588332.2864759,4439542.67261406],[-13588331.9694305,4439542.77253487],[-13588331.6606503,4439542.89555649],[-13588331.3616295,4439543.04127696],[-13588331.074225,4439543.20853448],[-13588330.7998019,4439543.39667801],[-13588330.539969,4439543.60467555],[-13588330.296206,4439543.83124604],[-13588330.0696217,4439544.07536588],[-13588329.8615663,4439544.33550492],[-13588329.6731423,4439544.61026284],[-13588329.5054542,4439544.89836484],[-13588329.359348,4439545.19803805],[-13588329.2355469,4439545.50763723],[-13588329.1349011,4439545.82564066],[-13588329.0577563,4439546.15028385],[-13588329.0047064,4439546.47967251],[-13588328.9759723,4439546.81204425],[-13588328.9717748,4439547.14563667],[-13588328.9919594,4439547.47869368],[-13588329.0366199,4439547.8093294],[-13588329.1053518,4439548.13579195],[-13588329.1978757,4439548.45632734],[-13588329.3136601,4439548.76906019],[-13588329.4520525,4439549.07236841],[-13588329.6122754,4439549.364632],[-13588329.7935513,4439549.64423095],[-13588329.9949799,4439549.90967297],[-13588330.2151603,4439550.15947413],[-13588330.4531964,4439550.3923933],[-13588330.7075626,4439550.60694868],[-13588330.9771165,4439550.8021545],[-13588331.2600867,4439550.97678432],[-13588331.5552101,4439551.13010566],[-13588331.8608443,4439551.26114116],[-13588332.1751011,4439551.36916882],[-13588332.4965966,4439551.45370942],[-13588332.8233194,4439551.51416866],[-13588326.6355525,4439551.39104697],[-13588326.4507219,4439551.49113233],[-13588326.2783621,4439551.6114842],[-13588326.1205737,4439551.75055985],[-13588325.9793303,4439551.90669303],[-13588325.8565971,4439552.07771518],[-13588325.7538411,4439552.2615917],[-13588325.6724003,4439552.45603895],[-13588325.613231,4439552.65840284],[-13588325.5772918,4439552.86615483],[-13588325.5647888,4439553.07665345],[-13588325.5759261,4439553.28713162],[-13588325.6107869,4439553.49507552],[-13588325.668702,4439553.69785838],[-13588325.7490002,4439553.89272783],[-13588325.8506392,4439554.07718898],[-13588325.9723308,4439554.24900232],[-13588326.1126618,4439554.40593041],[-13588326.2695981,4439554.54599753],[-13588326.4412325,4439554.66735143],[-13588326.6255412,4439554.76864429],[-13588326.819871,4439554.84828763],[-13588327.0219564,4439554.90544019],[-13588332.2905433,4439555.37690499],[-13588332.2291163,4439556.41958176],[-13588332.1472794,4439557.46096861],[-13588332.0452721,4439558.5004334],[-13588331.9230902,4439559.53772498],[-13588327.3841712,4439559.47532712],[-13588327.0281773,4439560.00778561],[-13588328.8374883,4439565.53922287],[-13588329.911284,4439570.59599387],[-13588329.0310607,4439574.04801868],[-13588328.1240932,4439576.24793058],[-13588326.2957481,4439578.79220339],[-13588324.4624468,4439580.30345521],[-13588317.0561764,4439581.69355697],[-13588314.6997146,4439581.23431988],[-13588312.4464991,4439580.40289175],[-13588309.4395929,4439578.14866194],[-13588307.7887593,4439575.7921249],[-13588306.5272413,4439571.89999182],[-13588306.9367914,4439564.17674224],[-13588311.1326262,4439553.22724974],[-13588313.2288069,4439548.63564696],[-13588316.6296574,4439548.79945869],[-13588317.6620882,4439537.74938404],[-13588309.8189762,4439537.04004111],[-13588309.2328327,4439536.9870814],[-13588310.2080903,4439528.35327749],[-13588310.24733,4439528.00578105],[-13588310.2728697,4439523.72811529],[-13588310.3066224,4439522.66844582],[-13588310.3611539,4439521.60968345],[-13588310.4363433,4439520.55208146],[-13588310.5320761,4439519.49626988],[-13588310.6483563,4439518.44249988],[-13588310.7851923,4439517.39127378],[-13588310.9425885,4439516.34284276],[-13588311.120305,4439515.29783894],[-13588311.2456984,4439514.61085191],[-13588311.6522259,4439511.74378085],[-13588312.0778127,4439508.87953074],[-13588312.1785141,4439508.20451611],[-13588313.5462591,4439508.21029712],[-13588312.6976501,4439499.87448653],[-13588310.7605696,4439500.04358898],[-13588308.8711791,4439488.9390324],[-13588309.142085,4439488.84013943],[-13588309.4034774,4439488.71829231],[-13588309.6536182,4439488.57427399],[-13588309.8905256,4439488.40924835],[-13588310.1124698,4439488.22450066],[-13588310.317719,4439488.02119059],[-13588310.5049269,4439487.80109945],[-13588310.6726139,4439487.56550831],[-13588310.819563,4439487.31644752],[-13588310.9445531,4439487.0556963],[-13588311.0469882,4439486.78502332],[-13588311.1257785,4439486.50658244],[-13588311.1805802,4439486.22226373],[-13588311.2109308,4439485.93433611],[-13588311.2164907,4439485.64494083],[-13588311.1972933,4439485.35608724],[-13588311.1534995,4439485.06990817],[-13588311.0853947,4439484.78853435],[-13588310.9935169,4439484.51421789],[-13588310.8785205,4439484.24870645],[-13588310.7413165,4439483.99412028],[-13588310.5828117,4439483.75232842],[-13588310.4041585,4439483.52494456],[-13588310.2068911,4439483.3139528],[-13588309.992283,4439483.12071359],[-13588309.7618577,4439482.94658312],[-13588309.5175161,4439482.79303688],[-13588309.2609025,4439482.66117781],[-13588308.9940324,4439482.55185137],[-13588308.7186711,4439482.46590723],[-13588308.437082,4439482.40406108],[-13588308.1512721,4439482.36665603],[-13588307.8632484,4439482.35403523],[-13588307.5752638,4439482.36628642],[-13588307.2893192,4439482.40337599],[-13588305.9745706,4439477.64301096],[-13588304.652356,4439472.88490892],[-13588302.1201896,4439463.98047454],[-13588307.9368568,4439461.83312145],[-13588308.1097059,4439461.7872549],[-13588308.2749278,4439461.71903066],[-13588308.4297881,4439461.62949965],[-13588308.5715609,4439461.52021512],[-13588308.6977767,4439461.39310286],[-13588308.8060973,4439461.2504633],[-13588308.8948098,4439461.09458638],[-13588308.9623365,4439460.92838786],[-13588309.0073501,4439460.75477929],[-13588309.0291485,4439460.5766617],[-13588309.0274088,4439460.39718103],[-13588309.0021834,4439460.21947685],[-13588308.0683883,4439459.52516956],[-13588303.4086264,4439461.23853718],[-13588302.0135199,4439454.11726274],[-13588301.5888431,4439452.98214415],[-13588301.1463956,4439451.85398212],[-13588301.0104148,4439451.52262276]]]},"properties":{"NAME":"North Perimeter","LOT":"150B","F10_MIN":0,"F15_MIN":0,"F20_MIN":0,"F3_HOUR":0,"PERMIT_SPACES":75,"ENFORCEMENT":"Mon-Fri, 7:00am-8:30pm","PERMITS_ACCEPTED":"A, C 150B","ObjectId":58}},{"type":"Feature","id":60,"geometry":{"type":"Polygon","coordinates":[[[-13586768.7918116,4436219.03971968],[-13586766.1693884,4436220.15849423],[-13586763.5470875,4436221.27714062],[-13586763.4346737,4436221.38311917],[-13586763.3396556,4436221.50513341],[-13586763.2644877,4436221.64037972],[-13586763.2107412,4436221.78556681],[-13586763.1798602,4436221.93727997],[-13586763.1745717,4436222.04863229],[-13586744.5097067,4436207.89478642],[-13586744.6651707,4436207.91969932],[-13586744.8224764,4436207.91984222],[-13586744.9779945,4436207.89502444],[-13586745.1276122,4436207.84606794],[-13586745.2678457,4436207.77403538],[-13586745.3949761,4436207.68087242],[-13586749.5147851,4436205.97167789],[-13586750.8359341,4436205.42349302],[-13586755.3516179,4436208.84782667],[-13586757.2820636,4436210.31171132],[-13586767.3897828,4436217.97655174],[-13586768.7918116,4436219.03971968]]]},"properties":{"NAME":"University Police","LOT":"105","F10_MIN":2,"F15_MIN":0,"F20_MIN":0,"F3_HOUR":0,"PERMIT_SPACES":16,"ENFORCEMENT":"Mon-Fri, 7:00am-5:00pm","PERMITS_ACCEPTED":"A, N, ADA, Reserved","ObjectId":60}},{"type":"Feature","id":61,"geometry":{"type":"Polygon","coordinates":[[[-13587134.6792632,4439253.69726966],[-13587126.8294847,4439256.76885443],[-13587126.4495149,4439255.77993641],[-13587119.6448072,4439238.06803339],[-13587119.5076497,4439237.82185346],[-13587119.3503115,4439237.58819515],[-13587119.1740681,4439237.36854457],[-13587118.9800739,4439237.16464107],[-13587118.7696002,4439236.9777196],[-13587118.5444226,4439236.80925792],[-13587118.3059331,4439236.66023772],[-13587118.0557802,4439236.53201327],[-13587117.7957248,4439236.42518324],[-13587117.5277844,4439236.34071892],[-13587117.2537178,4439236.2790934],[-13587116.9754091,4439236.2407777],[-13587116.6949901,4439236.22611308],[-13587111.767812,4439237.96748917],[-13587108.5445931,4439229.40676821],[-13587105.7538034,4439222.0193771],[-13587111.0217798,4439219.7619401],[-13587111.1963161,4439219.67436184],[-13587111.3590054,4439219.56625462],[-13587111.5074969,4439219.4391651],[-13587111.6396981,4439219.29513805],[-13587111.7537666,4439219.13621409],[-13587111.847862,4439218.96455939],[-13587111.9206525,4439218.78283413],[-13587111.9710543,4439218.59356873],[-13587111.9984878,4439218.3995364],[-13587112.0023756,4439218.20363596],[-13587111.9827656,4439218.00875579],[-13587111.9399535,4439217.81765448],[-13587111.8744852,4439217.63308651],[-13587111.7874068,4439217.45779795],[-13587111.6798853,4439217.29428167],[-13587111.2815576,4439216.35227681],[-13587110.862493,4439215.41941124],[-13587110.422948,4439214.49605752],[-13587109.9631788,4439213.58258823],[-13587109.483323,4439212.67975475],[-13587108.9837578,4439211.78767641],[-13587108.6802678,4439211.2782182],[-13587108.3611803,4439210.77856714],[-13587108.0266244,4439210.2889723],[-13587107.6771127,4439209.81017882],[-13587107.3129037,4439209.34268485],[-13587106.9342496,4439208.88661181],[-13587106.6071134,4439208.52037373],[-13587106.2650692,4439208.16782537],[-13587105.9090048,4439207.82970561],[-13587105.5393058,4439207.50663608],[-13587105.1567287,4439207.19898101],[-13587104.7619111,4439206.90748346],[-13587104.3554844,4439206.63250972],[-13587104.0362167,4439206.41675389],[-13587103.7256234,4439206.18854292],[-13587103.424334,4439205.94811753],[-13587103.1327277,4439205.69572265],[-13587103.0016541,4439205.5828459],[-13587102.8571166,4439205.4877801],[-13587102.70152,4439205.41224371],[-13587102.5376342,4439205.35732107],[-13587102.3680995,4439205.32384742],[-13587102.1956815,4439205.31265591],[-13587102.0233832,4439205.32382204],[-13587101.8537015,4439205.35705292],[-13587101.6898811,4439205.41191754],[-13587101.5342814,4439205.4873716],[-13587101.3896366,4439205.58236453],[-13587101.2584186,4439205.69509648],[-13587096.944117,4439209.91481131],[-13587087.4240267,4439200.94881261],[-13587091.0131007,4439197.06027219],[-13587091.1364344,4439196.87167444],[-13587091.2390531,4439196.67086078],[-13587091.3194937,4439196.46011674],[-13587091.3770476,4439196.24196646],[-13587091.411006,4439196.01893406],[-13587091.4209082,4439195.79341396],[-13587091.4066749,4439195.56817102],[-13587091.3684748,4439195.34584036],[-13587091.3068474,4439195.12879967],[-13587091.2223368,4439194.91967781],[-13587091.1159826,4439194.72084413],[-13587090.9889497,4439194.53466589],[-13587089.8862917,4439193.72010823],[-13587088.7705513,4439192.9237319],[-13587087.6419828,4439192.14578388],[-13587086.5008404,4439191.38651114],[-13587085.3475034,4439190.64615859],[-13587083.9104842,4439189.82989449],[-13587082.4676418,4439189.02453039],[-13587081.018722,4439188.22981929],[-13587080.6491488,4439188.04278928],[-13587080.2691875,4439187.87804098],[-13587079.880347,4439187.73605166],[-13587079.483761,4439187.61730489],[-13587079.1544699,4439187.44580709],[-13587078.8146697,4439187.29684424],[-13587078.4657424,4439187.17077015],[-13587078.1092007,4439187.06831324],[-13587077.7466787,4439186.98994873],[-13587077.379683,4439186.93602831],[-13587077.0100935,4439186.90677185],[-13587076.6392857,4439186.90215639],[-13587076.2690142,4439186.92240388],[-13587075.9009027,4439186.96736163],[-13587075.5365745,4439187.03687691],[-13587075.177647,4439187.13042029],[-13587074.8257436,4439187.24783907],[-13587074.4823565,4439187.38860587],[-13587074.1490989,4439187.55194009],[-13587073.8273358,4439187.73719089],[-13587073.5186782,4439187.94345205],[-13587073.2242391,4439188.16995132],[-13587072.9456274,4439188.41565694],[-13587072.6836977,4439188.67929849],[-13587072.4400609,4439188.95996977],[-13587072.2154466,4439189.25640246],[-13587072.0109552,4439189.56707083],[-13587071.8274413,4439189.89070443],[-13587071.6658823,4439190.22590519],[-13587071.5268785,4439190.57115573],[-13587071.4110303,4439190.92493862],[-13587069.5733338,4439196.98566476],[-13587068.5960808,4439196.74269984],[-13587067.6140417,4439196.52041569],[-13587066.6274687,4439196.31893372],[-13587065.6368641,4439196.13837116],[-13587064.6427301,4439195.97884526],[-13587063.6454419,4439195.84034972],[-13587061.6387064,4439195.57687655],[-13587059.6336431,4439195.30106474],[-13587059.1196809,4439195.21693562],[-13587058.6099694,4439195.10999909],[-13587058.1055088,4439194.98023846],[-13587057.6073079,4439194.82813936],[-13587057.116244,4439194.65381278],[-13587056.6334508,4439194.45774225],[-13587055.1049714,4439194.04798531],[-13587056.9720122,4439187.02355233],[-13587053.0478686,4439181.93061495],[-13587052.9848802,4439181.85051813],[-13587051.799683,4439180.53738419],[-13587051.0154542,4439179.69113156],[-13587050.0341626,4439178.66702896],[-13587049.5140202,4439177.84626688],[-13587048.9758126,4439177.03736288],[-13587048.4197962,4439176.24068951],[-13587047.8463523,4439175.45661726],[-13587047.2556122,4439174.68552078],[-13587046.6478343,4439173.92789822],[-13587046.023523,4439173.18399237],[-13587045.3829345,4439172.45417581],[-13587044.7263273,4439171.7389467],[-13587044.0539534,4439171.03842641],[-13587043.3663236,4439170.35323452],[-13587042.6635648,4439169.68349451],[-13587042.2717527,4439169.48276556],[-13587041.8720766,4439169.29812096],[-13587041.4654201,4439169.13004845],[-13587041.3712915,4439169.09556715],[-13587047.1648406,4439163.7686585],[-13587047.4410609,4439163.84720758],[-13587047.7427764,4439163.90937812],[-13587048.0482444,4439163.94887526],[-13587048.3557101,4439163.96547705],[-13587048.663671,4439163.95908294],[-13587048.9702514,4439163.92972422],[-13587049.2738279,4439163.8775536],[-13587049.5726539,4439163.80285143],[-13587049.8652352,4439163.7060195],[-13587050.1497044,4439163.58759144],[-13587050.4246965,4439163.44821808],[-13587050.6886004,4439163.28880562],[-13587050.9399281,4439163.11013259],[-13587051.1774436,4439162.91309891],[-13587052.6274035,4439161.61604621],[-13587055.9147099,4439158.6754364],[-13587076.9328647,4439158.27248147],[-13587078.4923558,4439161.18447808],[-13587080.7835143,4439165.46251919],[-13587081.259246,4439166.35072168],[-13587081.3313539,4439166.52085798],[-13587081.4251679,4439166.67995474],[-13587081.5392645,4439166.82514658],[-13587081.6713515,4439166.95395943],[-13587081.8192638,4439167.06404272],[-13587081.9803441,4439167.15355656],[-13587082.1519396,4439167.22091222],[-13587082.3307763,4439167.26478254],[-13587082.5138427,4439167.28458973],[-13587082.6978795,4439167.27988569],[-13587082.8797606,4439167.2507226],[-13587083.0561201,4439167.19778468],[-13587083.2239674,4439167.12174995],[-13587083.3804514,4439167.02417334],[-13587083.5225961,4439166.90661192],[-13587083.6479359,4439166.7712423],[-13587083.7545075,4439166.62035831],[-13587087.3928659,4439170.58738019],[-13587087.292156,4439171.08499103],[-13587087.2140287,4439171.5867472],[-13587087.1589634,4439172.09138456],[-13587087.1269476,4439172.59814961],[-13587087.1178377,4439173.10591422],[-13587087.1319879,4439173.61341631],[-13587087.1691357,4439174.11990658],[-13587087.2292582,4439174.62400362],[-13587087.3123431,4439175.12495396],[-13587087.4179943,4439175.62150805],[-13587087.5461953,4439176.11266124],[-13587087.6966793,4439176.59741305],[-13587087.8689296,4439177.07476718],[-13587088.0628066,4439177.54384664],[-13587088.2776643,4439178.00340606],[-13587088.5133652,4439178.45269403],[-13587089.0433814,4439179.38621796],[-13587089.5930947,4439180.30823345],[-13587090.1621237,4439181.21837002],[-13587090.7502121,4439182.11625508],[-13587091.3570995,4439183.0012649],[-13587091.8151649,4439183.66830271],[-13587092.2907829,4439184.3227373],[-13587092.7835722,4439184.96419815],[-13587093.2932764,4439185.59231271],[-13587093.819385,4439186.20646141],[-13587094.3615187,4439186.80639933],[-13587094.9195441,4439187.39162624],[-13587100.782129,4439193.3739696],[-13587106.6493974,4439199.3517128],[-13587107.9577346,4439200.69833712],[-13587109.2510516,4439202.05940673],[-13587110.5292192,4439203.43467257],[-13587118.6154931,4439216.12309825],[-13587118.6828019,4439216.47935266],[-13587118.7741611,4439216.83018102],[-13587118.8894185,4439217.17395286],[-13587123.3102849,4439229.00079178],[-13587126.3607558,4439236.82677215],[-13587126.465347,4439237.00214545],[-13587126.5894811,4439237.16425407],[-13587126.7314931,4439237.31073909],[-13587126.8894761,4439237.43974809],[-13587127.0611523,4439237.54968607],[-13587127.2442419,4439237.63883246],[-13587127.4364774,4439237.70622018],[-13587127.6352141,4439237.75076282],[-13587127.8376928,4439237.77200397],[-13587128.0412793,4439237.76948513],[-13587128.2432246,4439237.7433778],[-13587128.4407841,4439237.69410465],[-13587128.63134,4439237.62221183],[-13587129.3060649,4439237.36072183],[-13587133.966007,4439235.55496042],[-13587136.8176375,4439243.0801444],[-13587140.0452956,4439251.59758192],[-13587134.6792632,4439253.69726966]],[[-13587075.0548623,4439173.09328499],[-13587072.4944176,4439167.36397454],[-13587071.884274,4439167.06828166],[-13587071.2643531,4439166.79398093],[-13587070.6352862,4439166.54143863],[-13587069.9979528,4439166.31089134],[-13587069.3531095,4439166.10270327],[-13587068.7013834,4439165.91698957],[-13587068.0436562,4439165.75411236],[-13587067.3806823,4439165.6143103],[-13587066.7133369,4439165.49756877],[-13587066.0422494,4439165.40412851],[-13587065.3684202,4439165.33397282],[-13587064.6926057,4439165.28746592],[-13587064.0155542,4439165.26446971],[-13587063.6295371,4439165.27040805],[-13587063.2445566,4439165.30120095],[-13587062.8624862,4439165.35669152],[-13587062.4845743,4439165.43673334],[-13587062.1126882,4439165.54079278],[-13587061.7480721,4439165.66847223],[-13587061.3924725,4439165.81949133],[-13587061.0471252,4439165.99295014],[-13587060.7135225,4439166.18832132],[-13587060.3931503,4439166.40470076],[-13587060.0871195,4439166.64119062],[-13587059.796916,4439166.89688681],[-13587059.5235237,4439167.17076799],[-13587059.2681741,4439167.46168306],[-13587059.031847,4439167.76835953],[-13587058.8155239,4439168.0896505],[-13587058.6201802,4439168.42403229],[-13587058.4465497,4439168.77048774],[-13587058.2953534,4439169.12724622],[-13587058.1671959,4439169.49304147],[-13587058.0626775,4439169.86635611],[-13587058.0247492,4439170.18969527],[-13587058.0092412,4439170.51492145],[-13587058.0160012,4439170.84040418],[-13587058.0450045,4439171.16463649],[-13587058.096226,4439171.4861114],[-13587058.1693907,4439171.80332613],[-13587058.2640966,4439172.11465437],[-13587058.3799455,4439172.41872099],[-13587058.5164146,4439172.71415296],[-13587058.6727265,4439172.99933022],[-13587058.8483604,4439173.27300533],[-13587059.042295,4439173.53393915],[-13587059.2536322,4439173.7807649],[-13587059.481353,4439174.01236903],[-13587059.7245654,4439174.22776151],[-13587060.2007271,4439174.60520546],[-13587060.691945,4439174.96280215],[-13587061.1970877,4439175.30019361],[-13587061.7153923,4439175.61663888],[-13587062.2461024,4439175.91177373],[-13587062.7883322,4439176.18498484],[-13587063.3412002,4439176.43591008],[-13587063.9036978,4439176.66406381],[-13587064.4749455,4439176.86920947],[-13587065.0540597,4439177.05085935],[-13587065.6399087,4439177.20865547],[-13587066.2317424,4439177.34261034],[-13587066.8285519,4439177.45223834],[-13587067.4292099,4439177.53743266],[-13587068.0328411,4439177.59820791],[-13587068.6384388,4439177.63420402],[-13587069.2450048,4439177.64556327],[-13587069.8514116,4439177.63217886],[-13587070.2084348,4439177.60499259],[-13587070.5628124,4439177.55398345],[-13587070.912921,4439177.47930419],[-13587071.2573914,4439177.38135449],[-13587071.5944791,4439177.26054031],[-13587071.9228171,4439177.11738691],[-13587072.2409151,4439176.95254726],[-13587072.5474101,4439176.76679777],[-13587072.8409392,4439176.5609149],[-13587073.1200163,4439176.33580275],[-13587073.3835327,4439176.09248475],[-13587073.6302567,4439175.832112],[-13587073.8592045,4439175.55570583],[-13587074.0692735,4439175.26466643],[-13587074.2825815,4439174.92747206],[-13587074.4770648,4439174.57890955],[-13587074.6519918,4439174.22012166],[-13587074.8070061,4439173.85224489],[-13587074.941372,4439173.47617081],[-13587075.0548623,4439173.09328499]]]},"properties":{"NAME":"Crown College Circle","LOT":"111B","F10_MIN":2,"F15_MIN":0,"F20_MIN":0,"F3_HOUR":0,"PERMIT_SPACES":21,"ENFORCEMENT":"Mon-Fri, 7:00am-8:30pm","PERMITS_ACCEPTED":"A, N, MC, ADA, Parkmobile","ObjectId":61}},{"type":"Feature","id":62,"geometry":{"type":"Polygon","coordinates":[[[-13588028.6036984,4439009.07274404],[-13588023.6560555,4439010.49354326],[-13588020.4642431,4438999.28280485],[-13588014.5851087,4439000.97108208],[-13588013.7561915,4438998.517433],[-13588011.3189629,4438989.84751798],[-13588010.6160833,4438987.03049217],[-13588008.0048389,4438987.78037341],[-13588006.5901334,4438982.81147119],[-13588008.3660629,4438982.33637783],[-13588007.0430166,4438977.68952076],[-13588008.8296973,4438977.17656315],[-13588008.7903792,4438977.03854553],[-13588008.8819958,4438977.01213707],[-13588008.7771892,4438976.64408939],[-13588013.358346,4438975.32855906],[-13588013.2011984,4438974.77648664],[-13588018.6985352,4438973.19787392],[-13588017.2838265,4438968.22898002],[-13588062.3621851,4438955.07104641],[-13588064.7897311,4438963.90865207],[-13588067.9966086,4438962.98785148],[-13588067.1057949,4438959.85920358],[-13588093.0283453,4438952.21595027],[-13588094.49543,4438957.36885041],[-13588099.4430403,4438955.94815014],[-13588102.4953013,4438966.66800387],[-13588108.8696499,4438964.63836817],[-13588109.1038506,4438965.41600292],[-13588109.6897595,4438966.62172798],[-13588109.8830085,4438967.2910179],[-13588110.1464585,4438968.11262898],[-13588111.7792823,4438975.74575319],[-13588112.3499083,4438976.08575667],[-13588112.285891,4438976.86111262],[-13588112.8321364,4438978.77985867],[-13588115.443371,4438978.02995168],[-13588116.8581276,4438982.99883681],[-13588114.8882165,4438983.56450655],[-13588116.2113114,4438988.21135246],[-13588114.7714918,4438988.89851083],[-13588109.8959975,4438990.57237966],[-13588110.0531504,4438991.12445144],[-13588104.5558201,4438992.70324083],[-13588105.9705735,4438997.67213436],[-13588083.5012588,4439004.39013086],[-13588060.4122064,4439011.02050374],[-13588059.0440175,4439011.24720942],[-13588055.1725229,4439012.35916874],[-13588050.5846052,4439013.57723343],[-13588049.1523467,4439008.54706823],[-13588030.018418,4439014.04165563],[-13588028.6036984,4439009.07274404]]]},"properties":{"NAME":"Core West Structure","LOT":"112","F10_MIN":0,"F15_MIN":0,"F20_MIN":0,"F3_HOUR":0,"PERMIT_SPACES":458,"ENFORCEMENT":"Mon-Fri, 7:00am-8:30pm","PERMITS_ACCEPTED":"A, N, NC, MC, ADA, Medical, EV charging, Parkmobile","ObjectId":62}},{"type":"Feature","id":67,"geometry":{"type":"Polygon","coordinates":[[[-13588437.8876121,4438725.03782586],[-13588437.6844497,4438725.02767667],[-13588437.4815516,4438725.04088658],[-13588437.2814166,4438725.07728796],[-13588437.0867914,4438725.13658341],[-13588436.9001599,4438725.21772626],[-13588436.7240082,4438725.31979543],[-13588436.5606911,4438725.44149521],[-13588436.412307,4438725.58115738],[-13588436.2807001,4438725.73686677],[-13588436.1677146,4438725.9067082],[-13588436.0749382,4438726.08839399],[-13588436.0033335,4438726.27964696],[-13588435.953982,4438726.4778111],[-13588435.9275899,4438726.6802367],[-13588435.9243675,4438726.88453364],[-13588435.9445146,4438727.08768391],[-13588435.9876163,4438727.28730788],[-13588436.0531264,4438727.48065129],[-13588430.4393785,4438719.0055341],[-13588430.543682,4438719.07261455],[-13588430.657812,4438719.12144183],[-13588430.7783612,4438719.15018911],[-13588430.9020702,4438719.15840874],[-13588431.0253044,4438719.14565941],[-13588431.1448193,4438719.11237251],[-13588431.2570033,4438719.05948805],[-13588431.3587536,4438718.98843993],[-13588431.4473549,4438718.90140919],[-13588431.520092,4438718.80057687],[-13588431.5750145,4438718.68899042],[-13588431.6105492,4438718.56981657],[-13588431.6257484,4438718.4462115],[-13588431.6201745,4438718.3219509],[-13588431.594007,4438718.20029761],[-13588431.5478048,4438718.08475933],[-13588431.4831228,4438717.97857578],[-13588431.4015137,4438717.88486111],[-13588428.4177173,4438713.26785915],[-13588435.6240073,4438708.54819986],[-13588436.8564446,4438710.43675039],[-13588436.9156469,4438710.52933446],[-13588436.9891713,4438710.61074956],[-13588437.0749839,4438710.67902014],[-13588437.1709233,4438710.73204716],[-13588437.2742178,4438710.76862114],[-13588437.3819727,4438710.78766027],[-13588437.4915496,4438710.78845525],[-13588437.5997018,4438710.77131192],[-13588437.7035554,4438710.73640419],[-13588437.8002535,4438710.68491064],[-13588440.2699517,4438708.96798474],[-13588440.3673528,4438708.84613755],[-13588440.4475414,4438708.71214442],[-13588440.508934,4438708.56854419],[-13588440.5504492,4438708.41799286],[-13588440.5712558,4438708.26314224],[-13588440.5711518,4438708.10688474],[-13588440.5500602,4438707.9521107],[-13588440.5082774,4438707.80157858],[-13588440.4465995,4438707.6580384],[-13588437.2167039,4438702.73618109],[-13588450.7684679,4438693.48957525],[-13588454.1308781,4438699.03749759],[-13588454.3129546,4438699.17825889],[-13588454.5093171,4438699.29817982],[-13588454.7174397,4438699.39579556],[-13588454.9350508,4438699.4698882],[-13588455.1595099,4438699.51962288],[-13588455.3879285,4438699.54429453],[-13588455.6176768,4438699.54369615],[-13588455.8460039,4438699.51787401],[-13588456.0701611,4438699.46699996],[-13588456.28741,4438699.39187371],[-13588456.4951355,4438699.29316731],[-13588456.6908597,4438699.17230414],[-13588456.8721028,4438699.03058202],[-13588457.0368915,4438698.86966707],[-13588457.1831358,4438698.69172982],[-13588457.3091165,4438698.49868334],[-13588457.41325,4438698.29306647],[-13588457.4943237,4438698.0771606],[-13588457.5512561,4438697.85362173],[-13588457.5835912,4438697.62509533],[-13588457.5907518,4438697.39448017],[-13588457.6157628,4438681.44145033],[-13588457.6127302,4438681.22959725],[-13588457.5860886,4438681.01952298],[-13588457.53613,4438680.81373481],[-13588457.4635235,4438680.61485929],[-13588457.3690633,4438680.42552088],[-13588457.2541625,4438680.24795678],[-13588457.1201092,4438680.08440632],[-13588456.9686895,4438679.93697481],[-13588456.8016874,4438679.80764201],[-13588456.6212538,4438679.69787905],[-13588456.4297893,4438679.60915289],[-13588456.2296887,4438679.54255373],[-13588456.0232151,4438679.49879716],[-13588455.813384,4438679.47871174],[-13588455.6024483,4438679.48238518],[-13588455.3932837,4438679.50976912],[-13588455.1886349,4438679.56044056],[-13588454.9907462,4438679.63398492],[-13588454.8024746,4438679.72922366],[-13588446.6378739,4438685.44438294],[-13588446.5054097,4438685.60864778],[-13588446.3907999,4438685.78605261],[-13588446.2952613,4438685.97456721],[-13588446.2198835,4438686.17203788],[-13588446.1656335,4438686.37643859],[-13588446.1329716,4438686.58537503],[-13588446.1222352,4438686.79658052],[-13588446.1335095,4438687.00766705],[-13588446.166884,4438687.21649773],[-13588446.2216938,4438687.42069716],[-13588446.297651,4438687.61800921],[-13588446.3937177,4438687.80619035],[-13588449.1366823,4438691.87906388],[-13588424.9791468,4438708.22251268],[-13588421.8529983,4438703.33395104],[-13588421.6890803,4438703.25455841],[-13588421.5159259,4438703.19881021],[-13588421.3365527,4438703.16766059],[-13588421.1547266,4438703.16192549],[-13588420.9739486,4438703.18154604],[-13588420.7974656,4438703.22621641],[-13588420.6288888,4438703.29499661],[-13588420.4715755,4438703.38669968],[-13588420.3283723,4438703.49951923],[-13588420.2022423,4438703.63114443],[-13588420.0953944,4438703.77902592],[-13588420.0101603,4438703.94048671],[-13588419.947984,4438704.11211102],[-13588419.9101905,4438704.29086194],[-13588419.8974715,4438704.47321072],[-13588419.9101394,4438704.65538382],[-13588419.9478895,4438704.83412049],[-13588420.0099131,4438705.00591725],[-13588420.0951534,4438705.16740039],[-13588413.2809635,4438696.78106205],[-13588413.3713207,4438696.87437834],[-13588413.5324646,4438697.00494105],[-13588413.7081551,4438697.11528713],[-13588413.8956099,4438697.20357921],[-13588414.0923095,4438697.26872916],[-13588414.2953612,4438697.30978076],[-13588414.5017537,4438697.32615657],[-13588414.7087299,4438697.31752614],[-13588414.913166,4438697.2840676],[-13588415.1120693,4438697.22633371],[-13588415.3026996,4438697.14499861],[-13588415.482327,4438697.0413643],[-13588415.6482236,4438696.91685838],[-13588415.7980431,4438696.77327883],[-13588415.9296933,4438696.6126706],[-13588416.0413385,4438696.43745116],[-13588416.1311428,4438696.25003797],[-13588416.198027,4438696.05321262],[-13588416.2409118,4438695.84975665],[-13588416.2593452,4438695.64256672],[-13588416.2527523,4438695.43466714],[-13588416.2215563,4438695.22893983],[-13588416.1660617,4438695.02864552],[-13588416.0869378,4438694.83641078],[-13588413.1927746,4438690.5085693],[-13588437.2583405,4438674.02151666],[-13588440.8223848,4438679.03873112],[-13588440.9840442,4438679.1251954],[-13588441.1546318,4438679.19203998],[-13588441.3317572,4438679.23842579],[-13588441.5131572,4438679.26363723],[-13588441.6961997,4438679.26734174],[-13588441.878382,4438679.24945579],[-13588442.0573345,4438679.21039607],[-13588442.2304357,4438679.15045789],[-13588442.3953267,4438679.0706858],[-13588442.5498963,4438678.97199458],[-13588442.6917921,4438678.8558055],[-13588455.9443162,4438669.7348314],[-13588456.2312479,4438669.37578551],[-13588456.4999334,4438669.00260138],[-13588456.7493892,4438668.61630044],[-13588456.9792569,4438668.2178936],[-13588457.188803,4438667.80839807],[-13588457.3775421,4438667.38870129],[-13588457.5449971,4438666.960193],[-13588457.6906803,4438666.52363505],[-13588457.8143605,4438666.08016184],[-13588457.9156857,4438665.63116099],[-13588457.9942955,4438665.17751783],[-13588458.0500857,4438664.72049022],[-13588458.237647,4438661.38013451],[-13588473.2713206,4438661.50057337],[-13588471.8575788,4438707.43960086],[-13588462.9982898,4438707.61851491],[-13588462.8069479,4438707.58216607],[-13588462.6127549,4438707.56985675],[-13588462.4184681,4438707.5819174],[-13588462.2272091,4438707.61804431],[-13588462.0419726,4438707.67781026],[-13588461.8654948,4438707.76028997],[-13588461.7005033,4438707.86405585],[-13588461.5497262,4438707.98768029],[-13588461.4153804,4438708.12911623],[-13588461.2995561,4438708.28619317],[-13588461.2040889,4438708.4564936],[-13588461.1304376,4438708.63748081],[-13588461.0796771,4438708.82612206],[-13588461.0527638,4438709.01976344],[-13588461.0498934,4438709.2151358],[-13588461.0712697,4438709.40947228],[-13588461.1164654,4438709.59963982],[-13588461.1848051,4438709.78263512],[-13588461.2753673,4438709.95571024],[-13588464.7307597,4438715.01118852],[-13588441.4491189,4438731.0269565],[-13588438.8143426,4438725.42431958],[-13588438.6491352,4438725.30513019],[-13588438.4715005,4438725.20574505],[-13588438.2837102,4438725.12738203],[-13588438.088159,4438725.07113139],[-13588437.8876121,4438725.03782586]]]},"properties":{"NAME":"Kresge College","LOT":"143","F10_MIN":0,"F15_MIN":0,"F20_MIN":0,"F3_HOUR":0,"PERMIT_SPACES":48,"ENFORCEMENT":"Daily, 7:00am-8:30pm","PERMITS_ACCEPTED":"A, C143/145, MC, N, NC, ADA, Medical (closed)","ObjectId":67}},{"type":"Feature","id":68,"geometry":{"type":"Polygon","coordinates":[[[-13588447.7176384,4438748.78776853],[-13588441.2542275,4438737.76108029],[-13588441.4465202,4438738.03444101],[-13588441.6565985,4438738.29431348],[-13588441.8835663,4438738.53945669],[-13588442.1262792,4438738.76875936],[-13588442.3838454,4438738.98123162],[-13588442.6549977,4438739.17588988],[-13588442.9384709,4438739.35187615],[-13588443.2331253,4438739.50833032],[-13588443.5374497,4438739.64464975],[-13588443.8503084,4438739.76022547],[-13588444.1196707,4438739.87753763],[-13588444.3981464,4438739.9713329],[-13588444.6835932,4438740.04064246],[-13588444.9738769,4438740.08499973],[-13588445.2669949,4438740.1043128],[-13588445.5605631,4438740.09811932],[-13588445.852583,4438740.0665785],[-13588446.1408102,4438740.01010493],[-13588446.423121,4438739.92885995],[-13588446.6974005,4438739.82350716],[-13588446.9616625,4438739.69495926],[-13588447.2140462,4438739.54412681],[-13588450.5352335,4438736.77633361],[-13588450.7169904,4438736.66537707],[-13588450.8849019,4438736.53417887],[-13588451.0368738,4438736.38465836],[-13588451.1706846,4438736.21861149],[-13588451.2848695,4438736.03819825],[-13588451.3775949,4438735.84596172],[-13588451.4479001,4438735.64430464],[-13588451.494829,4438735.43588093],[-13588451.5176773,4438735.22346586],[-13588451.516241,4438735.0098263],[-13588451.4904412,4438734.79772702],[-13588451.4405739,4438734.58992646],[-13588451.3674377,4438734.38930024],[-13588451.2720746,4438734.19834305],[-13588451.155404,4438734.01967724],[-13588451.019214,4438733.85553373],[-13588450.8652907,4438733.70801787],[-13588449.2400804,4438731.502121],[-13588454.0231188,4438726.85937275],[-13588455.8048769,4438728.93514011],[-13588455.9706823,4438729.02266535],[-13588456.1450512,4438729.09120497],[-13588456.3259663,4438729.13978801],[-13588456.5111687,4438729.16795001],[-13588456.6984012,4438729.17535213],[-13588456.8851568,4438729.16165968],[-13588457.0693163,4438729.12728516],[-13588457.2485101,4438729.07264524],[-13588457.420621,4438728.99827798],[-13588457.5834151,4438728.90522582],[-13588460.376385,4438726.84822834],[-13588460.4784357,4438726.70519998],[-13588460.5603896,4438726.54957176],[-13588460.6209217,4438726.38438062],[-13588460.6588298,4438726.21253584],[-13588460.6735409,4438726.0371873],[-13588460.6646052,4438725.86135723],[-13588460.6323293,4438725.68843195],[-13588460.5772616,4438725.52129129],[-13588460.5003317,4438725.36318548],[-13588460.402959,4438725.21672846],[-13588460.2869423,4438725.08477903],[-13588460.1544469,4438724.96968736],[-13588458.8876317,4438723.30002619],[-13588472.7703008,4438709.98594514],[-13588476.7780444,4438714.0979637],[-13588476.8831742,4438714.19957262],[-13588477.0032527,4438714.28259095],[-13588477.1353687,4438714.34493231],[-13588477.2756165,4438714.38490383],[-13588477.4206034,4438714.4015577],[-13588477.5663177,4438714.39433336],[-13588477.7088854,4438714.36342158],[-13588477.8445678,4438714.30963891],[-13588477.969762,4438714.23442769],[-13588478.0811254,4438714.13985389],[-13588480.0580414,4438712.67099748],[-13588484.6607412,4438718.17670256],[-13588480.7694902,4438721.04968122],[-13588480.6069048,4438721.19272313],[-13588480.4611176,4438721.35306794],[-13588480.3340957,4438721.52867277],[-13588480.2271789,4438721.71737973],[-13588480.141955,4438721.91690111],[-13588480.0793824,4438722.12470858],[-13588480.0402924,4438722.33815033],[-13588480.0250182,4438722.55470856],[-13588480.0338888,4438722.7716143],[-13588480.0667353,4438722.98623256],[-13588480.1231364,4438723.19580701],[-13588480.202423,4438723.39771108],[-13588480.3036801,4438723.58957355],[-13588480.4254902,4438723.76890607],[-13588480.5664403,4438723.9334714],[-13588480.7248715,4438724.08128769],[-13588483.5060754,4438727.03345385],[-13588455.6683505,4438749.32405273],[-13588453.5964968,4438746.99791935],[-13588449.9201,4438749.42073379],[-13588447.7176384,4438748.78776853]]]},"properties":{"NAME":"Kresge College","LOT":"145","F10_MIN":0,"F15_MIN":0,"F20_MIN":0,"F3_HOUR":0,"PERMIT_SPACES":15,"ENFORCEMENT":"Daily, 7:00am-8:30pm","PERMITS_ACCEPTED":"A, ADA, N, MC","ObjectId":68}},{"type":"Feature","id":69,"geometry":{"type":"MultiPolygon","coordinates":[[[[-13588147.8047332,4439063.4232081],[-13588151.4125853,4439051.83788544],[-13588154.4121007,4439052.7801274],[-13588139.247486,4439101.47539236],[-13588139.0754994,4439101.12191024],[-13588138.7915022,4439100.35866852],[-13588138.6438036,4439099.68345567],[-13588138.4908397,4439098.73700304],[-13588138.4725422,4439097.78803836],[-13588138.5921712,4439097.01739235],[-13588138.6230245,4439096.29358382],[-13588138.6995185,4439095.61410483],[-13588138.8649131,4439094.88778635],[-13588139.0760733,4439094.20579531],[-13588139.3232251,4439093.07111219],[-13588139.7057957,4439091.97912576],[-13588140.0383398,4439090.61690253],[-13588140.4052452,4439088.71157226],[-13588140.8274402,4439087.34759304],[-13588141.1608616,4439086.03057696],[-13588141.6665685,4439084.3486468],[-13588142.1257572,4439082.57718089],[-13588142.9117277,4439079.13495485],[-13588147.8047332,4439063.4232081]]],[[[-13588134.8946584,4439114.57964808],[-13588135.6836126,4439113.61574759],[-13588134.8607263,4439126.72067321],[-13588134.6187074,4439139.81108971],[-13588135.2266447,4439152.88963961],[-13588136.6817354,4439165.90047082],[-13588138.9780633,4439178.78853676],[-13588142.1055877,4439191.49898521],[-13588146.0512771,4439203.97764183],[-13588150.7982442,4439216.17165274],[-13588156.8371575,4439228.11749672],[-13588163.7359024,4439239.58400623],[-13588171.4570473,4439250.50899819],[-13588191.0732863,4439275.13111371],[-13588218.2182267,4439308.98793005],[-13588234.4852202,4439329.89581784],[-13588232.3258308,4439331.75040754],[-13588231.5827044,4439330.87766256],[-13588230.2836601,4439329.3252428],[-13588213.3671175,4439307.58247752],[-13588211.0711423,4439304.90783053],[-13588175.4549438,4439263.4154425],[-13588175.2366985,4439263.1610903],[-13588174.4945716,4439262.2877022],[-13588173.7610767,4439261.40688339],[-13588169.4038647,4439256.12060817],[-13588168.6493692,4439255.1954226],[-13588167.9044997,4439254.26241278],[-13588167.1692563,4439253.32157875],[-13588163.5699,4439248.66611392],[-13588162.8091122,4439247.67094013],[-13588162.0591924,4439246.66741881],[-13588162.0032603,4439246.5909781],[-13588161.32027,4439245.65579902],[-13588160.5821726,4439244.63361364],[-13588159.6853964,4439243.37378803],[-13588158.8054319,4439242.10199786],[-13588157.9427816,4439240.81836033],[-13588157.0973244,4439239.52312871],[-13588156.2694397,4439238.21654788],[-13588155.4591337,4439236.89899458],[-13588154.6665315,4439235.57046673],[-13588153.821154,4439234.10715924],[-13588153.0172096,4439232.67581651],[-13588152.3009752,4439231.35894528],[-13588151.6019735,4439230.03286605],[-13588149.7770597,4439226.51559521],[-13588149.0678686,4439225.12587437],[-13588148.3776546,4439223.72653943],[-13588147.7062991,4439222.31796924],[-13588145.1415623,4439216.84044273],[-13588143.6821721,4439213.72378383],[-13588142.9939491,4439212.22605911],[-13588142.3272021,4439210.71855276],[-13588141.6820623,4439209.20163946],[-13588141.058659,4439207.67556827],[-13588140.4572486,4439206.14071174],[-13588139.877708,4439204.59719756],[-13588139.6300897,4439203.92315311],[-13588139.3016039,4439203.00463557],[-13588138.9885357,4439202.08058338],[-13588138.6912665,4439201.15136698],[-13588138.4098007,4439200.21723754],[-13588138.1441422,4439199.27844622],[-13588135.959184,4439191.30044722],[-13588135.5577588,4439189.79464426],[-13588135.1766322,4439188.28347607],[-13588134.8160604,4439186.76731521],[-13588134.4760478,4439185.24641285],[-13588133.9585993,4439182.85684069],[-13588133.6155736,4439181.21502134],[-13588133.2966061,4439179.56827617],[-13588133.0014531,4439177.91698611],[-13588132.7303728,4439176.2616493],[-13588132.4834946,4439174.60251482],[-13588131.709885,4439169.13187094],[-13588131.4931259,4439167.51632303],[-13588131.2990851,4439165.89800727],[-13588131.1281375,4439164.27691735],[-13588130.9799186,4439162.65368749],[-13588130.8548055,4439161.02843698],[-13588130.7525544,4439159.40154674],[-13588130.6734217,4439157.77338933],[-13588130.5924873,4439155.82657566],[-13588130.2745064,4439148.17476703],[-13588130.525294,4439143.77162844],[-13588130.6099604,4439141.19345764],[-13588130.8167643,4439137.98026109],[-13588131.0501595,4439133.81721837],[-13588131.306362,4439130.82905105],[-13588131.7339756,4439127.43088781],[-13588132.0137359,4439125.6626787],[-13588132.4176385,4439123.34985364],[-13588132.7809133,4439121.26381847],[-13588133.1046859,4439119.44965],[-13588133.5656327,4439117.76859202],[-13588134.2473891,4439115.90256461],[-13588134.8946584,4439114.57964808]]]]},"properties":{"NAME":"Heller Extension","LOT":"149","F10_MIN":0,"F15_MIN":0,"F20_MIN":0,"F3_HOUR":0,"PERMIT_SPACES":28,"ENFORCEMENT":"Mon-Fri, 7:00am-8:30pm","PERMITS_ACCEPTED":"A, N","ObjectId":69}},{"type":"Feature","id":70,"geometry":{"type":"Polygon","coordinates":[[[-13588315.4279238,4439445.47145368],[-13588301.0104148,4439451.52262276],[-13588300.6861795,4439450.73290221],[-13588300.2083283,4439449.61940466],[-13588299.712967,4439448.51348737],[-13588299.2002311,4439447.41577614],[-13588296.4200629,4439441.58339702],[-13588298.6876559,4439440.39675714],[-13588293.1733716,4439429.76897272],[-13588289.8888611,4439431.43560371],[-13588288.8481478,4439429.69153751],[-13588288.1431597,4439428.53349506],[-13588287.4177483,4439427.38835777],[-13588286.6724159,4439426.25624278],[-13588283.0936989,4439420.92431414],[-13588282.3438305,4439419.82770026],[-13588274.0753751,4439407.95861324],[-13588273.3076134,4439406.87649563],[-13588272.5211916,4439405.80800718],[-13588271.7164891,4439404.75339274],[-13588270.8936352,4439403.71290136],[-13588270.0528882,4439402.68703116],[-13588258.9520148,4439389.37671117],[-13588262.8190599,4439385.89542467],[-13588262.9822118,4439385.73302264],[-13588263.1283418,4439385.55495306],[-13588263.2558558,4439385.363127],[-13588263.3636598,4439385.1594471],[-13588263.4505346,4439384.94581812],[-13588263.5156448,4439384.72464087],[-13588263.5582734,4439384.49793727],[-13588263.5780851,4439384.26809971],[-13588263.5748696,4439384.03751846],[-13588263.5486625,4439383.80832845],[-13588263.4996284,4439383.58291364],[-13588263.4283074,4439383.36365174],[-13588263.3354853,4439383.15266503],[-13588263.222073,4439382.95207372],[-13588263.0892293,4439382.76386824],[-13588262.9381132,4439382.59003901],[-13588259.6341259,4439379.15197793],[-13588256.9194131,4439375.99281331],[-13588254.2188814,4439372.82135137],[-13588251.5327829,4439369.6377135],[-13588248.8609926,4439366.44190183],[-13588245.9975771,4439363.02809618],[-13588243.1188692,4439359.6272352],[-13588240.2248729,4439356.23957003],[-13588237.3155904,4439352.86522622],[-13588236.4909783,4439352.02663493],[-13588235.6834756,4439351.1714259],[-13588234.8934639,4439350.29996959],[-13588234.1211975,4439349.41251297],[-13588233.3670597,4439348.50955207],[-13588232.6314299,4439347.59133176],[-13588231.9145646,4439346.65822462],[-13588231.216597,4439345.71073086],[-13588230.5380338,4439344.74921885],[-13588253.1836861,4439346.58921911],[-13588253.0487631,4439347.04961426],[-13588252.9373345,4439347.51627248],[-13588252.8497565,4439347.9880572],[-13588252.7861333,4439348.46371053],[-13588252.7469462,4439348.9420938],[-13588252.7319221,4439349.4218298],[-13588252.7412902,4439349.90165851],[-13588252.7749046,4439350.3803262],[-13588252.8328714,4439350.85670052],[-13588252.9149196,4439351.32952985],[-13588253.0322144,4439351.74071673],[-13588253.6469544,4439353.5787318],[-13588253.852409,4439354.10124261],[-13588254.07811,4439354.61524815],[-13588254.3235447,4439355.1200033],[-13588254.5884505,4439355.61475877],[-13588254.8723147,4439356.09876945],[-13588255.1748746,4439356.57128606],[-13588255.4954924,4439357.0315656],[-13588255.8337804,4439357.47886085],[-13588256.1522026,4439357.91995774],[-13588256.9145404,4439358.90204505],[-13588257.6605774,4439359.89671682],[-13588258.3901801,4439360.90347285],[-13588258.7570806,4439361.37892839],[-13588262.0137257,4439365.58706456],[-13588266.903975,4439371.780535],[-13588267.0070468,4439371.89349267],[-13588267.125967,4439371.98922561],[-13588267.2581951,4439372.06538976],[-13588267.4004526,4439372.12040716],[-13588267.5494632,4439372.15282545],[-13588267.7017132,4439372.16194993],[-13588267.8534448,4439372.14746691],[-13588268.0011631,4439372.10981194],[-13588268.1415044,4439372.04979526],[-13588273.7217053,4439369.13540799],[-13588277.2238503,4439373.37107353],[-13588278.2323637,4439374.60176832],[-13588285.0034294,4439382.99298165],[-13588285.1621887,4439383.20512135],[-13588284.8048825,4439383.49338957],[-13588281.3230768,4439386.62075015],[-13588281.1947902,4439386.75116206],[-13588281.0840193,4439386.89685634],[-13588280.9926,4439387.0554154],[-13588280.9218682,4439387.22443003],[-13588280.8731511,4439387.40098872],[-13588280.8470302,4439387.58244371],[-13588280.8440783,4439387.76564491],[-13588280.8642494,4439387.9478295],[-13588280.9072432,4439388.12598768],[-13588280.9723842,4439388.29711595],[-13588281.0586303,4439388.45871946],[-13588281.1645579,4439388.6079329],[-13588281.2885015,4439388.74239751],[-13588281.4284271,4439388.86013758],[-13588281.5820481,4439388.959056],[-13588281.7469615,4439389.03756011],[-13588281.9203955,4439389.0944403],[-13588282.0997072,4439389.12873604],[-13588282.2818873,4439389.13999541],[-13588282.4639304,4439389.12801767],[-13588282.6430856,4439389.09284906],[-13588282.8163622,4439389.03516791],[-13588289.5425554,4439397.38996087],[-13588289.4330541,4439397.57432455],[-13588289.3451281,4439397.7698826],[-13588289.2796131,4439397.97423423],[-13588289.2375883,4439398.18459767],[-13588289.219387,4439398.39845499],[-13588289.2253385,4439398.61303702],[-13588289.2553945,4439398.82545537],[-13588289.3091381,4439399.03320464],[-13588289.385773,4439399.23353464],[-13588289.4845049,4439399.42382072],[-13588289.6040437,4439399.60169777],[-13588289.7428512,4439399.76493055],[-13588289.899016,4439399.91141563],[-13588290.0706312,4439400.03930078],[-13588290.2555416,4439400.14686356],[-13588290.4514735,4439400.23276037],[-13588290.6556569,4439400.29590719],[-13588290.8657013,4439400.33546485],[-13588291.0788475,4439400.35097724],[-13588291.2923401,4439400.34223943],[-13588291.5035553,4439400.30942113],[-13588295.81449,4439397.21007697],[-13588297.8216374,4439399.80617216],[-13588298.3312631,4439400.48461603],[-13588298.8218577,4439401.17694654],[-13588302.6868753,4439406.79347388],[-13588303.0240492,4439407.29379956],[-13588303.3512012,4439407.80070021],[-13588307.9639818,4439416.09868205],[-13588306.7982069,4439416.9758722],[-13588307.5728129,4439418.498544],[-13588308.8345567,4439420.82126069],[-13588310.9083408,4439424.63863619],[-13588307.1587508,4439426.28834089],[-13588307.0028734,4439426.3693466],[-13588306.858314,4439426.46900493],[-13588306.7271773,4439426.58602433],[-13588306.6114307,4439426.71836184],[-13588306.5130455,4439426.86422565],[-13588306.4334827,4439427.02120447],[-13588306.3738257,4439427.18676772],[-13588306.3350373,4439427.35863807],[-13588306.3179446,4439427.53391239],[-13588306.3225059,4439427.710079],[-13588306.348923,4439427.88424529],[-13588306.3965248,4439428.0536589],[-13588306.4647712,4439428.21594216],[-13588307.7033687,4439430.55324506],[-13588307.772068,4439430.6601228],[-13588307.8574371,4439430.7540329],[-13588307.9571835,4439430.8325015],[-13588308.0685184,4439430.89331432],[-13588308.1882864,4439430.93476573],[-13588308.3132154,4439430.95565452],[-13588308.4399207,4439430.95553511],[-13588308.564774,4439430.93434284],[-13588308.6845344,4439430.89276027],[-13588314.5024946,4439428.3062246],[-13588317.2971498,4439434.07679489],[-13588317.7253823,4439434.95232229],[-13588318.1379783,4439435.83527283],[-13588318.5349336,4439436.72539533],[-13588321.1815823,4439443.05658211],[-13588315.4279238,4439445.47145368]]]},"properties":{"NAME":"North Perimeter","LOT":"150A","F10_MIN":0,"F15_MIN":0,"F20_MIN":0,"F3_HOUR":0,"PERMIT_SPACES":15,"ENFORCEMENT":"Mon-Fri, 7:00am-8:30pm","PERMITS_ACCEPTED":"A, MC, N, Medical, Parkmobile","ObjectId":70}},{"type":"Feature","id":71,"geometry":{"type":"Polygon","coordinates":[[[-13586748.3999065,4436275.89695861],[-13586737.579682,4436282.2593933],[-13586730.3807996,4436270.98933061],[-13586734.9885444,4436268.78726391],[-13586732.9371172,4436265.0327764],[-13586729.6845805,4436266.82523271],[-13586728.3690215,4436267.53833818],[-13586727.9178456,4436266.76461264],[-13586716.2928645,4436246.82395142],[-13586723.6549568,4436245.04821272],[-13586739.0751719,4436242.14342243],[-13586739.578524,4436242.01799844],[-13586741.525049,4436249.43841707],[-13586742.945676,4436249.03035494],[-13586743.2292264,4436250.40576473],[-13586744.4763742,4436256.45456382],[-13586744.910072,4436258.94137584],[-13586743.8353727,4436259.30763566],[-13586742.8227757,4436259.82267906],[-13586742.417662,4436260.08171788],[-13586742.0542443,4436260.39720156],[-13586741.7405405,4436260.76246637],[-13586741.4830494,4436261.16974366],[-13586741.2872535,4436261.61027705],[-13586741.214117,4436262.33810598],[-13586741.2608093,4436263.06820907],[-13586741.4261278,4436263.78076454],[-13586741.705751,4436264.45637934],[-13586742.0918737,4436265.07672303],[-13586747.7747393,4436274.82461105],[-13586748.3999065,4436275.89695861]]]},"properties":{"NAME":"Cardiff House","LOT":"151","F10_MIN":0,"F15_MIN":0,"F20_MIN":0,"F3_HOUR":0,"PERMIT_SPACES":14,"ENFORCEMENT":"Mon-Fri, 7:00am-5:00pm","PERMITS_ACCEPTED":"A, MC, N, ADA","ObjectId":71}},{"type":"Feature","id":72,"geometry":{"type":"Polygon","coordinates":[[[-13586929.0036888,4439424.37798535],[-13586928.9128799,4439421.38902459],[-13587020.4687283,4439418.58426043],[-13587028.8227579,4439417.99537444],[-13587037.1969467,4439418.07692261],[-13587045.5380355,4439418.8283863],[-13587053.7929756,4439420.24498641],[-13587053.4370943,4439422.26232804],[-13587052.9075995,4439422.20018778],[-13587050.6035175,4439421.92998456],[-13587048.5084239,4439421.76432607],[-13587046.4116869,4439421.62030096],[-13587044.3136837,4439421.49802857],[-13587042.2145394,4439421.39750679],[-13587040.114379,4439421.31873355],[-13587038.0135776,4439421.26170259],[-13587035.9123853,4439421.22640973],[-13587033.8108042,4439421.21298055],[-13587031.4373065,4439421.18499309],[-13587029.0636681,4439421.17873944],[-13587026.690143,4439421.1944666],[-13587024.3168522,4439421.23192131],[-13587021.9439207,4439421.29110149],[-13587019.5716028,4439421.37225414],[-13587017.2002694,4439421.47512182],[-13587014.8297954,4439421.59970664],[-13587012.4606851,4439421.74625141],[-13587010.5759132,4439421.8791896],[-13586930.3008718,4439424.33826921],[-13586929.0036888,4439424.37798535]]]},"properties":{"NAME":"Crown-Merrill Apartments","LOT":"155","F10_MIN":0,"F15_MIN":0,"F20_MIN":0,"F3_HOUR":0,"PERMIT_SPACES":13,"ENFORCEMENT":"Daily, 7:00am-8:30pm","PERMITS_ACCEPTED":"A, N, NC, C 152-155, MC","ObjectId":72}},{"type":"Feature","id":74,"geometry":{"type":"Polygon","coordinates":[[[-13587033.3215602,4436439.1406773],[-13587039.6267897,4436440.18080657],[-13587039.9390096,4436438.17631585],[-13587044.2762225,4436438.85783212],[-13587050.8202198,4436439.88618496],[-13587043.9443512,4436484.0201107],[-13587048.7984919,4436484.78292209],[-13587047.1922607,4436495.09326231],[-13587003.7552254,4436488.26752126],[-13587005.1989482,4436479.00124408],[-13587021.9907149,4436481.64008739],[-13587021.9775965,4436481.72394487],[-13587021.8495115,4436482.54576528],[-13587021.7082101,4436483.45307747],[-13587023.4291861,4436483.72350935],[-13587023.617296,4436482.51627626],[-13587023.7452558,4436481.6944579],[-13587024.6618334,4436475.81178107],[-13587026.7314663,4436462.52795724],[-13587027.2828962,4436458.98836093],[-13587027.6254262,4436456.79008882],[-13587028.0990834,4436453.74985475],[-13587028.2238807,4436452.9485614],[-13587030.4455469,4436438.68870957],[-13587033.3215602,4436439.1406773]]]},"properties":{"NAME":"Hay Barn","LOT":"170","F10_MIN":0,"F15_MIN":0,"F20_MIN":0,"F3_HOUR":0,"PERMIT_SPACES":22,"ENFORCEMENT":"Mon-Fri, 7:00am-5:00pm","PERMITS_ACCEPTED":"A, ADA","ObjectId":74}},{"type":"Feature","id":76,"geometry":{"type":"Polygon","coordinates":[[[-13588256.8428297,4432146.05068573],[-13588256.0551281,4432144.91966225],[-13588255.1054093,4432143.92201833],[-13588254.0157413,4432143.08093549],[-13588252.8114441,4432142.41595733],[-13588251.520501,4432141.94253545],[-13588250.1729087,4432141.6716704],[-13588248.7999803,4432141.60965604],[-13588248.697314,4432141.55745014],[-13588248.5886869,4432141.51930437],[-13588248.4759981,4432141.49588565],[-13588248.3612179,4432141.48760344],[-13588247.3920708,4432141.48354846],[-13588243.6756158,4432141.46827798],[-13588243.6505008,4432147.6226638],[-13588205.549525,4432147.46552779],[-13588178.3246339,4432132.27604781],[-13588180.8506486,4432127.43441506],[-13588179.1937427,4432123.62146431],[-13588179.2013133,4432117.03417753],[-13588179.2291503,4432093.03066934],[-13588179.2322293,4432090.34775767],[-13588178.3675068,4432090.34671295],[-13588171.4219816,4432090.3385674],[-13588171.4255956,4432087.22218725],[-13588170.0873904,4432087.22068203],[-13588170.7965421,4432056.29242413],[-13588184.7652332,4432056.1474801],[-13588185.6145388,4432056.13861512],[-13588185.8044815,4432056.13580191],[-13588186.8047532,4432056.12540582],[-13588198.3509958,4432056.00555911],[-13588202.1797124,4432052.8785483],[-13588202.7580194,4432052.59542245],[-13588203.3735569,4432052.40746129],[-13588204.010911,4432052.31937161],[-13588204.6541214,4432052.33335929],[-13588215.6354756,4432052.36119053],[-13588224.1456118,4432052.38269278],[-13588227.1502527,4432052.37113725],[-13588235.7451049,4432052.36836031],[-13588237.4249423,4432052.57784242],[-13588239.0431276,4432053.07680846],[-13588240.5505933,4432053.85012857],[-13588241.901629,4432054.87435373],[-13588243.5361223,4432055.80243865],[-13588244.0807565,4432056.34512409],[-13588245.5800073,4432056.47019856],[-13588252.4424347,4432056.49600913],[-13588256.9467175,4432056.51285271],[-13588256.8428297,4432146.05068573]]]},"properties":{"NAME":"Seymour Center","LOT":"201","F10_MIN":0,"F15_MIN":0,"F20_MIN":0,"F3_HOUR":0,"PERMIT_SPACES":75,"ENFORCEMENT":"Mon-Fri, 8:00am-5:00pm","PERMITS_ACCEPTED":"A, ADA, MC, Parkmobile","ObjectId":76}},{"type":"Feature","id":77,"geometry":{"type":"Polygon","coordinates":[[[-13588258.5168448,4432015.40385456],[-13588252.1215131,4432015.43635602],[-13588251.958045,4431983.29703017],[-13588259.3530847,4431983.25940719],[-13588258.5168448,4432015.40385456]]]},"properties":{"NAME":"Seymour Center 2","LOT":"202","F10_MIN":0,"F15_MIN":0,"F20_MIN":1,"F3_HOUR":0,"PERMIT_SPACES":6,"ENFORCEMENT":"Daily, 24 hours","PERMITS_ACCEPTED":"A, (Long Marine Lab Staff Only), ADA","ObjectId":77}},{"type":"Feature","id":78,"geometry":{"type":"Polygon","coordinates":[[[-13588303.7389762,4432134.17922228],[-13588304.2685012,4432168.45180562],[-13588304.2573914,4432169.35293892],[-13588304.2518566,4432169.8084638],[-13588301.2572657,4432169.90761955],[-13588298.2627998,4432170.00677233],[-13588298.1413165,4432170.05224818],[-13588298.0294061,4432170.11798686],[-13588297.930389,4432170.20203789],[-13588297.8472029,4432170.3019075],[-13588297.7823161,4432170.41463253],[-13588297.7376536,4432170.53686843],[-13588297.7145408,4432170.66498848],[-13588297.7115702,4432170.73617682],[-13588297.7152873,4432170.80732979],[-13588297.7892924,4432178.48277797],[-13588297.8011356,4432178.60733786],[-13588297.8332008,4432178.72824938],[-13588297.8846159,4432178.84222446],[-13588297.9539829,4432178.94616365],[-13588298.0394153,4432179.03724043],[-13588298.1385899,4432179.11297807],[-13588298.2488097,4432179.17131694],[-13588298.3670775,4432179.21067059],[-13588298.490177,4432179.22996883],[-13588298.6147607,4432179.22868686],[-13588298.7374406,4432179.20685955],[-13588288.8796038,4432191.06048067],[-13588288.7666287,4432186.04232599],[-13588282.3949152,4432186.18579552],[-13588281.4445479,4432146.59753344],[-13588287.2369807,4432146.46706234],[-13588287.197917,4432144.72997652],[-13588287.233002,4432144.57022409],[-13588287.2421642,4432144.40689084],[-13588287.225167,4432144.24419166],[-13588287.1824491,4432144.08632509],[-13588287.1151128,4432143.93736492],[-13588287.0248959,4432143.80115515],[-13588286.9141263,4432143.68121071],[-13588286.7856626,4432143.58062684],[-13588284.5379201,4432142.30849706],[-13588282.1358454,4432141.36271406],[-13588279.6261352,4432140.76166392],[-13588277.0575786,4432140.51703105],[-13588268.9386964,4432140.31362875],[-13588269.0860999,4432146.88891237],[-13588275.0717012,4432146.75407272],[-13588276.1219933,4432190.78150165],[-13588268.9779736,4432190.94233306],[-13588268.0632807,4432131.73955766],[-13588270.2148419,4432131.92949118],[-13588281.1358907,4432132.89410929],[-13588300.7026185,4432134.00654948],[-13588302.2208598,4432134.09288494],[-13588303.7389762,4432134.17922228]]]},"properties":{"NAME":"Ocean Health Building","LOT":"203","F10_MIN":0,"F15_MIN":0,"F20_MIN":0,"F3_HOUR":0,"PERMIT_SPACES":29,"ENFORCEMENT":"Mon-Fri, 8:00am-5:00pm","PERMITS_ACCEPTED":"A, ADA","ObjectId":78}},{"type":"Feature","id":79,"geometry":{"type":"Polygon","coordinates":[[[-13588329.814268,4432593.07872237],[-13588329.8005721,4432599.96067115],[-13588330.0395881,4432607.5980056],[-13588348.5584302,4432607.63598024],[-13588348.5443534,4432614.52434758],[-13588270.9141689,4432614.36330826],[-13588270.958322,4432592.95651496],[-13588329.814268,4432593.07872237]]]},"properties":{"NAME":"Conservation Annex","LOT":"204","F10_MIN":0,"F15_MIN":0,"F20_MIN":1,"F3_HOUR":0,"PERMIT_SPACES":37,"ENFORCEMENT":"Mon-Fri, 8:00am-5:00pm","PERMITS_ACCEPTED":"A, ADA","ObjectId":79}},{"type":"Feature","id":80,"geometry":{"type":"Polygon","coordinates":[[[-13588131.7853579,4432508.71922208],[-13588130.5563828,4432506.88743822],[-13588129.653621,4432504.87342273],[-13588129.103282,4432502.73485914],[-13588128.9211475,4432500.53374868],[-13588128.9370369,4432492.88204179],[-13588129.0127223,4432490.83553401],[-13588129.4072746,4432488.82635578],[-13588130.1110218,4432486.90425623],[-13588131.1063817,4432485.11685757],[-13588132.3687177,4432483.50851091],[-13588133.8666951,4432482.11916049],[-13588135.5632599,4432480.98307192],[-13588137.4163841,4432480.12856856],[-13588139.3801678,4432479.5766322],[-13588141.4057179,4432479.34113939],[-13588141.5939862,4432479.31236912],[-13588141.7748656,4432479.25271549],[-13588141.9433804,4432479.16364291],[-13588142.0948218,4432479.04761565],[-13588142.2249974,4432478.90809355],[-13588142.3303438,4432478.748777],[-13588142.4078081,4432478.57398549],[-13588142.4553514,4432478.38890023],[-13588142.4715537,4432478.19831544],[-13588142.4831707,4432472.62594984],[-13588233.7421958,4432472.81659975],[-13588233.7300328,4432478.6534802],[-13588233.7437749,4432478.83314266],[-13588233.7851919,4432479.00832308],[-13588233.85359,4432479.17489042],[-13588233.9469009,4432479.32873673],[-13588234.0631833,4432479.46587746],[-13588234.1993857,4432479.58322546],[-13588234.3520798,4432479.67757439],[-13588234.5177311,4432479.74684949],[-13588234.6920596,4432479.78923964],[-13588234.8707976,4432479.80368667],[-13588237.1751922,4432480.00952098],[-13588239.4094479,4432480.61222305],[-13588241.5063918,4432481.59383992],[-13588243.4027805,4432482.92467784],[-13588245.0414471,4432484.56464708],[-13588246.3733219,4432486.46448329],[-13588247.3580756,4432488.56686648],[-13588247.9661565,4432490.80864641],[-13588248.1791887,4432493.12221679],[-13588248.1614768,4432501.70242349],[-13588248.2151119,4432502.33347283],[-13588248.376929,4432502.94550631],[-13588248.64212,4432503.5200253],[-13588249.0026445,4432504.03958974],[-13588249.4474923,4432504.488567],[-13588249.9630562,4432504.85300004],[-13588250.5339064,4432505.12210084],[-13588251.1425311,4432505.28762711],[-13588251.7705956,4432505.34448878],[-13588252.9173558,4432505.34593677],[-13588252.9039967,4432513.82703199],[-13588252.3113405,4432513.80974718],[-13588251.7186843,4432513.79246233],[-13588250.8677329,4432513.78730003],[-13588141.3187669,4432513.55665073],[-13588139.1374794,4432513.27503757],[-13588137.0349653,4432512.62691567],[-13588135.0720333,4432511.63084793],[-13588133.3051622,4432510.31563851],[-13588131.7853579,4432508.71922208]],[[-13588233.687845,4432499.21439398],[-13588233.6755787,4432505.06761051],[-13588233.6756632,4432505.08769492],[-13588233.6761226,4432505.10777304],[-13588233.6769548,4432505.12771936],[-13588233.678164,4432505.14778489],[-13588233.679621,4432505.1677207],[-13588233.6815779,4432505.18764813],[-13588233.6837846,4432505.20757137],[-13588233.6863663,4432505.22748829],[-13588233.6891958,4432505.24727553],[-13588233.6925252,4432505.26705436],[-13588233.6961024,4432505.28670349],[-13588233.7000545,4432505.30634633],[-13588233.7042545,4432505.32585947],[-13588233.7089542,4432505.34536421],[-13588233.713904,4432505.36486475],[-13588233.7190994,4432505.38411009],[-13588233.7247947,4432505.40334704],[-13588233.7307379,4432505.42245428],[-13588233.7370538,4432505.44142973],[-13588233.7436197,4432505.46040098],[-13588233.7505563,4432505.47911492],[-13588233.7578678,4432505.49782258],[-13588233.765425,4432505.51627502],[-13588233.7733571,4432505.53472118],[-13588233.78166,4432505.55291003],[-13588233.7902127,4432505.57109469],[-13588233.7990112,4432505.58902414],[-13588233.8081825,4432505.60682179],[-13588233.8177246,4432505.62436214],[-13588233.8275165,4432505.6418983],[-13588233.8375542,4432505.65917926],[-13588233.8479626,4432505.67620291],[-13588233.8586188,4432505.69309686],[-13588233.8696478,4432505.70985902],[-13588233.8807977,4432505.72636807],[-13588233.8924452,4432505.74274323],[-13588233.9042136,4432505.75886528],[-13588233.9163548,4432505.77485554],[-13588233.9287396,4432505.79046509],[-13588233.9413723,4432505.80594495],[-13588233.9542528,4432505.8212951],[-13588233.9675019,4432505.83626245],[-13588233.9809988,4432505.8511001],[-13588233.9946166,4432505.86568465],[-13588234.0086029,4432505.8798864],[-13588234.0228371,4432505.89395845],[-13588234.0371921,4432505.9077774],[-13588234.0519178,4432505.92133905],[-13588234.0667643,4432505.93464759],[-13588234.0819814,4432505.94769883],[-13588234.0973194,4432505.96049698],[-13588234.1129031,4432505.97303992],[-13588234.1287305,4432505.98520216],[-13588234.1446807,4432505.9972368],[-13588234.1608746,4432506.00889074],[-13588234.1773143,4432506.02028947],[-13588234.1939976,4432506.0313075],[-13588234.2108017,4432506.04207244],[-13588234.2277265,4432506.05258426],[-13588234.2448971,4432506.0628409],[-13588234.2621864,4432506.07271892],[-13588234.2797215,4432506.08234175],[-13588234.2973752,4432506.09158596],[-13588234.3152747,4432506.10057498],[-13588234.333295,4432506.1093109],[-13588234.3514319,4432506.11754271],[-13588234.3696916,4432506.12564693],[-13588234.3880701,4432506.13337253],[-13588234.4065672,4432506.14071954],[-13588234.4253101,4432506.14781135],[-13588234.4440467,4432506.15452665],[-13588234.462902,4432506.16086334],[-13588234.4820031,4432506.16694484],[-13588234.5010979,4432506.17264983],[-13588234.5203134,4432506.17810172],[-13588234.5396477,4432506.18317501],[-13588234.5589757,4432506.18787179],[-13588234.5784224,4432506.19218996],[-13588234.5979899,4432506.19625504],[-13588234.617551,4432506.19994362],[-13588234.6372309,4432506.20325359],[-13588234.6569066,4432506.20631256],[-13588234.6767011,4432506.20899292],[-13588234.6964892,4432506.21129678],[-13588234.716396,4432506.21322204],[-13588234.7362966,4432506.21477079],[-13588234.7561929,4432506.21606854],[-13588234.776083,4432506.21698978],[-13588234.7960918,4432506.21753243],[-13588234.8159715,4432506.21782617],[-13588234.8359677,4432506.2176158],[-13588234.8558349,4432506.21715653],[-13588234.8758207,4432506.21631865],[-13588234.8956752,4432506.21510637],[-13588234.9156506,4432506.213641],[-13588234.9354947,4432506.21180121],[-13588234.9553325,4432506.20958493],[-13588234.9750392,4432506.20699423],[-13588234.9947395,4432506.20402703],[-13588235.0057091,4432506.20221078],[-13588235.1039212,4432506.18499447],[-13588235.2018541,4432506.16602532],[-13588235.2995078,4432506.14530336],[-13588235.3966324,4432506.12283277],[-13588235.4934799,4432506.09873487],[-13588235.5897982,4432506.07288834],[-13588235.6857145,4432506.04541659],[-13588235.7811017,4432506.01619622],[-13588235.8759619,4432505.98535272],[-13588235.970295,4432505.9528861],[-13588236.0641011,4432505.91879636],[-13588236.1572531,4432505.8829601],[-13588236.2497532,4432505.84550281],[-13588236.3416033,4432505.80655001],[-13588236.4326744,4432505.76585277],[-13588236.5230956,4432505.72366002],[-13588236.6128648,4432505.67984625],[-13588236.7017321,4432505.63441565],[-13588236.7898245,4432505.58749163],[-13588236.877142,4432505.53907419],[-13588236.9635576,4432505.48903992],[-13588237.0490755,4432505.43763984],[-13588237.1336915,4432505.38462293],[-13588237.2174077,4432505.3301147],[-13588237.3002261,4432505.27424064],[-13588237.3818947,4432505.21687947],[-13588237.4626657,4432505.15815246],[-13588237.5424118,4432505.09793625],[-13588237.6210102,4432505.0363584],[-13588237.698586,4432504.97341684],[-13588237.7751391,4432504.90911155],[-13588237.8504195,4432504.84344674],[-13588237.9246793,4432504.77654371],[-13588237.9976665,4432504.70828116],[-13588238.0695081,4432504.63878249],[-13588238.1400792,4432504.5680498],[-13588238.2093797,4432504.49608308],[-13588238.2775347,4432504.42288025],[-13588238.3442962,4432504.34857099],[-13588238.4097872,4432504.27302771],[-13588238.4740098,4432504.19637592],[-13588238.536839,4432504.1186177],[-13588238.5983997,4432504.03975096],[-13588238.6584441,4432503.95990541],[-13588238.7172201,4432503.87895133],[-13588238.7744777,4432503.79689293],[-13588238.830346,4432503.71397911],[-13588238.884696,4432503.62996098],[-13588238.9376568,4432503.54508742],[-13588238.9891034,4432503.45936055],[-13588239.0391586,4432503.37265276],[-13588239.0875747,4432503.28509375],[-13588239.1344766,4432503.19668142],[-13588239.1798664,4432503.10754128],[-13588239.223617,4432503.01754992],[-13588239.2658555,4432502.92683074],[-13588239.306582,4432502.83538374],[-13588239.3456713,4432502.74321103],[-13588239.3831257,4432502.65043809],[-13588239.418943,4432502.55693944],[-13588239.4531253,4432502.46284058],[-13588239.4857977,4432502.3681394],[-13588239.5167121,4432502.2729656],[-13588239.5459916,4432502.1771916],[-13588239.5735133,4432502.08094497],[-13588239.599402,4432501.98422363],[-13588239.62366,4432501.88715308],[-13588239.646283,4432501.78948231],[-13588239.6670273,4432501.69159203],[-13588239.6862638,4432501.59322493],[-13588239.7036215,4432501.49463833],[-13588239.7193485,4432501.39570251],[-13588239.7333219,4432501.29654507],[-13588239.7455415,4432501.19716602],[-13588239.7561325,4432501.09756327],[-13588239.7649719,4432500.9978644],[-13588239.7720576,4432500.89794392],[-13588239.7773917,4432500.79792732],[-13588239.7809742,4432500.69781462],[-13588239.7828052,4432500.5976058],[-13588239.7830629,4432500.55303605],[-13588239.7988166,4432492.92806913],[-13588239.7981483,4432492.82790238],[-13588239.7957305,4432492.72776501],[-13588239.7915632,4432492.62765703],[-13588239.7856485,4432492.52770395],[-13588239.7781093,4432492.42777815],[-13588239.7686999,4432492.32813485],[-13588239.7576659,4432492.22851884],[-13588239.7447616,4432492.12918532],[-13588239.730237,4432492.03013009],[-13588239.7140921,4432491.93135315],[-13588239.6960769,4432491.83285872],[-13588239.6764413,4432491.73464257],[-13588239.6549376,4432491.63683441],[-13588239.6319385,4432491.53930245],[-13588239.6071982,4432491.44230188],[-13588239.5807148,4432491.34570721],[-13588239.5526152,4432491.24964184],[-13588239.5227744,4432491.15410785],[-13588239.4913175,4432491.05910317],[-13588239.4582423,4432490.96450227],[-13588239.4235552,4432490.87068167],[-13588239.3871269,4432490.77739247],[-13588239.3492096,4432490.68475597],[-13588239.3095552,4432490.59290186],[-13588239.2684097,4432490.50157495],[-13588239.2256543,4432490.41115384],[-13588239.1814098,4432490.32138543],[-13588239.1355554,4432490.23252281],[-13588239.0880869,4432490.14431499],[-13588239.0391356,4432490.05713637],[-13588238.9886973,4432489.97073595],[-13588238.9367719,4432489.88511373],[-13588238.8833658,4432489.8006462],[-13588238.8284727,4432489.71695688],[-13588238.7722217,4432489.63429466],[-13588238.7144879,4432489.55266164],[-13588238.6552691,4432489.47193231],[-13588238.5946946,4432489.39235559],[-13588238.5327643,4432489.31393148],[-13588238.469601,4432489.23653236],[-13588238.404955,4432489.16016244],[-13588238.3389552,4432489.08507063],[-13588238.2718475,4432489.01100172],[-13588238.2032611,4432488.93821301],[-13588238.133571,4432488.8666982],[-13588238.0625251,4432488.796336],[-13588237.9903754,4432488.7272477],[-13588237.916997,4432488.65943541],[-13588237.8423898,4432488.59289911],[-13588237.7666789,4432488.52763673],[-13588237.6898663,4432488.46377375],[-13588237.611952,4432488.40131017],[-13588237.532934,4432488.34012049],[-13588237.4529414,4432488.28045363],[-13588237.3718449,4432488.22206067],[-13588237.2897739,4432488.16519052],[-13588237.2067261,4432488.10971766],[-13588237.1227037,4432488.05576763],[-13588237.0378296,4432488.00321279],[-13588236.9519809,4432487.95218077],[-13588236.8652824,4432487.90266944],[-13588236.7777344,4432487.85467883],[-13588236.6893387,4432487.80833443],[-13588236.6002163,4432487.76338313],[-13588236.5102463,4432487.72007805],[-13588236.4196786,4432487.67841496],[-13588236.3282613,4432487.63827259],[-13588236.2362464,4432487.59977223],[-13588236.1435067,4432487.56279048],[-13588236.0501715,4432487.52757624],[-13588235.9562387,4432487.49400401],[-13588235.8617061,4432487.46194829],[-13588235.7667029,4432487.43165798],[-13588235.6711021,4432487.40300968],[-13588235.5750286,4432487.37600129],[-13588235.4784846,4432487.35075831],[-13588235.3815928,4432487.32715315],[-13588235.2842304,4432487.30531339],[-13588235.1866452,4432487.28510936],[-13588235.0885895,4432487.26667073],[-13588235.0448373,4432487.25899476],[-13588235.0251595,4432487.25581029],[-13588235.005363,4432487.25300444],[-13588234.9855708,4432487.25044958],[-13588234.9657848,4432487.24827122],[-13588234.9458801,4432487.24647147],[-13588234.9259816,4432487.24504822],[-13588234.9060874,4432487.24387597],[-13588234.8862015,4432487.24320574],[-13588234.8661948,4432487.2427886],[-13588234.8463194,4432487.24274586],[-13588234.8263232,4432487.24295624],[-13588234.8064603,4432487.2436665],[-13588234.7864766,4432487.24462987],[-13588234.7666242,4432487.24596765],[-13588234.746778,4432487.24768193],[-13588234.726936,4432487.24964722],[-13588234.7071024,4432487.2521145],[-13588234.6872729,4432487.25483279],[-13588234.6675726,4432487.25779998],[-13588234.6480056,4432487.26126708],[-13588234.6283178,4432487.26498727],[-13588234.6088863,4432487.26907978],[-13588234.589336,4432487.27355089],[-13588234.5700419,4432487.2783943],[-13588234.5507521,4432487.28348871],[-13588234.5315934,4432487.28895753],[-13588234.512441,4432487.29480285],[-13588234.4934178,4432487.30089708],[-13588234.4746507,4432487.30736361],[-13588234.45589,4432487.31420664],[-13588234.4371334,4432487.32130068],[-13588234.418633,4432487.32876702],[-13588234.4002617,4432487.33648226],[-13588234.3820217,4432487.34457191],[-13588234.3639129,4432487.35303596],[-13588234.3459333,4432487.36174892],[-13588234.3282078,4432487.37070868],[-13588234.3104906,4432487.38017044],[-13588234.2930254,4432487.38975351],[-13588234.2758165,4432487.39970888],[-13588234.2586138,4432487.41004076],[-13588234.2416652,4432487.42061943],[-13588234.2249708,4432487.43144492],[-13588234.2084054,4432487.4425193],[-13588234.1919713,4432487.45396809],[-13588234.1757934,4432487.46578919],[-13588234.1598675,4432487.47773159],[-13588234.1440729,4432487.49004839],[-13588234.1285324,4432487.50261199],[-13588234.1132459,4432487.51542241],[-13588234.0980886,4432487.52848172],[-13588234.0833125,4432487.54191124],[-13588234.0686634,4432487.55546416],[-13588234.0542705,4432487.56938938],[-13588234.0401297,4432487.58343592],[-13588234.026245,4432487.59785475],[-13588234.0126145,4432487.61252039],[-13588233.9992359,4432487.62730733],[-13588233.9859865,4432487.64234318],[-13588233.9732433,4432487.65774712],[-13588233.960627,4432487.67327448],[-13588233.9482628,4432487.68892313],[-13588233.9361548,4432487.7049441],[-13588233.9244238,4432487.72108425],[-13588233.9129469,4432487.73747123],[-13588233.9017241,4432487.754105],[-13588233.8908782,4432487.77085798],[-13588233.8801594,4432487.78773436],[-13588233.8698197,4432487.80485544],[-13588233.8598591,4432487.82222122],[-13588233.8501505,4432487.83970832],[-13588233.8406939,4432487.85731671],[-13588233.8316163,4432487.87516981],[-13588233.8227908,4432487.89314421],[-13588233.8143444,4432487.91136331],[-13588233.8061478,4432487.92957823],[-13588233.7983304,4432487.94803784],[-13588233.7907629,4432487.96649325],[-13588233.7835744,4432487.98519337],[-13588233.776638,4432488.0040148],[-13588233.7702035,4432488.02295332],[-13588233.763896,4432488.04201525],[-13588233.7580884,4432488.06106878],[-13588233.752535,4432488.08036912],[-13588233.7472314,4432488.09966526],[-13588233.7424298,4432488.1190785],[-13588233.7378802,4432488.13861305],[-13588233.7335805,4432488.15814339],[-13588233.7297828,4432488.17779084],[-13588233.7262371,4432488.1975596],[-13588233.7230663,4432488.21732206],[-13588233.7202724,4432488.23720372],[-13588233.7177285,4432488.25708118],[-13588233.7155595,4432488.27695235],[-13588233.7137675,4432488.29694271],[-13588233.7123503,4432488.31692679],[-13588233.7111831,4432488.33690666],[-13588233.7105157,4432488.35687814],[-13588233.7101004,4432488.37697092],[-13588233.7100344,4432488.38801922],[-13588233.697891,4432494.24110214],[-13588143.4178057,4432494.0513365],[-13588143.4294564,4432488.41343203],[-13588143.4148763,4432488.22838532],[-13588143.370878,4432488.04822631],[-13588143.2984114,4432487.87745833],[-13588143.1995532,4432487.72069137],[-13588143.0768696,4432487.5818995],[-13588142.9334244,4432487.46492289],[-13588142.7731396,4432487.37258305],[-13588142.6000577,4432487.30744836],[-13588142.4188319,4432487.27119819],[-13588142.2342251,4432487.26463133],[-13588142.0508696,4432487.28817215],[-13588141.1213183,4432487.5696644],[-13588140.2525777,4432488.00504734],[-13588139.4699399,4432488.58184489],[-13588138.7956286,4432489.2834898],[-13588138.2494287,4432490.08956413],[-13588137.8470804,4432490.97695608],[-13588137.6000311,4432491.91998963],[-13588137.5155752,4432492.89130096],[-13588137.5005727,4432500.16035817],[-13588137.5809959,4432501.13204053],[-13588137.8240828,4432502.07613582],[-13588138.2228758,4432502.96514282],[-13588138.7657021,4432503.77364805],[-13588139.4369192,4432504.47806216],[-13588140.2173171,4432505.05824518],[-13588141.0842412,4432505.49737895],[-13588142.0126043,4432505.78270327],[-13588142.1958814,4432505.80699311],[-13588142.3805336,4432505.80125666],[-13588142.5619395,4432505.76569702],[-13588142.7352379,4432505.70114905],[-13588142.8959615,4432505.60957079],[-13588143.03977,4432505.49304369],[-13588143.1630917,4432505.35476614],[-13588143.2626132,4432505.19843432],[-13588143.33565,4432505.02798494],[-13588143.3805257,4432504.84783993],[-13588143.3958223,4432504.662919],[-13588143.4074919,4432499.02613838],[-13588233.687845,4432499.21439398]]]},"properties":{"NAME":"CBB South","LOT":"205","F10_MIN":0,"F15_MIN":0,"F20_MIN":1,"F3_HOUR":0,"PERMIT_SPACES":63,"ENFORCEMENT":"Mon-Fri, 8:00am-5:00pm","PERMITS_ACCEPTED":"A, C205, ADA, Reserved, MC","ObjectId":80}},{"type":"Feature","id":81,"geometry":{"type":"Polygon","coordinates":[[[-13588238.6317044,4432600.08719204],[-13588222.1690006,4432610.72284651],[-13588208.0914771,4432619.81761971],[-13588208.1817556,4432620.72763361],[-13588214.6009744,4432620.74121136],[-13588214.5312737,4432653.98209167],[-13588208.3090405,4432653.96884558],[-13588208.2967269,4432659.82767216],[-13588133.4098966,4432659.6689826],[-13588133.4235018,4432653.17930572],[-13588125.2004477,4432653.16193891],[-13588125.2771491,4432616.72726766],[-13588133.1246652,4432616.744034],[-13588134.5273368,4432616.74697366],[-13588134.5408047,4432610.36177283],[-13588204.5629956,4432610.51013293],[-13588216.9196565,4432602.52729008],[-13588225.7021387,4432596.85335525],[-13588229.2587396,4432597.70827966],[-13588238.6317044,4432600.08719204]]]},"properties":{"NAME":"CBB North","LOT":"206","F10_MIN":0,"F15_MIN":0,"F20_MIN":2,"F3_HOUR":0,"PERMIT_SPACES":81,"ENFORCEMENT":"Mon-Fri, 8:00am-5:00pm","PERMITS_ACCEPTED":"A, C206, ADA, Reserved, Parkmobile","ObjectId":81}},{"type":"Feature","id":83,"geometry":{"type":"Polygon","coordinates":[[[-13587398.1857522,4432919.08838345],[-13587397.8133921,4432905.44665439],[-13587397.9738519,4432891.80080609],[-13587398.666598,4432878.17156163],[-13587399.8908489,4432864.5797736],[-13587401.6446963,4432851.04618773],[-13587401.6482418,4432850.8151341],[-13587401.691479,4432850.5880619],[-13587401.7728957,4432850.37177561],[-13587401.8900966,4432850.17259228],[-13587402.0395554,4432849.99647126],[-13587402.2171063,4432849.8485038],[-13587402.4174465,4432849.73304694],[-13587402.6343859,4432849.65371928],[-13587408.0344239,4432847.01019961],[-13587408.4701111,4432846.70425501],[-13587408.8462464,4432846.32737141],[-13587409.1513969,4432845.89116413],[-13587409.3764045,4432845.40871694],[-13587409.5145101,4432844.89458002],[-13587409.5614708,4432844.36426575],[-13587410.0220754,4432841.54207663],[-13587410.2949752,4432838.67758087],[-13587411.0164423,4432835.89208357],[-13587412.1683819,4432833.25531085],[-13587413.7218875,4432830.83327771],[-13587415.6380907,4432828.68676738],[-13587424.2419418,4432826.24063304],[-13587432.9635439,4432824.25463624],[-13587441.7781151,4432822.73433801],[-13587449.5096842,4432821.50921001],[-13587457.3196229,4432820.97737892],[-13587465.1458758,4432821.14302081],[-13587472.926296,4432822.00478984],[-13587477.4611611,4432823.82384626],[-13587482.2176415,4432824.94094022],[-13587487.0880729,4432825.33125746],[-13587491.9619269,4432824.98572451],[-13587493.2894054,4432824.69662187],[-13587494.5570684,4432824.20765541],[-13587495.7348589,4432823.53050102],[-13587496.7951651,4432822.68106206],[-13587497.7129412,4432821.67921626],[-13587498.4667072,4432820.548799],[-13587499.0384029,4432819.31635033],[-13587499.4147586,4432818.01084095],[-13587499.5606775,4432810.31016215],[-13587499.0751931,4432802.62344026],[-13587497.9617906,4432795.0024648],[-13587509.3383782,4432793.65631529],[-13587510.0778752,4432805.20201938],[-13587510.5072139,4432811.19125174],[-13587510.3501393,4432817.1938124],[-13587509.6083258,4432823.15242703],[-13587509.4061992,4432824.62224231],[-13587509.4431726,4432826.10538259],[-13587509.7184823,4432827.56331982],[-13587510.2247452,4432828.95788773],[-13587510.9488588,4432830.25277325],[-13587511.8717659,4432831.41439925],[-13587518.8561443,4432834.76083638],[-13587525.5307921,4432838.68880719],[-13587526.9863409,4432838.84084003],[-13587528.4460428,4432838.73833303],[-13587529.8659445,4432838.3841557],[-13587531.2028466,4432837.78894852],[-13587532.4162989,4432836.97083842],[-13587533.2919345,4432840.2034137],[-13587530.4484408,4432853.88492433],[-13587528.2268544,4432867.6810857],[-13587526.6318328,4432881.56357409],[-13587525.6665343,4432895.50409062],[-13587525.3887867,4432896.16029494],[-13587525.0068785,4432896.76174844],[-13587524.5312924,4432897.29233202],[-13587523.9747817,4432897.737144],[-13587523.3526551,4432898.08462957],[-13587522.681873,4432898.3248383],[-13587521.8203586,4432898.48349766],[-13587520.9958752,4432898.77963255],[-13587520.2302924,4432899.20534467],[-13587519.543801,4432899.74949973],[-13587518.9545401,4432900.39785927],[-13587518.4780936,4432901.13283794],[-13587518.127023,4432901.93552003],[-13587518.0099417,4432903.5888457],[-13587517.6171366,4432905.19895308],[-13587516.9596033,4432906.72033786],[-13587516.0559997,4432908.10975275],[-13587514.932049,4432909.32784956],[-13587513.6196766,4432910.33994689],[-13587512.1560361,4432911.11755297],[-13587510.582636,4432911.63850576],[-13587506.0065505,4432911.9871032],[-13587501.4173469,4432911.97435952],[-13587496.8432706,4432911.59992778],[-13587485.7778745,4432910.07037308],[-13587474.8011102,4432907.99811677],[-13587468.5470503,4432906.57914722],[-13587462.1778426,4432905.82985278],[-13587455.76512,4432905.75819967],[-13587452.5729489,4432906.0617857],[-13587404.8330173,4432915.72285041],[-13587404.5533418,4432915.83335731],[-13587398.1857522,4432919.08838345]],[[-13587417.7794695,4432908.37754676],[-13587425.4906111,4432904.19690493],[-13587425.8446809,4432904.02715371],[-13587426.1645416,4432903.79959791],[-13587426.4409226,4432903.52054401],[-13587426.6654653,4432903.19854304],[-13587426.8318234,4432902.84286563],[-13587426.9349207,4432902.46401654],[-13587426.9718163,4432902.07309257],[-13587426.9414518,4432901.68166121],[-13587426.8445185,4432901.30126065],[-13587426.6840718,4432900.94276187],[-13587426.4649185,4432900.61713213],[-13587426.1932111,4432900.33355855],[-13587425.8770933,4432900.10069285],[-13587425.5259249,4432899.92515773],[-13587422.1621321,4432898.14787445],[-13587418.5869789,4432896.84678598],[-13587414.8676202,4432896.04625392],[-13587413.9565641,4432896.79075343],[-13587413.1836222,4432897.6776925],[-13587412.570627,4432898.68184909],[-13587412.1349829,4432899.77481108],[-13587411.8891729,4432900.92536118],[-13587411.8401543,4432902.10074246],[-13587411.9892524,4432903.26778994],[-13587412.3324148,4432904.39317742],[-13587412.8593572,4432905.44468723],[-13587413.1451293,4432905.85281397],[-13587413.4306493,4432906.26081938],[-13587414.1305215,4432906.96846851],[-13587414.9396603,4432907.5487497],[-13587415.8347782,4432907.98435097],[-13587416.7905504,4432908.26326711],[-13587417.7794695,4432908.37754676]],[[-13587436.7020454,4432900.28551757],[-13587437.2258105,4432900.29320538],[-13587439.5976424,4432900.10615971],[-13587441.9108388,4432899.54912033],[-13587444.1080014,4432898.63585234],[-13587446.134508,4432897.38923896],[-13587446.7107017,4432896.99293752],[-13587447.2178558,4432896.51141838],[-13587447.6432901,4432895.95644337],[-13587447.9767299,4432895.34161722],[-13587448.2098041,4432894.68227037],[-13587448.3367807,4432893.99456796],[-13587448.3546914,4432893.29550764],[-13587448.3521337,4432892.89997096],[-13587448.2823034,4432892.51070644],[-13587448.1472623,4432892.13897827],[-13587447.9510655,4432891.79564071],[-13587447.699251,4432891.49051886],[-13587447.3993459,4432891.23277687],[-13587447.0598458,4432891.02967959],[-13587446.6908543,4432890.88746063],[-13587446.3030603,4432890.80995856],[-13587445.9077505,4432890.79936991],[-13587445.5163094,4432890.85625757],[-13587445.1403363,4432890.97904659],[-13587444.7906409,4432891.16379002],[-13587441.0974045,4432893.16038452],[-13587440.9991252,4432892.78176447],[-13587440.8394529,4432892.42475974],[-13587440.622553,4432892.09934395],[-13587440.3548215,4432891.81432354],[-13587440.0435149,4432891.57761178],[-13587439.6971184,4432891.39584598],[-13587439.325467,4432891.2741344],[-13587439.0490401,4432891.22615505],[-13587438.7686699,4432891.21176106],[-13587438.4887344,4432891.23113028],[-13587437.7077688,4432891.31725396],[-13587437.3289571,4432891.41962701],[-13587436.9492726,4432891.52214017],[-13587436.2311684,4432891.84109532],[-13587435.9006882,4432892.0538894],[-13587435.5707059,4432892.26654961],[-13587434.9832149,4432892.78820345],[-13587434.4828711,4432893.394019],[-13587434.0814323,4432894.06936248],[-13587433.7883857,4432894.79838263],[-13587433.66051,4432895.27355911],[-13587433.4750675,4432895.87297941],[-13587433.3950063,4432896.49524368],[-13587433.4225218,4432897.12198625],[-13587433.5566856,4432897.73489366],[-13587433.7938217,4432898.31582392],[-13587434.1267699,4432898.84757209],[-13587434.5457704,4432899.31448319],[-13587435.0384723,4432899.70295421],[-13587435.5903108,4432900.00155334],[-13587436.1851339,4432900.20113511],[-13587436.7020454,4432900.28551757]],[[-13587462.4819871,4432889.52364672],[-13587462.100427,4432893.60671773],[-13587460.9394695,4432892.61577987],[-13587459.753052,4432891.90622832],[-13587458.4861007,4432891.3530665],[-13587457.1591436,4432890.96549216],[-13587456.6351991,4432890.99973903],[-13587456.1244582,4432891.12164369],[-13587455.6414882,4432891.32769847],[-13587455.2000669,4432891.61202366],[-13587454.8126828,4432891.96637576],[-13587454.490425,4432892.38102827],[-13587454.2423413,4432892.84377795],[-13587454.0758427,4432893.34169571],[-13587453.9951927,4432893.86052413],[-13587454.0030223,4432894.38553093],[-13587454.0989588,4432894.90178298],[-13587454.2803823,4432895.39451024],[-13587454.5420611,4432895.84973961],[-13587454.8765306,4432896.25453965],[-13587455.2742225,4432896.59726952],[-13587466.1943516,4432897.07172675],[-13587466.6202845,4432897.12737385],[-13587467.049655,4432897.1114051],[-13587467.4702247,4432897.02452732],[-13587467.8706524,4432896.86881331],[-13587468.2395141,4432896.64884808],[-13587468.5667829,4432896.37057419],[-13587468.8433382,4432896.0418022],[-13587469.0614567,4432895.67170023],[-13587469.2149338,4432895.27054088],[-13587462.4819871,4432889.52364672]],[[-13587475.9453662,4432896.85491311],[-13587476.0427665,4432897.17291141],[-13587476.1910791,4432897.4704738],[-13587476.3865448,4432897.73950301],[-13587478.1542153,4432898.72719696],[-13587480.0426339,4432899.45827397],[-13587482.0144392,4432899.91854499],[-13587484.0313533,4432900.09885795],[-13587486.0536905,4432899.99560821],[-13587486.9325592,4432899.17229852],[-13587487.6943609,4432898.23959205],[-13587488.3254945,4432897.21403668],[-13587488.8150086,4432896.11364244],[-13587489.8444609,4432888.83526195],[-13587490.1750699,4432881.49199568],[-13587491.5405608,4432867.10754989],[-13587493.6470538,4432852.81304436],[-13587496.489047,4432838.64623236],[-13587496.3911228,4432838.05544576],[-13587496.2010743,4432837.48741646],[-13587495.9236417,4432836.95662784],[-13587495.5656691,4432836.47627269],[-13587495.1363622,4432836.05875101],[-13587494.6465119,4432835.71405105],[-13587494.1082712,4432835.45138504],[-13587493.5352447,4432835.27705349],[-13587492.9420037,4432835.19533211],[-13587486.1002667,4432833.75633495],[-13587485.7294618,4432833.67804848],[-13587485.3507311,4432833.66454779],[-13587484.9753321,4432833.71627227],[-13587484.614366,4432833.83178084],[-13587484.0256086,4432834.31441284],[-13587483.5271433,4432834.88994088],[-13587483.1335664,4432835.54154953],[-13587482.8561941,4432836.25059513],[-13587482.7031827,4432836.99635269],[-13587482.6788003,4432837.75728344],[-13587482.7839303,4432838.51127752],[-13587483.0153363,4432839.23654504],[-13587483.3664203,4432839.9121056],[-13587483.826981,4432840.51829441],[-13587489.5555282,4432837.45432895],[-13587486.2080664,4432862.23010612],[-13587484.9793089,4432873.22918629],[-13587483.5497797,4432891.20769064],[-13587477.3256595,4432894.50354486],[-13587477.0165613,4432894.62622092],[-13587476.7319042,4432894.79807687],[-13587476.4794883,4432895.01458831],[-13587476.266214,4432895.26973942],[-13587476.0978384,4432895.55640362],[-13587475.9792352,4432895.86696695],[-13587475.9131373,4432896.19284692],[-13587475.9019003,4432896.5253418],[-13587475.9453662,4432896.85491311]],[[-13587475.8853618,4432840.83667033],[-13587476.0006146,4432840.41455932],[-13587476.0456441,4432839.97906014],[-13587477.234059,4432835.05758952],[-13587477.3110009,4432834.63185111],[-13587477.3154512,4432834.19916505],[-13587477.2469912,4432833.77196681],[-13587477.1076973,4432833.36239907],[-13587476.9016349,4432832.98194353],[-13587476.6346129,4432832.64167609],[-13587476.3141624,4432832.35101187],[-13587475.9492998,4432832.11846231],[-13587475.5506305,4432831.95037812],[-13587471.6028215,4432831.40075559],[-13587467.6196374,4432831.25068994],[-13587463.6416046,4432831.50176305],[-13587463.2516895,4432831.77116512],[-13587462.913056,4432832.10273073],[-13587462.6354184,4432832.48675638],[-13587462.4268435,4432832.91218518],[-13587462.2931299,4432833.36686831],[-13587462.2384332,4432833.83755454],[-13587462.2641571,4432834.31091314],[-13587462.3694439,4432834.77289795],[-13587462.5515758,4432835.21037269],[-13587462.8050938,4432835.6107491],[-13587463.1226814,4432835.96247426],[-13587463.4952952,4432836.25540513],[-13587465.5420915,4432837.43201029],[-13587467.5898985,4432838.60922598],[-13587471.2621921,4432841.57797494],[-13587471.560017,4432841.89877104],[-13587471.9059676,4432842.16678856],[-13587472.2910505,4432842.37489657],[-13587472.7050478,4432842.51749109],[-13587473.1365206,4432842.59074614],[-13587473.5741886,4432842.59284173],[-13587474.0064215,4432842.52347022],[-13587474.4216305,4432842.38483408],[-13587474.8086206,4432842.18025905],[-13587475.157111,4432841.91544086],[-13587475.4578416,4432841.59731359],[-13587475.7028309,4432841.23454745],[-13587475.8853618,4432840.83667033]],[[-13587420.668278,4432834.58967647],[-13587420.4722195,4432834.64668575],[-13587420.2883114,4432834.73537907],[-13587420.1215108,4432834.85316278],[-13587419.9763916,4432834.99694742],[-13587419.8571362,4432835.16264579],[-13587419.7667937,4432835.34568746],[-13587419.7079095,4432835.54125934],[-13587419.6821416,4432835.74380994],[-13587419.6649661,4432836.12536282],[-13587419.7077583,4432836.50490873],[-13587419.8093627,4432836.8730515],[-13587419.9673778,4432837.22066684],[-13587420.1779152,4432837.53940854],[-13587420.4355912,4432837.82120652],[-13587420.7342927,4432838.05925825],[-13587421.0665448,4432838.24753723],[-13587422.9903717,4432839.0267378],[-13587425.0103877,4432839.50805471],[-13587427.079278,4432839.68010157],[-13587429.1509795,4432839.5391291],[-13587431.1771668,4432839.08820505],[-13587433.1128867,4432838.33774776],[-13587433.3159259,4432837.97041152],[-13587433.4528514,4432837.57367448],[-13587433.5198599,4432837.15940105],[-13587433.5146519,4432836.73968153],[-13587433.4378101,4432836.32706021],[-13587433.2911654,4432835.93393496],[-13587433.0794036,4432835.57152603],[-13587432.8085836,4432835.25090519],[-13587432.4868592,4432834.98135162],[-13587432.1236175,4432834.77111953],[-13587426.4014453,4432834.32961106],[-13587420.668278,4432834.58967647]],[[-13587441.8686169,4432838.42484468],[-13587442.3456991,4432838.45189273],[-13587442.8203519,4432838.40026762],[-13587443.2805973,4432838.27129953],[-13587448.5273235,4432836.94460588],[-13587453.7149691,4432835.40208972],[-13587454.0322883,4432835.30036829],[-13587454.3279973,4432835.14678352],[-13587454.5935398,4432834.94549576],[-13587454.8213886,4432834.70240575],[-13587455.0051576,4432834.42439947],[-13587455.1393524,4432834.1193523],[-13587455.2202447,4432833.79611441],[-13587455.2456119,4432833.46388739],[-13587455.2146104,4432833.13210089],[-13587455.1281481,4432832.81028077],[-13587454.9887514,4432832.50754922],[-13587454.800317,4432832.23275441],[-13587454.5683475,4432831.99358783],[-13587454.2994558,4432831.79684358],[-13587454.0011126,4432831.64829711],[-13587451.580339,4432830.99353782],[-13587449.0828643,4432830.76400982],[-13587446.5833063,4432830.96675092],[-13587444.1554394,4432831.59563139],[-13587441.8718279,4432832.63186232],[-13587439.7999673,4432834.04493889],[-13587439.5852826,4432834.47134822],[-13587439.4435909,4432834.92741991],[-13587439.3786832,4432835.40053654],[-13587439.3923467,4432835.87786312],[-13587439.484365,4432836.3463471],[-13587439.6520308,4432836.79347971],[-13587439.8908891,4432837.20690696],[-13587440.1943793,4432837.57543992],[-13587440.5543391,4432837.88929738],[-13587440.9609963,4432838.13960384],[-13587441.4032412,4432838.31976589],[-13587441.8686169,4432838.42484468]],[[-13587499.2675432,4432899.20600871],[-13587499.5616808,4432900.00530427],[-13587499.9842053,4432900.74482898],[-13587500.5235242,4432901.4039369],[-13587502.6576372,4432902.09348894],[-13587504.8716172,4432902.45077839],[-13587507.1142039,4432902.46774922],[-13587509.3333854,4432902.143765],[-13587509.6579094,4432901.94876928],[-13587509.9441831,4432901.70105848],[-13587510.1838275,4432901.40792862],[-13587510.3697379,4432901.07816086],[-13587510.4963219,4432900.72126437],[-13587510.5598845,4432900.34809747],[-13587510.5587302,4432899.96948507],[-13587510.4925464,4432899.59673108],[-13587506.9938495,4432896.49225286],[-13587503.1190554,4432893.8722511],[-13587504.1283884,4432877.82154126],[-13587505.9074679,4432861.83769766],[-13587508.4521556,4432845.95782318],[-13587510.4307068,4432844.07438592],[-13587514.77706,4432846.73607212],[-13587515.0119421,4432846.83420715],[-13587515.260015,4432846.8910698],[-13587515.5142534,4432846.90514557],[-13587515.7671509,4432846.87605787],[-13587516.0113447,4432846.80455757],[-13587516.2399929,4432846.69264225],[-13587516.4464014,4432846.54368794],[-13587516.6246425,4432846.36206218],[-13587516.7695487,4432846.15274749],[-13587516.876846,4432845.92184133],[-13587516.9436498,4432845.67629666],[-13587516.967823,4432845.42292841],[-13587516.9487365,4432845.16902847],[-13587516.7735547,4432843.81675093],[-13587516.4163489,4432842.50091236],[-13587515.8840213,4432841.24575211],[-13587515.1860796,4432840.07433602],[-13587514.4326494,4432839.45384029],[-13587513.5886289,4432838.96366436],[-13587512.6763581,4432838.61674171],[-13587511.7198599,4432838.42196044],[-13587510.7444755,4432838.384797],[-13587509.7759689,4432838.50607579],[-13587508.8400378,4432838.78260506],[-13587507.9610612,4432839.20707229],[-13587507.162479,4432839.76828894],[-13587506.4654191,4432840.45133896],[-13587505.8880875,4432841.23846773],[-13587503.3352833,4432852.31780236],[-13587501.3747244,4432863.51705007],[-13587500.0118931,4432874.80486026],[-13587499.2507571,4432886.14902867],[-13587499.1721398,4432891.83282629],[-13587499.1173728,4432895.7890353],[-13587499.093537,4432897.51750553],[-13587499.1101589,4432898.36902311],[-13587499.2675432,4432899.20600871]]]},"properties":{"NAME":"Westside Research Park","LOT":"301","F10_MIN":0,"F15_MIN":0,"F20_MIN":3,"F3_HOUR":0,"PERMIT_SPACES":122,"ENFORCEMENT":"Mon-Fri, 8:00am-5:00pm","PERMITS_ACCEPTED":"A, C 301, MC, N, ADA, Reserved, Parkmobile","ObjectId":83}},{"type":"Feature","id":84,"geometry":{"type":"Polygon","coordinates":[[[-13587420.9521665,4433266.21133165],[-13587419.2172546,4433263.9077064],[-13587417.8987906,4433261.3430149],[-13587417.0347604,4433258.59169847],[-13587416.3087684,4433256.32481365],[-13587415.2373518,4433254.1994189],[-13587413.8465021,4433252.26768289],[-13587412.170763,4433250.57736275],[-13587410.2513204,4433249.16970173],[-13587408.1353798,4433248.0795652],[-13587405.8748917,4433247.33395541],[-13587403.5256558,4433246.95077111],[-13587401.145463,4433246.93984293],[-13587380.3176031,4433249.21538858],[-13587378.5346911,4433235.31019154],[-13587385.0340719,4433235.1527108],[-13587391.500098,4433234.47615293],[-13587397.8913359,4433233.28472599],[-13587401.2502555,4433231.51877582],[-13587404.2992275,4433229.25934219],[-13587406.966,4433226.55935812],[-13587409.1877567,4433223.48289797],[-13587410.9120723,4433220.10252492],[-13587412.0982632,4433216.49776182],[-13587412.7183678,4433212.75394481],[-13587412.7577215,4433208.95920059],[-13587409.8619245,4433198.53581346],[-13587407.5075388,4433187.97683556],[-13587405.7009066,4433177.31053463],[-13587404.1662512,4433154.71074824],[-13587403.3495186,4433132.07377356],[-13587403.2604576,4433111.59445051],[-13587404.9242069,4433111.41648563],[-13587404.9842285,4433111.41008381],[-13587404.7633258,4433109.32749505],[-13587414.803103,4433108.69902383],[-13587414.7551575,4433116.27386637],[-13587414.7728032,4433116.28261049],[-13587414.7119523,4433123.09399217],[-13587414.6771685,4433128.57455557],[-13587415.099939,4433148.44584705],[-13587416.071295,4433168.29796045],[-13587416.4152282,4433170.11787389],[-13587417.0693594,4433171.85074647],[-13587418.0136942,4433173.4441838],[-13587419.2199296,4433174.84982224],[-13587420.6513581,4433176.02508811],[-13587422.2647672,4433176.93467257],[-13587424.0114475,4433177.55101685],[-13587425.8384592,4433177.85529556],[-13587427.6906502,4433177.83851278],[-13587506.4120391,4433169.32174307],[-13587507.494982,4433169.3527153],[-13587508.5696862,4433169.4899101],[-13587508.2562813,4433166.51184585],[-13587516.2095511,4433165.66759104],[-13587517.3884236,4433177.93388126],[-13587517.54111,4433178.60035268],[-13587517.6808075,4433179.96092504],[-13587524.6388102,4433247.03004509],[-13587524.6731198,4433249.41508029],[-13587524.3267445,4433251.77522404],[-13587523.6089304,4433254.04993435],[-13587522.5377155,4433256.18115849],[-13587521.1405733,4433258.11445219],[-13587519.453315,4433259.80063005],[-13587517.5188462,4433261.19616311],[-13587515.3867086,4433262.26569736],[-13587513.1114511,4433262.98183],[-13587512.1298528,4433263.00954987],[-13587511.1673924,4433263.20379926],[-13587510.2519784,4433263.55896395],[-13587509.4104447,4433264.06492809],[-13587508.6671672,4433264.70659516],[-13587508.0439644,4433265.46539612],[-13587506.6771896,4433268.33299251],[-13587505.5532704,4433271.30411944],[-13587431.3093655,4433279.20900229],[-13587433.7747034,4433271.838184],[-13587430.8984517,4433271.62978818],[-13587428.0992858,4433270.93612508],[-13587425.4585441,4433269.77730313],[-13587423.0529138,4433268.186942],[-13587420.9521665,4433266.21133165]],[[-13587434.6084513,4433257.47792571],[-13587437.1754711,4433256.81405516],[-13587436.6668397,4433255.28475653],[-13587435.9493882,4433253.84243739],[-13587435.037338,4433252.51548418],[-13587433.9486327,4433251.33058898],[-13587432.7049089,4433250.31099239],[-13587432.1575842,4433250.38379555],[-13587431.1890808,4433250.83186512],[-13587430.3137582,4433251.44133422],[-13587429.5566945,4433252.19420724],[-13587428.9410121,4433253.06762504],[-13587428.485522,4433254.03503419],[-13587428.2041133,4433255.06707601],[-13587428.0702395,4433256.07053766],[-13587428.0935185,4433257.08267082],[-13587428.2731677,4433258.07888168],[-13587428.6050364,4433259.0350094],[-13587429.0808582,4433259.92746413],[-13587429.6890276,4433260.73484609],[-13587430.4149669,4433261.43743727],[-13587431.389939,4433262.28438454],[-13587432.4861668,4433262.9653421],[-13587433.6761149,4433263.46319393],[-13587434.9295713,4433263.76526292],[-13587436.2149097,4433263.86404294],[-13587436.4411063,4433263.86000956],[-13587436.6634272,4433263.81825183],[-13587436.8756384,4433263.73975281],[-13587437.0719016,4433263.62674441],[-13587437.2466429,4433263.48233292],[-13587437.3948072,4433263.31074585],[-13587437.5124744,4433263.1168195],[-13587437.5962305,4433262.90575829],[-13587437.6438009,4433262.68362645],[-13587437.6536651,4433262.45672667],[-13587437.6258,4433262.23121105],[-13587437.5606887,4433262.01359986],[-13587437.4604328,4433261.8100097],[-13587434.6084513,4433257.47792571]],[[-13587507.445647,4433242.32386062],[-13587507.1911732,4433242.3941542],[-13587506.9517623,4433242.50587678],[-13587506.7341109,4433242.6557777],[-13587506.544028,4433242.8398679],[-13587506.3868083,4433243.05328809],[-13587506.2672135,4433243.28917919],[-13587506.1880284,4433243.54209619],[-13587506.1516295,4433243.80459216],[-13587506.1590252,4433244.06961972],[-13587509.0263661,4433249.30358962],[-13587506.0637439,4433249.95476125],[-13587508.9601496,4433254.89095678],[-13587509.3115126,4433255.26585781],[-13587509.7172559,4433255.58059176],[-13587510.1672486,4433255.82729326],[-13587510.650141,4433256.00000039],[-13587511.1542338,4433256.09426371],[-13587511.6666131,4433256.10778833],[-13587512.1748961,4433256.04015367],[-13587512.6662377,4433255.89320671],[-13587513.1284448,4433255.67041558],[-13587513.5499865,4433255.37749721],[-13587514.0653713,4433254.95419953],[-13587514.5068459,4433254.4536725],[-13587514.8631231,4433253.88878503],[-13587515.1250694,4433253.27412763],[-13587515.2859423,4433252.62525517],[-13587515.3417696,4433251.95893163],[-13587515.29096,4433251.29225778],[-13587515.1349212,4433250.64228421],[-13587512.2502173,4433246.35898241],[-13587511.2013507,4433245.2551593],[-13587508.6954726,4433242.61807148],[-13587508.4722399,4433242.47667564],[-13587508.228778,4433242.37428609],[-13587507.9717582,4433242.31367876],[-13587507.7083373,4433242.29674264],[-13587507.445647,4433242.32386062]],[[-13587421.8042078,4433244.64335535],[-13587424.9510475,4433237.63993795],[-13587421.5540552,4433237.35788971],[-13587424.1313243,4433231.89815964],[-13587424.0866162,4433231.62936216],[-13587423.9977176,4433231.37184933],[-13587423.8672488,4433231.13285896],[-13587423.6988212,4433230.91911005],[-13587423.497163,4433230.73680083],[-13587423.2681039,4433230.59073005],[-13587423.0178425,4433230.48531369],[-13587422.7535522,4433230.4234449],[-13587422.4826355,4433230.40675752],[-13587422.212851,4433230.43574956],[-13587421.982128,4433230.49848779],[-13587420.8910788,4433230.91395414],[-13587420.4011422,4433231.10041957],[-13587418.9452487,4433231.96390402],[-13587417.6570342,4433233.06387354],[-13587416.5739722,4433234.368441],[-13587416.4532727,4433234.54534317],[-13587416.3368804,4433234.72568859],[-13587415.7640628,4433235.85475036],[-13587415.3945007,4433237.06641227],[-13587415.239711,4433238.32394821],[-13587415.3041915,4433239.58949397],[-13587415.5859309,4433240.82466637],[-13587416.076559,4433241.99206736],[-13587416.7611171,4433243.05654326],[-13587417.618944,4433243.98579776],[-13587418.2330385,4433244.39660865],[-13587418.9082759,4433244.69516428],[-13587419.6246315,4433244.87250909],[-13587420.3607664,4433244.92335033],[-13587421.0945291,4433244.84617517],[-13587421.8042078,4433244.64335535]],[[-13587507.894494,4433235.31093857],[-13587508.3014017,4433235.3416697],[-13587508.7075144,4433235.30185781],[-13587509.6841017,4433235.18320199],[-13587510.6299014,4433234.91164511],[-13587511.5214021,4433234.49410884],[-13587512.3364001,4433233.94100826],[-13587513.0546206,4433233.26599033],[-13587513.6582195,4433232.4860511],[-13587514.1321374,4433231.62027427],[-13587514.4646122,4433230.69057594],[-13587514.6472726,4433229.7198198],[-13587514.1848967,4433227.88982811],[-13587513.4725048,4433226.14261028],[-13587512.5240395,4433224.51233225],[-13587511.3582859,4433223.03119581],[-13587510.6783226,4433222.37994481],[-13587509.9979741,4433221.72807252],[-13587509.7167016,4433221.48645877],[-13587509.3986555,4433221.29630583],[-13587509.0531774,4433221.16310696],[-13587508.6902048,4433221.09058778],[-13587508.3201497,4433221.08095951],[-13587507.9538911,4433221.13441676],[-13587507.6020328,4433221.24965226],[-13587507.2746392,4433221.42298239],[-13587506.9812564,4433221.64960231],[-13587506.7303989,4433221.92284128],[-13587506.5290697,4433222.23530055],[-13587506.3838485,4433222.57670091],[-13587503.8796916,4433227.84427053],[-13587507.7482358,4433227.80378779],[-13587505.9253697,4433232.62683356],[-13587505.9034036,4433233.03597545],[-13587505.9516554,4433233.4429384],[-13587506.0685484,4433233.8355709],[-13587506.2507648,4433234.20225278],[-13587506.4927495,4433234.53215455],[-13587506.7874647,4433234.81547584],[-13587507.1262729,4433235.04394966],[-13587507.4989346,4433235.21071675],[-13587507.894494,4433235.31093857]],[[-13587434.7306683,4433222.79682435],[-13587434.9961913,4433222.26195756],[-13587435.166834,4433221.68938176],[-13587435.2374992,4433221.09587967],[-13587435.2061039,4433220.49906238],[-13587435.0736871,4433219.91636327],[-13587434.8440331,4433219.36491868],[-13587434.523913,4433218.86106174],[-13587431.8036916,4433215.15426429],[-13587434.8661158,4433213.75219611],[-13587429.7446769,4433208.93907667],[-13587428.8759924,4433209.15698398],[-13587428.0437997,4433209.48739681],[-13587427.2620084,4433209.92480974],[-13587426.5929386,4433210.42047379],[-13587425.9890466,4433210.99451782],[-13587425.5626034,4433211.51211283],[-13587425.1367747,4433212.02906985],[-13587424.4629625,4433213.18881918],[-13587423.9857296,4433214.44320669],[-13587423.7175197,4433215.75862944],[-13587423.665634,4433217.1004406],[-13587423.8313541,4433218.43283849],[-13587424.2103443,4433219.72049196],[-13587424.3129668,4433219.97639404],[-13587424.673321,4433220.72049911],[-13587425.2149992,4433221.71730728],[-13587425.9170458,4433222.60760851],[-13587426.7591554,4433223.36550342],[-13587427.7169651,4433223.96917785],[-13587428.7626834,4433224.40114352],[-13587429.8662256,4433224.64884674],[-13587430.5635077,4433224.79173343],[-13587431.2746014,4433224.81763242],[-13587431.9803712,4433224.72598483],[-13587432.6614839,4433224.51937376],[-13587433.2996518,4433224.2031268],[-13587433.8478117,4433223.81130029],[-13587434.3286275,4433223.33861904],[-13587434.7306683,4433222.79682435]],[[-13587506.4732967,4433217.56094433],[-13587507.15417,4433217.55859386],[-13587507.8262526,4433217.44829632],[-13587508.4724629,4433217.23272283],[-13587509.0766418,4433216.91741659],[-13587509.6236698,4433216.51028876],[-13587510.0997143,4433216.02148881],[-13587510.4929759,4433215.46314089],[-13587510.793567,4433214.84959699],[-13587511.3648995,4433212.77244296],[-13587511.6134149,4433210.6320166],[-13587511.5330727,4433208.47863692],[-13587511.1259616,4433206.36286346],[-13587510.4014085,4433204.33450691],[-13587509.3765799,4433202.44123804],[-13587508.0757161,4433200.72759614],[-13587506.5291119,4433199.23387626],[-13587505.638195,4433199.06083928],[-13587504.7309531,4433199.04161633],[-13587503.833522,4433199.17677456],[-13587503.403365,4433199.31943272],[-13587502.9719646,4433199.4624883],[-13587502.1707691,4433199.89043864],[-13587501.4528638,4433200.44869196],[-13587500.840092,4433201.12018549],[-13587500.3489002,4433201.88656574],[-13587499.9939145,4433202.72524115],[-13587499.785362,4433203.6121872],[-13587499.7291917,4433204.52169329],[-13587499.8269724,4433205.42774544],[-13587500.0760196,4433206.30414973],[-13587500.4691623,4433207.12554052],[-13587500.9948824,4433207.86825697],[-13587498.7919514,4433209.47755349],[-13587500.4989673,4433212.39001007],[-13587502.6367434,4433215.00010584],[-13587505.1529713,4433217.2441853],[-13587505.8006331,4433217.45531444],[-13587506.4732967,4433217.56094433]],[[-13587430.5108947,4433200.52682729],[-13587430.6819488,4433200.12235005],[-13587430.7877616,4433199.69598905],[-13587432.8501716,4433194.63181304],[-13587429.4315382,4433194.31033301],[-13587431.6903697,4433188.90905285],[-13587431.7022526,4433188.66065281],[-13587431.6745277,4433188.41341722],[-13587431.6080532,4433188.17386006],[-13587431.5043034,4433187.94798279],[-13587431.3660007,4433187.74164048],[-13587431.1967317,4433187.56004603],[-13587431.0009494,4433187.40789567],[-13587430.7833422,4433187.28900287],[-13587430.5497131,4433187.20653476],[-13587430.3059689,4433187.16240128],[-13587429.028363,4433186.95640271],[-13587427.73443,4433186.96447914],[-13587427.0974843,4433187.07531358],[-13587426.4594159,4433187.1862923],[-13587425.2378527,4433187.6161175],[-13587424.1040368,4433188.2415802],[-13587423.0879472,4433189.04623504],[-13587422.2175926,4433190.00789462],[-13587421.5167909,4433191.10042416],[-13587421.0045448,4433192.29375199],[-13587420.6949454,4433193.55562871],[-13587420.5964186,4433194.85138875],[-13587420.6722687,4433195.95064376],[-13587420.915967,4433197.02512221],[-13587421.3517241,4433198.11007393],[-13587421.9583112,4433199.10880791],[-13587422.7194074,4433199.99447933],[-13587423.6143658,4433200.74320326],[-13587424.6193524,4433201.33491438],[-13587425.7069759,4433201.75362426],[-13587426.8482948,4433201.98789005],[-13587428.0123329,4433202.03170132],[-13587428.4488584,4433202.00167883],[-13587428.8752499,4433201.90327842],[-13587429.2810493,4433201.7390603],[-13587429.6563233,4433201.51308246],[-13587429.9916613,4433201.23077512],[-13587430.2789319,4433200.89930476],[-13587430.5108947,4433200.52682729]],[[-13587501.215041,4433181.40518768],[-13587499.0095022,4433186.75386402],[-13587502.6817469,4433186.67423263],[-13587499.4106281,4433194.58426799],[-13587499.6195878,4433194.92037058],[-13587499.8772057,4433195.22063232],[-13587500.1772396,4433195.4780016],[-13587500.5128389,4433195.68644131],[-13587500.8760493,4433195.84118825],[-13587501.2585581,4433195.93848962],[-13587501.6514547,4433195.97623465],[-13587502.0453476,4433195.95345052],[-13587503.0964976,4433195.86870091],[-13587504.1243751,4433195.63192943],[-13587505.1073163,4433195.24839472],[-13587506.0247008,4433194.72597442],[-13587507.1392276,4433193.85726863],[-13587508.0998177,4433192.81951855],[-13587508.8814223,4433191.64000979],[-13587509.4636727,4433190.34933941],[-13587509.8312555,4433188.98140957],[-13587509.9746372,4433187.57190886],[-13587509.8901766,4433186.15755721],[-13587509.5798646,4433184.77548245],[-13587509.05192,4433183.46145276],[-13587508.3201684,4433182.25013814],[-13587507.4037575,4433181.17298092],[-13587506.3264045,4433180.25808285],[-13587505.8663228,4433179.89278684],[-13587505.4249027,4433179.62008146],[-13587504.9426827,4433179.4274026],[-13587504.4350196,4433179.32114719],[-13587503.9167101,4433179.30408079],[-13587503.4027653,4433179.3768311],[-13587502.9097752,4433179.53723743],[-13587502.4511619,4433179.7805557],[-13587502.0411805,4433180.09951696],[-13587501.6917971,4433180.48450525],[-13587501.413697,4433180.92404282],[-13587501.215041,4433181.40518768]]]},"properties":{"NAME":"WRP Special Events","LOT":"302","F10_MIN":0,"F15_MIN":0,"F20_MIN":0,"F3_HOUR":0,"PERMIT_SPACES":131,"ENFORCEMENT":"Daily, 24 hours","PERMITS_ACCEPTED":"A, C, N, ADA, Parkmobile","ObjectId":84}}]}